# DeepSeek-V4.1-Flash RT real-text A/B: 1 s nvidia-smi power samples of both GPUs, restricted to the measured
# runs' wall windows (bench client start/end epoch, recorded in timings.tsv; warm-ups and gaps excluded).
# Columns: timestamp, index, name, power.draw, memory.used, util. The mean rows in results.jsonl list every sample.
# Excerpt: lines selected verbatim from the raw files named below; hostnames, IPs, user names and GPU UUIDs
# replaced with <placeholders>. Nothing else edited. Times are Pacific (PT) unless the line says otherwise.

--- arm A long C1: long/power-<host>-long.csv, windows decode-c1-r1 11:16:48.662-11:17:18.024; decode-c1-r2 11:17:28.320-11:17:58.199; decode-c1-r3 11:18:08.288-11:18:37.270
2026/10/09 11:16:49.198, 0, NVIDIA RTX PRO 6000 Blackwell Max-Q Workstation Edition, 77.41 W, 73361 MiB, 0 %
2026/10/09 11:16:49.198, 1, NVIDIA GB300, 209.57 W, 244536 MiB, 0 %
2026/10/09 11:16:50.198, 0, NVIDIA RTX PRO 6000 Blackwell Max-Q Workstation Edition, 77.36 W, 73361 MiB, 0 %
2026/10/09 11:16:50.198, 1, NVIDIA GB300, 209.55 W, 244536 MiB, 0 %
2026/10/09 11:16:51.198, 0, NVIDIA RTX PRO 6000 Blackwell Max-Q Workstation Edition, 77.16 W, 73361 MiB, 0 %
2026/10/09 11:16:51.198, 1, NVIDIA GB300, 209.55 W, 244536 MiB, 0 %
2026/10/09 11:16:52.198, 0, NVIDIA RTX PRO 6000 Blackwell Max-Q Workstation Edition, 77.38 W, 73361 MiB, 0 %
2026/10/09 11:16:52.198, 1, NVIDIA GB300, 209.55 W, 244536 MiB, 0 %
2026/10/09 11:16:53.198, 0, NVIDIA RTX PRO 6000 Blackwell Max-Q Workstation Edition, 77.67 W, 73361 MiB, 0 %
2026/10/09 11:16:53.198, 1, NVIDIA GB300, 209.55 W, 244536 MiB, 0 %
2026/10/09 11:16:54.198, 0, NVIDIA RTX PRO 6000 Blackwell Max-Q Workstation Edition, 77.65 W, 73361 MiB, 0 %
2026/10/09 11:16:54.199, 1, NVIDIA GB300, 209.55 W, 244536 MiB, 0 %
2026/10/09 11:16:55.199, 0, NVIDIA RTX PRO 6000 Blackwell Max-Q Workstation Edition, 78.02 W, 73361 MiB, 0 %
2026/10/09 11:16:55.199, 1, NVIDIA GB300, 209.54 W, 244536 MiB, 0 %
2026/10/09 11:16:56.199, 0, NVIDIA RTX PRO 6000 Blackwell Max-Q Workstation Edition, 77.57 W, 73361 MiB, 0 %
2026/10/09 11:16:56.199, 1, NVIDIA GB300, 209.55 W, 244536 MiB, 0 %
2026/10/09 11:16:57.199, 0, NVIDIA RTX PRO 6000 Blackwell Max-Q Workstation Edition, 77.60 W, 73361 MiB, 0 %
2026/10/09 11:16:57.199, 1, NVIDIA GB300, 209.55 W, 244536 MiB, 0 %
2026/10/09 11:16:58.199, 0, NVIDIA RTX PRO 6000 Blackwell Max-Q Workstation Edition, 77.95 W, 73361 MiB, 0 %
2026/10/09 11:16:58.199, 1, NVIDIA GB300, 209.55 W, 244536 MiB, 0 %
2026/10/09 11:16:59.199, 0, NVIDIA RTX PRO 6000 Blackwell Max-Q Workstation Edition, 114.39 W, 73361 MiB, 26 %
2026/10/09 11:16:59.199, 1, NVIDIA GB300, 579.91 W, 244536 MiB, 100 %
2026/10/09 11:17:00.199, 0, NVIDIA RTX PRO 6000 Blackwell Max-Q Workstation Edition, 122.29 W, 73361 MiB, 27 %
2026/10/09 11:17:00.199, 1, NVIDIA GB300, 577.18 W, 244536 MiB, 100 %
2026/10/09 11:17:01.199, 0, NVIDIA RTX PRO 6000 Blackwell Max-Q Workstation Edition, 124.14 W, 73361 MiB, 28 %
2026/10/09 11:17:01.199, 1, NVIDIA GB300, 573.37 W, 244536 MiB, 100 %
2026/10/09 11:17:02.199, 0, NVIDIA RTX PRO 6000 Blackwell Max-Q Workstation Edition, 127.96 W, 73361 MiB, 43 %
2026/10/09 11:17:02.200, 1, NVIDIA GB300, 595.48 W, 244536 MiB, 100 %
2026/10/09 11:17:03.200, 0, NVIDIA RTX PRO 6000 Blackwell Max-Q Workstation Edition, 131.69 W, 73361 MiB, 29 %
2026/10/09 11:17:03.200, 1, NVIDIA GB300, 590.66 W, 244536 MiB, 100 %
2026/10/09 11:17:04.200, 0, NVIDIA RTX PRO 6000 Blackwell Max-Q Workstation Edition, 129.56 W, 73361 MiB, 31 %
2026/10/09 11:17:04.200, 1, NVIDIA GB300, 553.43 W, 244536 MiB, 100 %
2026/10/09 11:17:05.200, 0, NVIDIA RTX PRO 6000 Blackwell Max-Q Workstation Edition, 123.57 W, 73361 MiB, 32 %
2026/10/09 11:17:05.200, 1, NVIDIA GB300, 573.95 W, 244536 MiB, 100 %
2026/10/09 11:17:06.200, 0, NVIDIA RTX PRO 6000 Blackwell Max-Q Workstation Edition, 127.67 W, 73361 MiB, 33 %
2026/10/09 11:17:06.200, 1, NVIDIA GB300, 603.31 W, 244536 MiB, 95 %
2026/10/09 11:17:07.200, 0, NVIDIA RTX PRO 6000 Blackwell Max-Q Workstation Edition, 136.55 W, 73361 MiB, 31 %
2026/10/09 11:17:07.200, 1, NVIDIA GB300, 591.47 W, 244536 MiB, 100 %
2026/10/09 11:17:08.200, 0, NVIDIA RTX PRO 6000 Blackwell Max-Q Workstation Edition, 125.46 W, 73361 MiB, 29 %
2026/10/09 11:17:08.200, 1, NVIDIA GB300, 568.57 W, 244536 MiB, 100 %
2026/10/09 11:17:09.200, 0, NVIDIA RTX PRO 6000 Blackwell Max-Q Workstation Edition, 122.87 W, 73361 MiB, 24 %
2026/10/09 11:17:09.200, 1, NVIDIA GB300, 575.88 W, 244536 MiB, 100 %
2026/10/09 11:17:10.200, 0, NVIDIA RTX PRO 6000 Blackwell Max-Q Workstation Edition, 125.59 W, 73361 MiB, 29 %
2026/10/09 11:17:10.200, 1, NVIDIA GB300, 559.63 W, 244536 MiB, 100 %
2026/10/09 11:17:11.201, 0, NVIDIA RTX PRO 6000 Blackwell Max-Q Workstation Edition, 136.95 W, 73361 MiB, 28 %
2026/10/09 11:17:11.201, 1, NVIDIA GB300, 608.70 W, 244536 MiB, 100 %
2026/10/09 11:17:12.201, 0, NVIDIA RTX PRO 6000 Blackwell Max-Q Workstation Edition, 127.99 W, 73361 MiB, 32 %
2026/10/09 11:17:12.201, 1, NVIDIA GB300, 570.31 W, 244536 MiB, 100 %
2026/10/09 11:17:13.201, 0, NVIDIA RTX PRO 6000 Blackwell Max-Q Workstation Edition, 126.46 W, 73361 MiB, 29 %
2026/10/09 11:17:13.201, 1, NVIDIA GB300, 567.26 W, 244536 MiB, 100 %
2026/10/09 11:17:14.201, 0, NVIDIA RTX PRO 6000 Blackwell Max-Q Workstation Edition, 121.78 W, 73361 MiB, 26 %
2026/10/09 11:17:14.201, 1, NVIDIA GB300, 583.04 W, 244536 MiB, 100 %
2026/10/09 11:17:15.201, 0, NVIDIA RTX PRO 6000 Blackwell Max-Q Workstation Edition, 139.82 W, 73361 MiB, 32 %
2026/10/09 11:17:15.201, 1, NVIDIA GB300, 608.47 W, 244536 MiB, 100 %
2026/10/09 11:17:16.201, 0, NVIDIA RTX PRO 6000 Blackwell Max-Q Workstation Edition, 129.62 W, 73361 MiB, 33 %
2026/10/09 11:17:16.201, 1, NVIDIA GB300, 566.24 W, 244536 MiB, 100 %
2026/10/09 11:17:17.201, 0, NVIDIA RTX PRO 6000 Blackwell Max-Q Workstation Edition, 127.07 W, 73361 MiB, 32 %
2026/10/09 11:17:17.201, 1, NVIDIA GB300, 570.67 W, 244536 MiB, 100 %
2026/10/09 11:17:29.203, 0, NVIDIA RTX PRO 6000 Blackwell Max-Q Workstation Edition, 84.79 W, 73361 MiB, 0 %
2026/10/09 11:17:29.203, 1, NVIDIA GB300, 217.57 W, 244536 MiB, 0 %
2026/10/09 11:17:30.203, 0, NVIDIA RTX PRO 6000 Blackwell Max-Q Workstation Edition, 81.42 W, 73361 MiB, 0 %
2026/10/09 11:17:30.203, 1, NVIDIA GB300, 209.92 W, 244536 MiB, 0 %
2026/10/09 11:17:31.203, 0, NVIDIA RTX PRO 6000 Blackwell Max-Q Workstation Edition, 81.47 W, 73361 MiB, 0 %
2026/10/09 11:17:31.203, 1, NVIDIA GB300, 209.59 W, 244536 MiB, 0 %
2026/10/09 11:17:32.203, 0, NVIDIA RTX PRO 6000 Blackwell Max-Q Workstation Edition, 80.61 W, 73361 MiB, 0 %
2026/10/09 11:17:32.203, 1, NVIDIA GB300, 209.59 W, 244536 MiB, 0 %
2026/10/09 11:17:33.203, 0, NVIDIA RTX PRO 6000 Blackwell Max-Q Workstation Edition, 80.77 W, 73361 MiB, 0 %
2026/10/09 11:17:33.204, 1, NVIDIA GB300, 209.59 W, 244536 MiB, 0 %
2026/10/09 11:17:34.204, 0, NVIDIA RTX PRO 6000 Blackwell Max-Q Workstation Edition, 80.92 W, 73361 MiB, 0 %
2026/10/09 11:17:34.204, 1, NVIDIA GB300, 209.74 W, 244536 MiB, 0 %
2026/10/09 11:17:35.204, 0, NVIDIA RTX PRO 6000 Blackwell Max-Q Workstation Edition, 80.74 W, 73361 MiB, 0 %
2026/10/09 11:17:35.204, 1, NVIDIA GB300, 209.54 W, 244536 MiB, 0 %
2026/10/09 11:17:36.204, 0, NVIDIA RTX PRO 6000 Blackwell Max-Q Workstation Edition, 80.53 W, 73361 MiB, 0 %
2026/10/09 11:17:36.204, 1, NVIDIA GB300, 209.55 W, 244536 MiB, 0 %
2026/10/09 11:17:37.204, 0, NVIDIA RTX PRO 6000 Blackwell Max-Q Workstation Edition, 81.37 W, 73361 MiB, 0 %
2026/10/09 11:17:37.204, 1, NVIDIA GB300, 209.55 W, 244536 MiB, 0 %
2026/10/09 11:17:38.204, 0, NVIDIA RTX PRO 6000 Blackwell Max-Q Workstation Edition, 105.72 W, 73361 MiB, 30 %
2026/10/09 11:17:38.204, 1, NVIDIA GB300, 360.15 W, 244536 MiB, 100 %
2026/10/09 11:17:39.204, 0, NVIDIA RTX PRO 6000 Blackwell Max-Q Workstation Edition, 125.45 W, 73361 MiB, 30 %
2026/10/09 11:17:39.204, 1, NVIDIA GB300, 567.03 W, 244536 MiB, 100 %
2026/10/09 11:17:40.204, 0, NVIDIA RTX PRO 6000 Blackwell Max-Q Workstation Edition, 124.92 W, 73361 MiB, 28 %
2026/10/09 11:17:40.205, 1, NVIDIA GB300, 565.45 W, 244536 MiB, 100 %
2026/10/09 11:17:41.205, 0, NVIDIA RTX PRO 6000 Blackwell Max-Q Workstation Edition, 124.18 W, 73361 MiB, 29 %
2026/10/09 11:17:41.205, 1, NVIDIA GB300, 574.83 W, 244536 MiB, 100 %
2026/10/09 11:17:42.205, 0, NVIDIA RTX PRO 6000 Blackwell Max-Q Workstation Edition, 126.28 W, 73361 MiB, 32 %
2026/10/09 11:17:42.205, 1, NVIDIA GB300, 563.67 W, 244536 MiB, 100 %
2026/10/09 11:17:43.205, 0, NVIDIA RTX PRO 6000 Blackwell Max-Q Workstation Edition, 140.71 W, 73361 MiB, 30 %
2026/10/09 11:17:43.205, 1, NVIDIA GB300, 613.31 W, 244536 MiB, 100 %
2026/10/09 11:17:44.205, 0, NVIDIA RTX PRO 6000 Blackwell Max-Q Workstation Edition, 130.57 W, 73361 MiB, 32 %
2026/10/09 11:17:44.205, 1, NVIDIA GB300, 570.75 W, 244536 MiB, 100 %
2026/10/09 11:17:45.205, 0, NVIDIA RTX PRO 6000 Blackwell Max-Q Workstation Edition, 125.49 W, 73361 MiB, 26 %
2026/10/09 11:17:45.205, 1, NVIDIA GB300, 587.09 W, 244536 MiB, 100 %
2026/10/09 11:17:46.205, 0, NVIDIA RTX PRO 6000 Blackwell Max-Q Workstation Edition, 121.39 W, 73361 MiB, 25 %
2026/10/09 11:17:46.205, 1, NVIDIA GB300, 593.27 W, 244536 MiB, 100 %
2026/10/09 11:17:47.205, 0, NVIDIA RTX PRO 6000 Blackwell Max-Q Workstation Edition, 143.32 W, 73361 MiB, 31 %
2026/10/09 11:17:47.205, 1, NVIDIA GB300, 599.95 W, 244536 MiB, 100 %
2026/10/09 11:17:48.206, 0, NVIDIA RTX PRO 6000 Blackwell Max-Q Workstation Edition, 123.20 W, 73361 MiB, 30 %
2026/10/09 11:17:48.206, 1, NVIDIA GB300, 589.57 W, 244536 MiB, 100 %
2026/10/09 11:17:49.206, 0, NVIDIA RTX PRO 6000 Blackwell Max-Q Workstation Edition, 134.63 W, 73361 MiB, 31 %
2026/10/09 11:17:49.206, 1, NVIDIA GB300, 562.77 W, 244536 MiB, 100 %
2026/10/09 11:17:50.206, 0, NVIDIA RTX PRO 6000 Blackwell Max-Q Workstation Edition, 131.12 W, 73361 MiB, 61 %
2026/10/09 11:17:50.206, 1, NVIDIA GB300, 624.06 W, 244536 MiB, 100 %
2026/10/09 11:17:51.206, 0, NVIDIA RTX PRO 6000 Blackwell Max-Q Workstation Edition, 139.17 W, 73361 MiB, 29 %
2026/10/09 11:17:51.206, 1, NVIDIA GB300, 591.86 W, 244536 MiB, 100 %
2026/10/09 11:17:52.206, 0, NVIDIA RTX PRO 6000 Blackwell Max-Q Workstation Edition, 122.18 W, 73361 MiB, 27 %
2026/10/09 11:17:52.206, 1, NVIDIA GB300, 585.79 W, 244536 MiB, 100 %
2026/10/09 11:17:53.206, 0, NVIDIA RTX PRO 6000 Blackwell Max-Q Workstation Edition, 123.88 W, 73361 MiB, 26 %
2026/10/09 11:17:53.206, 1, NVIDIA GB300, 578.36 W, 244536 MiB, 100 %
2026/10/09 11:17:54.206, 0, NVIDIA RTX PRO 6000 Blackwell Max-Q Workstation Edition, 138.89 W, 73361 MiB, 26 %
2026/10/09 11:17:54.206, 1, NVIDIA GB300, 619.43 W, 244536 MiB, 100 %
2026/10/09 11:17:55.206, 0, NVIDIA RTX PRO 6000 Blackwell Max-Q Workstation Edition, 127.31 W, 73361 MiB, 28 %
2026/10/09 11:17:55.207, 1, NVIDIA GB300, 566.10 W, 244536 MiB, 100 %
2026/10/09 11:17:56.207, 0, NVIDIA RTX PRO 6000 Blackwell Max-Q Workstation Edition, 126.18 W, 73361 MiB, 30 %
2026/10/09 11:17:56.207, 1, NVIDIA GB300, 572.75 W, 244536 MiB, 100 %
2026/10/09 11:17:57.207, 0, NVIDIA RTX PRO 6000 Blackwell Max-Q Workstation Edition, 122.74 W, 73361 MiB, 24 %
2026/10/09 11:17:57.207, 1, NVIDIA GB300, 586.75 W, 244536 MiB, 100 %
2026/10/09 11:18:09.208, 0, NVIDIA RTX PRO 6000 Blackwell Max-Q Workstation Edition, 87.89 W, 73361 MiB, 0 %
2026/10/09 11:18:09.208, 1, NVIDIA GB300, 212.07 W, 244536 MiB, 0 %
2026/10/09 11:18:10.208, 0, NVIDIA RTX PRO 6000 Blackwell Max-Q Workstation Edition, 84.49 W, 73361 MiB, 0 %
2026/10/09 11:18:10.208, 1, NVIDIA GB300, 211.04 W, 244536 MiB, 0 %
2026/10/09 11:18:11.208, 0, NVIDIA RTX PRO 6000 Blackwell Max-Q Workstation Edition, 84.27 W, 73361 MiB, 0 %
2026/10/09 11:18:11.209, 1, NVIDIA GB300, 210.24 W, 244536 MiB, 0 %
2026/10/09 11:18:12.209, 0, NVIDIA RTX PRO 6000 Blackwell Max-Q Workstation Edition, 83.76 W, 73361 MiB, 0 %
2026/10/09 11:18:12.209, 1, NVIDIA GB300, 210.01 W, 244536 MiB, 0 %
2026/10/09 11:18:13.209, 0, NVIDIA RTX PRO 6000 Blackwell Max-Q Workstation Edition, 83.79 W, 73361 MiB, 0 %
2026/10/09 11:18:13.209, 1, NVIDIA GB300, 209.89 W, 244536 MiB, 0 %
2026/10/09 11:18:14.209, 0, NVIDIA RTX PRO 6000 Blackwell Max-Q Workstation Edition, 83.93 W, 73361 MiB, 0 %
2026/10/09 11:18:14.209, 1, NVIDIA GB300, 210.35 W, 244536 MiB, 0 %
2026/10/09 11:18:15.209, 0, NVIDIA RTX PRO 6000 Blackwell Max-Q Workstation Edition, 83.79 W, 73361 MiB, 0 %
2026/10/09 11:18:15.209, 1, NVIDIA GB300, 210.17 W, 244536 MiB, 0 %
2026/10/09 11:18:16.209, 0, NVIDIA RTX PRO 6000 Blackwell Max-Q Workstation Edition, 83.76 W, 73361 MiB, 0 %
2026/10/09 11:18:16.209, 1, NVIDIA GB300, 210.14 W, 244536 MiB, 0 %
2026/10/09 11:18:17.209, 0, NVIDIA RTX PRO 6000 Blackwell Max-Q Workstation Edition, 83.89 W, 73361 MiB, 0 %
2026/10/09 11:18:17.209, 1, NVIDIA GB300, 210.43 W, 244536 MiB, 0 %
2026/10/09 11:18:18.209, 0, NVIDIA RTX PRO 6000 Blackwell Max-Q Workstation Edition, 100.12 W, 73361 MiB, 27 %
2026/10/09 11:18:18.210, 1, NVIDIA GB300, 391.46 W, 244536 MiB, 100 %
2026/10/09 11:18:19.210, 0, NVIDIA RTX PRO 6000 Blackwell Max-Q Workstation Edition, 130.61 W, 73361 MiB, 31 %
2026/10/09 11:18:19.210, 1, NVIDIA GB300, 576.42 W, 244536 MiB, 100 %
2026/10/09 11:18:20.210, 0, NVIDIA RTX PRO 6000 Blackwell Max-Q Workstation Edition, 128.98 W, 73361 MiB, 30 %
2026/10/09 11:18:20.210, 1, NVIDIA GB300, 574.60 W, 244536 MiB, 100 %
2026/10/09 11:18:21.210, 0, NVIDIA RTX PRO 6000 Blackwell Max-Q Workstation Edition, 133.82 W, 73361 MiB, 31 %
2026/10/09 11:18:21.210, 1, NVIDIA GB300, 564.10 W, 244536 MiB, 100 %
2026/10/09 11:18:22.210, 0, NVIDIA RTX PRO 6000 Blackwell Max-Q Workstation Edition, 144.50 W, 73361 MiB, 32 %
2026/10/09 11:18:22.210, 1, NVIDIA GB300, 603.60 W, 244536 MiB, 100 %
2026/10/09 11:18:23.210, 0, NVIDIA RTX PRO 6000 Blackwell Max-Q Workstation Edition, 130.28 W, 73361 MiB, 25 %
2026/10/09 11:18:23.210, 1, NVIDIA GB300, 574.35 W, 244536 MiB, 100 %
2026/10/09 11:18:24.210, 0, NVIDIA RTX PRO 6000 Blackwell Max-Q Workstation Edition, 127.06 W, 73361 MiB, 34 %
2026/10/09 11:18:24.210, 1, NVIDIA GB300, 574.05 W, 244536 MiB, 100 %
2026/10/09 11:18:25.210, 0, NVIDIA RTX PRO 6000 Blackwell Max-Q Workstation Edition, 126.31 W, 73361 MiB, 25 %
2026/10/09 11:18:25.210, 1, NVIDIA GB300, 583.39 W, 244536 MiB, 100 %
2026/10/09 11:18:26.210, 0, NVIDIA RTX PRO 6000 Blackwell Max-Q Workstation Edition, 140.82 W, 73361 MiB, 31 %
2026/10/09 11:18:26.210, 1, NVIDIA GB300, 617.47 W, 244536 MiB, 100 %
2026/10/09 11:18:27.211, 0, NVIDIA RTX PRO 6000 Blackwell Max-Q Workstation Edition, 127.26 W, 73361 MiB, 28 %
2026/10/09 11:18:27.211, 1, NVIDIA GB300, 583.57 W, 244536 MiB, 100 %
2026/10/09 11:18:28.211, 0, NVIDIA RTX PRO 6000 Blackwell Max-Q Workstation Edition, 130.98 W, 73361 MiB, 31 %
2026/10/09 11:18:28.211, 1, NVIDIA GB300, 570.46 W, 244536 MiB, 100 %
2026/10/09 11:18:29.211, 0, NVIDIA RTX PRO 6000 Blackwell Max-Q Workstation Edition, 130.05 W, 73361 MiB, 34 %
2026/10/09 11:18:29.211, 1, NVIDIA GB300, 563.92 W, 244536 MiB, 100 %
2026/10/09 11:18:30.211, 0, NVIDIA RTX PRO 6000 Blackwell Max-Q Workstation Edition, 142.29 W, 73361 MiB, 29 %
2026/10/09 11:18:30.211, 1, NVIDIA GB300, 636.90 W, 244536 MiB, 100 %
2026/10/09 11:18:31.211, 0, NVIDIA RTX PRO 6000 Blackwell Max-Q Workstation Edition, 134.10 W, 73361 MiB, 29 %
2026/10/09 11:18:31.211, 1, NVIDIA GB300, 575.54 W, 244536 MiB, 100 %
2026/10/09 11:18:32.211, 0, NVIDIA RTX PRO 6000 Blackwell Max-Q Workstation Edition, 125.80 W, 73361 MiB, 30 %
2026/10/09 11:18:32.211, 1, NVIDIA GB300, 591.75 W, 244536 MiB, 100 %
2026/10/09 11:18:33.211, 0, NVIDIA RTX PRO 6000 Blackwell Max-Q Workstation Edition, 135.63 W, 73361 MiB, 59 %
2026/10/09 11:18:33.211, 1, NVIDIA GB300, 620.49 W, 244536 MiB, 100 %
2026/10/09 11:18:34.211, 0, NVIDIA RTX PRO 6000 Blackwell Max-Q Workstation Edition, 135.75 W, 73361 MiB, 31 %
2026/10/09 11:18:34.211, 1, NVIDIA GB300, 581.58 W, 244536 MiB, 100 %
2026/10/09 11:18:35.211, 0, NVIDIA RTX PRO 6000 Blackwell Max-Q Workstation Edition, 130.97 W, 73361 MiB, 29 %
2026/10/09 11:18:35.212, 1, NVIDIA GB300, 576.97 W, 244536 MiB, 100 %
2026/10/09 11:18:36.212, 0, NVIDIA RTX PRO 6000 Blackwell Max-Q Workstation Edition, 129.84 W, 73361 MiB, 31 %
2026/10/09 11:18:36.212, 1, NVIDIA GB300, 578.48 W, 244536 MiB, 100 %
2026/10/09 11:18:37.212, 0, NVIDIA RTX PRO 6000 Blackwell Max-Q Workstation Edition, 136.41 W, 73361 MiB, 30 %
2026/10/09 11:18:37.212, 1, NVIDIA GB300, 537.12 W, 244536 MiB, 78 %

--- arm A long C16: long/power-<host>-long.csv, windows decode-c16-r1 11:19:14.378-11:20:26.413
2026/10/09 11:19:15.288, 0, NVIDIA RTX PRO 6000 Blackwell Max-Q Workstation Edition, 101.99 W, 73361 MiB, 0 %
2026/10/09 11:19:15.288, 1, NVIDIA GB300, 222.25 W, 245324 MiB, 0 %
2026/10/09 11:19:16.288, 0, NVIDIA RTX PRO 6000 Blackwell Max-Q Workstation Edition, 88.47 W, 73361 MiB, 0 %
2026/10/09 11:19:16.288, 1, NVIDIA GB300, 211.50 W, 245324 MiB, 0 %
2026/10/09 11:19:17.288, 0, NVIDIA RTX PRO 6000 Blackwell Max-Q Workstation Edition, 85.41 W, 73361 MiB, 0 %
2026/10/09 11:19:17.288, 1, NVIDIA GB300, 211.47 W, 245324 MiB, 0 %
2026/10/09 11:19:18.289, 0, NVIDIA RTX PRO 6000 Blackwell Max-Q Workstation Edition, 85.64 W, 73361 MiB, 0 %
2026/10/09 11:19:18.289, 1, NVIDIA GB300, 211.24 W, 245324 MiB, 0 %
2026/10/09 11:19:19.289, 0, NVIDIA RTX PRO 6000 Blackwell Max-Q Workstation Edition, 85.30 W, 73361 MiB, 0 %
2026/10/09 11:19:19.289, 1, NVIDIA GB300, 211.28 W, 245324 MiB, 0 %
2026/10/09 11:19:20.289, 0, NVIDIA RTX PRO 6000 Blackwell Max-Q Workstation Edition, 85.36 W, 73361 MiB, 0 %
2026/10/09 11:19:20.289, 1, NVIDIA GB300, 210.88 W, 245324 MiB, 0 %
2026/10/09 11:19:21.289, 0, NVIDIA RTX PRO 6000 Blackwell Max-Q Workstation Edition, 85.35 W, 73361 MiB, 0 %
2026/10/09 11:19:21.289, 1, NVIDIA GB300, 210.73 W, 245324 MiB, 0 %
2026/10/09 11:19:22.289, 0, NVIDIA RTX PRO 6000 Blackwell Max-Q Workstation Edition, 85.29 W, 73361 MiB, 0 %
2026/10/09 11:19:22.289, 1, NVIDIA GB300, 210.55 W, 245324 MiB, 0 %
2026/10/09 11:19:23.289, 0, NVIDIA RTX PRO 6000 Blackwell Max-Q Workstation Edition, 85.57 W, 73361 MiB, 0 %
2026/10/09 11:19:23.289, 1, NVIDIA GB300, 210.06 W, 245324 MiB, 0 %
2026/10/09 11:19:24.290, 0, NVIDIA RTX PRO 6000 Blackwell Max-Q Workstation Edition, 85.53 W, 73361 MiB, 0 %
2026/10/09 11:19:24.290, 1, NVIDIA GB300, 210.09 W, 245324 MiB, 0 %
2026/10/09 11:19:25.290, 0, NVIDIA RTX PRO 6000 Blackwell Max-Q Workstation Edition, 96.64 W, 73361 MiB, 56 %
2026/10/09 11:19:25.290, 1, NVIDIA GB300, 412.32 W, 245324 MiB, 100 %
2026/10/09 11:19:26.290, 0, NVIDIA RTX PRO 6000 Blackwell Max-Q Workstation Edition, 202.57 W, 73361 MiB, 45 %
2026/10/09 11:19:26.290, 1, NVIDIA GB300, 769.35 W, 245324 MiB, 56 %
2026/10/09 11:19:27.290, 0, NVIDIA RTX PRO 6000 Blackwell Max-Q Workstation Edition, 206.03 W, 73361 MiB, 54 %
2026/10/09 11:19:27.290, 1, NVIDIA GB300, 851.88 W, 245324 MiB, 100 %
2026/10/09 11:19:28.290, 0, NVIDIA RTX PRO 6000 Blackwell Max-Q Workstation Edition, 207.37 W, 73361 MiB, 54 %
2026/10/09 11:19:28.290, 1, NVIDIA GB300, 812.44 W, 245324 MiB, 60 %
2026/10/09 11:19:29.290, 0, NVIDIA RTX PRO 6000 Blackwell Max-Q Workstation Edition, 188.99 W, 73361 MiB, 49 %
2026/10/09 11:19:29.290, 1, NVIDIA GB300, 928.46 W, 245324 MiB, 100 %
2026/10/09 11:19:30.290, 0, NVIDIA RTX PRO 6000 Blackwell Max-Q Workstation Edition, 194.12 W, 73361 MiB, 47 %
2026/10/09 11:19:30.290, 1, NVIDIA GB300, 924.67 W, 245324 MiB, 100 %
2026/10/09 11:19:31.290, 0, NVIDIA RTX PRO 6000 Blackwell Max-Q Workstation Edition, 196.07 W, 73361 MiB, 49 %
2026/10/09 11:19:31.290, 1, NVIDIA GB300, 926.71 W, 245324 MiB, 100 %
2026/10/09 11:19:32.291, 0, NVIDIA RTX PRO 6000 Blackwell Max-Q Workstation Edition, 196.49 W, 73361 MiB, 49 %
2026/10/09 11:19:32.291, 1, NVIDIA GB300, 927.37 W, 245324 MiB, 100 %
2026/10/09 11:19:33.291, 0, NVIDIA RTX PRO 6000 Blackwell Max-Q Workstation Edition, 195.70 W, 73361 MiB, 50 %
2026/10/09 11:19:33.291, 1, NVIDIA GB300, 940.38 W, 245324 MiB, 100 %
2026/10/09 11:19:34.291, 0, NVIDIA RTX PRO 6000 Blackwell Max-Q Workstation Edition, 199.88 W, 73361 MiB, 48 %
2026/10/09 11:19:34.291, 1, NVIDIA GB300, 940.24 W, 245324 MiB, 100 %
2026/10/09 11:19:35.291, 0, NVIDIA RTX PRO 6000 Blackwell Max-Q Workstation Edition, 202.07 W, 73361 MiB, 51 %
2026/10/09 11:19:35.291, 1, NVIDIA GB300, 944.94 W, 245324 MiB, 100 %
2026/10/09 11:19:36.291, 0, NVIDIA RTX PRO 6000 Blackwell Max-Q Workstation Edition, 203.79 W, 73361 MiB, 48 %
2026/10/09 11:19:36.291, 1, NVIDIA GB300, 933.53 W, 245324 MiB, 99 %
2026/10/09 11:19:37.291, 0, NVIDIA RTX PRO 6000 Blackwell Max-Q Workstation Edition, 201.01 W, 73361 MiB, 44 %
2026/10/09 11:19:37.291, 1, NVIDIA GB300, 814.60 W, 245324 MiB, 100 %
2026/10/09 11:19:38.291, 0, NVIDIA RTX PRO 6000 Blackwell Max-Q Workstation Edition, 202.93 W, 73361 MiB, 59 %
2026/10/09 11:19:38.291, 1, NVIDIA GB300, 830.39 W, 245326 MiB, 100 %
2026/10/09 11:19:39.291, 0, NVIDIA RTX PRO 6000 Blackwell Max-Q Workstation Edition, 200.42 W, 73361 MiB, 69 %
2026/10/09 11:19:39.291, 1, NVIDIA GB300, 809.76 W, 245326 MiB, 100 %
2026/10/09 11:19:40.292, 0, NVIDIA RTX PRO 6000 Blackwell Max-Q Workstation Edition, 204.35 W, 73361 MiB, 52 %
2026/10/09 11:19:40.292, 1, NVIDIA GB300, 785.64 W, 245326 MiB, 54 %
2026/10/09 11:19:41.292, 0, NVIDIA RTX PRO 6000 Blackwell Max-Q Workstation Edition, 198.86 W, 73361 MiB, 48 %
2026/10/09 11:19:41.292, 1, NVIDIA GB300, 893.38 W, 245326 MiB, 100 %
2026/10/09 11:19:42.292, 0, NVIDIA RTX PRO 6000 Blackwell Max-Q Workstation Edition, 199.37 W, 73361 MiB, 51 %
2026/10/09 11:19:42.292, 1, NVIDIA GB300, 948.87 W, 245326 MiB, 100 %
2026/10/09 11:19:43.292, 0, NVIDIA RTX PRO 6000 Blackwell Max-Q Workstation Edition, 199.61 W, 73361 MiB, 47 %
2026/10/09 11:19:43.292, 1, NVIDIA GB300, 945.44 W, 245326 MiB, 100 %
2026/10/09 11:19:44.292, 0, NVIDIA RTX PRO 6000 Blackwell Max-Q Workstation Edition, 196.63 W, 73361 MiB, 44 %
2026/10/09 11:19:44.292, 1, NVIDIA GB300, 953.22 W, 245326 MiB, 100 %
2026/10/09 11:19:45.292, 0, NVIDIA RTX PRO 6000 Blackwell Max-Q Workstation Edition, 197.45 W, 73361 MiB, 49 %
2026/10/09 11:19:45.292, 1, NVIDIA GB300, 947.51 W, 245326 MiB, 100 %
2026/10/09 11:19:46.292, 0, NVIDIA RTX PRO 6000 Blackwell Max-Q Workstation Edition, 204.36 W, 73361 MiB, 50 %
2026/10/09 11:19:46.292, 1, NVIDIA GB300, 942.94 W, 245326 MiB, 100 %
2026/10/09 11:19:47.293, 0, NVIDIA RTX PRO 6000 Blackwell Max-Q Workstation Edition, 202.38 W, 73361 MiB, 44 %
2026/10/09 11:19:47.293, 1, NVIDIA GB300, 937.58 W, 245326 MiB, 100 %
2026/10/09 11:19:48.293, 0, NVIDIA RTX PRO 6000 Blackwell Max-Q Workstation Edition, 204.04 W, 73361 MiB, 60 %
2026/10/09 11:19:48.293, 1, NVIDIA GB300, 915.79 W, 245326 MiB, 100 %
2026/10/09 11:19:49.293, 0, NVIDIA RTX PRO 6000 Blackwell Max-Q Workstation Edition, 205.17 W, 73361 MiB, 31 %
2026/10/09 11:19:49.293, 1, NVIDIA GB300, 800.40 W, 245326 MiB, 91 %
2026/10/09 11:19:50.293, 0, NVIDIA RTX PRO 6000 Blackwell Max-Q Workstation Edition, 202.25 W, 73361 MiB, 63 %
2026/10/09 11:19:50.293, 1, NVIDIA GB300, 849.06 W, 245326 MiB, 73 %
2026/10/09 11:19:51.293, 0, NVIDIA RTX PRO 6000 Blackwell Max-Q Workstation Edition, 199.51 W, 73361 MiB, 24 %
2026/10/09 11:19:51.293, 1, NVIDIA GB300, 817.58 W, 245326 MiB, 99 %
2026/10/09 11:19:52.293, 0, NVIDIA RTX PRO 6000 Blackwell Max-Q Workstation Edition, 195.52 W, 73361 MiB, 42 %
2026/10/09 11:19:52.293, 1, NVIDIA GB300, 814.49 W, 245326 MiB, 100 %
2026/10/09 11:19:53.293, 0, NVIDIA RTX PRO 6000 Blackwell Max-Q Workstation Edition, 206.84 W, 73361 MiB, 71 %
2026/10/09 11:19:53.293, 1, NVIDIA GB300, 787.71 W, 245326 MiB, 100 %
2026/10/09 11:19:54.294, 0, NVIDIA RTX PRO 6000 Blackwell Max-Q Workstation Edition, 199.95 W, 73361 MiB, 47 %
2026/10/09 11:19:54.294, 1, NVIDIA GB300, 909.23 W, 245326 MiB, 100 %
2026/10/09 11:19:55.294, 0, NVIDIA RTX PRO 6000 Blackwell Max-Q Workstation Edition, 201.98 W, 73361 MiB, 47 %
2026/10/09 11:19:55.294, 1, NVIDIA GB300, 951.40 W, 245326 MiB, 100 %
2026/10/09 11:19:56.294, 0, NVIDIA RTX PRO 6000 Blackwell Max-Q Workstation Edition, 197.95 W, 73361 MiB, 48 %
2026/10/09 11:19:56.294, 1, NVIDIA GB300, 944.99 W, 245326 MiB, 100 %
2026/10/09 11:19:57.294, 0, NVIDIA RTX PRO 6000 Blackwell Max-Q Workstation Edition, 200.61 W, 73361 MiB, 48 %
2026/10/09 11:19:57.294, 1, NVIDIA GB300, 943.95 W, 245326 MiB, 100 %
2026/10/09 11:19:58.294, 0, NVIDIA RTX PRO 6000 Blackwell Max-Q Workstation Edition, 203.23 W, 73361 MiB, 48 %
2026/10/09 11:19:58.294, 1, NVIDIA GB300, 947.94 W, 245326 MiB, 100 %
2026/10/09 11:19:59.294, 0, NVIDIA RTX PRO 6000 Blackwell Max-Q Workstation Edition, 203.36 W, 73361 MiB, 49 %
2026/10/09 11:19:59.294, 1, NVIDIA GB300, 950.51 W, 245326 MiB, 100 %
2026/10/09 11:20:00.294, 0, NVIDIA RTX PRO 6000 Blackwell Max-Q Workstation Edition, 204.30 W, 73361 MiB, 61 %
2026/10/09 11:20:00.294, 1, NVIDIA GB300, 910.41 W, 245326 MiB, 100 %
2026/10/09 11:20:01.294, 0, NVIDIA RTX PRO 6000 Blackwell Max-Q Workstation Edition, 205.89 W, 73361 MiB, 65 %
2026/10/09 11:20:01.295, 1, NVIDIA GB300, 861.78 W, 245326 MiB, 100 %
2026/10/09 11:20:02.295, 0, NVIDIA RTX PRO 6000 Blackwell Max-Q Workstation Edition, 205.28 W, 73361 MiB, 46 %
2026/10/09 11:20:02.295, 1, NVIDIA GB300, 847.85 W, 245326 MiB, 100 %
2026/10/09 11:20:03.295, 0, NVIDIA RTX PRO 6000 Blackwell Max-Q Workstation Edition, 205.22 W, 73361 MiB, 44 %
2026/10/09 11:20:03.295, 1, NVIDIA GB300, 846.86 W, 245326 MiB, 100 %
2026/10/09 11:20:04.295, 0, NVIDIA RTX PRO 6000 Blackwell Max-Q Workstation Edition, 208.68 W, 73361 MiB, 60 %
2026/10/09 11:20:04.295, 1, NVIDIA GB300, 801.54 W, 245326 MiB, 100 %
2026/10/09 11:20:05.295, 0, NVIDIA RTX PRO 6000 Blackwell Max-Q Workstation Edition, 203.48 W, 73361 MiB, 38 %
2026/10/09 11:20:05.295, 1, NVIDIA GB300, 797.26 W, 245326 MiB, 100 %
2026/10/09 11:20:06.295, 0, NVIDIA RTX PRO 6000 Blackwell Max-Q Workstation Edition, 206.08 W, 73361 MiB, 55 %
2026/10/09 11:20:06.295, 1, NVIDIA GB300, 895.38 W, 245326 MiB, 52 %
2026/10/09 11:20:07.295, 0, NVIDIA RTX PRO 6000 Blackwell Max-Q Workstation Edition, 201.55 W, 73361 MiB, 49 %
2026/10/09 11:20:07.295, 1, NVIDIA GB300, 943.93 W, 245326 MiB, 100 %
2026/10/09 11:20:08.295, 0, NVIDIA RTX PRO 6000 Blackwell Max-Q Workstation Edition, 202.84 W, 73361 MiB, 45 %
2026/10/09 11:20:08.295, 1, NVIDIA GB300, 945.93 W, 245326 MiB, 100 %
2026/10/09 11:20:09.296, 0, NVIDIA RTX PRO 6000 Blackwell Max-Q Workstation Edition, 204.87 W, 73361 MiB, 47 %
2026/10/09 11:20:09.296, 1, NVIDIA GB300, 935.58 W, 245326 MiB, 100 %
2026/10/09 11:20:10.296, 0, NVIDIA RTX PRO 6000 Blackwell Max-Q Workstation Edition, 206.41 W, 73361 MiB, 48 %
2026/10/09 11:20:10.296, 1, NVIDIA GB300, 945.60 W, 245326 MiB, 100 %
2026/10/09 11:20:11.296, 0, NVIDIA RTX PRO 6000 Blackwell Max-Q Workstation Edition, 207.01 W, 73361 MiB, 52 %
2026/10/09 11:20:11.296, 1, NVIDIA GB300, 949.64 W, 245326 MiB, 100 %
2026/10/09 11:20:12.296, 0, NVIDIA RTX PRO 6000 Blackwell Max-Q Workstation Edition, 211.32 W, 73361 MiB, 50 %
2026/10/09 11:20:12.296, 1, NVIDIA GB300, 952.87 W, 245326 MiB, 100 %
2026/10/09 11:20:13.296, 0, NVIDIA RTX PRO 6000 Blackwell Max-Q Workstation Edition, 204.98 W, 73361 MiB, 50 %
2026/10/09 11:20:13.296, 1, NVIDIA GB300, 819.16 W, 245326 MiB, 100 %
2026/10/09 11:20:14.296, 0, NVIDIA RTX PRO 6000 Blackwell Max-Q Workstation Edition, 208.63 W, 73361 MiB, 47 %
2026/10/09 11:20:14.296, 1, NVIDIA GB300, 842.46 W, 245326 MiB, 100 %
2026/10/09 11:20:15.296, 0, NVIDIA RTX PRO 6000 Blackwell Max-Q Workstation Edition, 207.47 W, 73361 MiB, 57 %
2026/10/09 11:20:15.296, 1, NVIDIA GB300, 846.62 W, 245326 MiB, 99 %
2026/10/09 11:20:16.296, 0, NVIDIA RTX PRO 6000 Blackwell Max-Q Workstation Edition, 208.82 W, 73361 MiB, 43 %
2026/10/09 11:20:16.297, 1, NVIDIA GB300, 829.59 W, 245326 MiB, 100 %
2026/10/09 11:20:17.297, 0, NVIDIA RTX PRO 6000 Blackwell Max-Q Workstation Edition, 202.85 W, 73361 MiB, 58 %
2026/10/09 11:20:17.297, 1, NVIDIA GB300, 817.90 W, 245326 MiB, 82 %
2026/10/09 11:20:18.297, 0, NVIDIA RTX PRO 6000 Blackwell Max-Q Workstation Edition, 202.00 W, 73361 MiB, 45 %
2026/10/09 11:20:18.297, 1, NVIDIA GB300, 877.92 W, 245326 MiB, 100 %
2026/10/09 11:20:19.297, 0, NVIDIA RTX PRO 6000 Blackwell Max-Q Workstation Edition, 204.57 W, 73361 MiB, 49 %
2026/10/09 11:20:19.297, 1, NVIDIA GB300, 953.86 W, 245326 MiB, 100 %
2026/10/09 11:20:20.297, 0, NVIDIA RTX PRO 6000 Blackwell Max-Q Workstation Edition, 205.20 W, 73361 MiB, 46 %
2026/10/09 11:20:20.297, 1, NVIDIA GB300, 950.23 W, 245326 MiB, 100 %
2026/10/09 11:20:21.297, 0, NVIDIA RTX PRO 6000 Blackwell Max-Q Workstation Edition, 202.77 W, 73361 MiB, 46 %
2026/10/09 11:20:21.297, 1, NVIDIA GB300, 954.04 W, 245326 MiB, 100 %
2026/10/09 11:20:22.297, 0, NVIDIA RTX PRO 6000 Blackwell Max-Q Workstation Edition, 206.04 W, 73361 MiB, 50 %
2026/10/09 11:20:22.297, 1, NVIDIA GB300, 955.05 W, 245326 MiB, 100 %
2026/10/09 11:20:23.297, 0, NVIDIA RTX PRO 6000 Blackwell Max-Q Workstation Edition, 205.92 W, 73361 MiB, 49 %
2026/10/09 11:20:23.297, 1, NVIDIA GB300, 953.56 W, 245326 MiB, 100 %
2026/10/09 11:20:24.298, 0, NVIDIA RTX PRO 6000 Blackwell Max-Q Workstation Edition, 204.12 W, 73361 MiB, 47 %
2026/10/09 11:20:24.298, 1, NVIDIA GB300, 966.81 W, 245326 MiB, 100 %
2026/10/09 11:20:25.298, 0, NVIDIA RTX PRO 6000 Blackwell Max-Q Workstation Edition, 203.07 W, 73361 MiB, 43 %
2026/10/09 11:20:25.298, 1, NVIDIA GB300, 920.81 W, 245326 MiB, 100 %
2026/10/09 11:20:26.298, 0, NVIDIA RTX PRO 6000 Blackwell Max-Q Workstation Edition, 172.06 W, 73361 MiB, 30 %
2026/10/09 11:20:26.298, 1, NVIDIA GB300, 759.10 W, 245326 MiB, 98 %

--- arm A long C32: long/power-<host>-long.csv, windows decode-c32-r1 11:20:53.313-11:22:40.230
2026/10/09 11:20:53.347, 0, NVIDIA RTX PRO 6000 Blackwell Max-Q Workstation Edition, 198.24 W, 73361 MiB, 39 %
2026/10/09 11:20:53.347, 1, NVIDIA GB300, 736.05 W, 245326 MiB, 25 %
2026/10/09 11:20:54.347, 0, NVIDIA RTX PRO 6000 Blackwell Max-Q Workstation Edition, 95.46 W, 73361 MiB, 0 %
2026/10/09 11:20:54.348, 1, NVIDIA GB300, 216.72 W, 245326 MiB, 0 %
2026/10/09 11:20:55.348, 0, NVIDIA RTX PRO 6000 Blackwell Max-Q Workstation Edition, 90.02 W, 73361 MiB, 0 %
2026/10/09 11:20:55.348, 1, NVIDIA GB300, 214.78 W, 245326 MiB, 0 %
2026/10/09 11:20:56.348, 0, NVIDIA RTX PRO 6000 Blackwell Max-Q Workstation Edition, 89.94 W, 73361 MiB, 0 %
2026/10/09 11:20:56.348, 1, NVIDIA GB300, 213.47 W, 245326 MiB, 0 %
2026/10/09 11:20:57.348, 0, NVIDIA RTX PRO 6000 Blackwell Max-Q Workstation Edition, 89.87 W, 73361 MiB, 0 %
2026/10/09 11:20:57.348, 1, NVIDIA GB300, 213.46 W, 245326 MiB, 0 %
2026/10/09 11:20:58.348, 0, NVIDIA RTX PRO 6000 Blackwell Max-Q Workstation Edition, 89.82 W, 73361 MiB, 0 %
2026/10/09 11:20:58.348, 1, NVIDIA GB300, 213.47 W, 245326 MiB, 0 %
2026/10/09 11:20:59.348, 0, NVIDIA RTX PRO 6000 Blackwell Max-Q Workstation Edition, 89.86 W, 73361 MiB, 0 %
2026/10/09 11:20:59.348, 1, NVIDIA GB300, 213.47 W, 245326 MiB, 0 %
2026/10/09 11:21:00.348, 0, NVIDIA RTX PRO 6000 Blackwell Max-Q Workstation Edition, 89.62 W, 73361 MiB, 0 %
2026/10/09 11:21:00.348, 1, NVIDIA GB300, 213.42 W, 245326 MiB, 0 %
2026/10/09 11:21:01.348, 0, NVIDIA RTX PRO 6000 Blackwell Max-Q Workstation Edition, 89.58 W, 73361 MiB, 0 %
2026/10/09 11:21:01.348, 1, NVIDIA GB300, 213.16 W, 245326 MiB, 0 %
2026/10/09 11:21:02.348, 0, NVIDIA RTX PRO 6000 Blackwell Max-Q Workstation Edition, 89.50 W, 73361 MiB, 0 %
2026/10/09 11:21:02.349, 1, NVIDIA GB300, 213.07 W, 245326 MiB, 0 %
2026/10/09 11:21:03.349, 0, NVIDIA RTX PRO 6000 Blackwell Max-Q Workstation Edition, 89.44 W, 73361 MiB, 0 %
2026/10/09 11:21:03.349, 1, NVIDIA GB300, 212.56 W, 245326 MiB, 0 %
2026/10/09 11:21:04.349, 0, NVIDIA RTX PRO 6000 Blackwell Max-Q Workstation Edition, 89.40 W, 73361 MiB, 0 %
2026/10/09 11:21:04.349, 1, NVIDIA GB300, 211.89 W, 245326 MiB, 0 %
2026/10/09 11:21:05.349, 0, NVIDIA RTX PRO 6000 Blackwell Max-Q Workstation Edition, 96.19 W, 73361 MiB, 64 %
2026/10/09 11:21:05.349, 1, NVIDIA GB300, 390.05 W, 245326 MiB, 100 %
2026/10/09 11:21:06.349, 0, NVIDIA RTX PRO 6000 Blackwell Max-Q Workstation Edition, 207.16 W, 73361 MiB, 71 %
2026/10/09 11:21:06.349, 1, NVIDIA GB300, 824.22 W, 245326 MiB, 100 %
2026/10/09 11:21:07.349, 0, NVIDIA RTX PRO 6000 Blackwell Max-Q Workstation Edition, 213.28 W, 73361 MiB, 53 %
2026/10/09 11:21:07.349, 1, NVIDIA GB300, 877.12 W, 245326 MiB, 100 %
2026/10/09 11:21:08.349, 0, NVIDIA RTX PRO 6000 Blackwell Max-Q Workstation Edition, 216.72 W, 73361 MiB, 70 %
2026/10/09 11:21:08.349, 1, NVIDIA GB300, 868.83 W, 245326 MiB, 98 %
2026/10/09 11:21:09.349, 0, NVIDIA RTX PRO 6000 Blackwell Max-Q Workstation Edition, 210.44 W, 73361 MiB, 71 %
2026/10/09 11:21:09.349, 1, NVIDIA GB300, 809.08 W, 245326 MiB, 89 %
2026/10/09 11:21:10.350, 0, NVIDIA RTX PRO 6000 Blackwell Max-Q Workstation Edition, 211.55 W, 73361 MiB, 62 %
2026/10/09 11:21:10.350, 1, NVIDIA GB300, 872.16 W, 245326 MiB, 100 %
2026/10/09 11:21:11.350, 0, NVIDIA RTX PRO 6000 Blackwell Max-Q Workstation Edition, 206.02 W, 73361 MiB, 51 %
2026/10/09 11:21:11.350, 1, NVIDIA GB300, 784.50 W, 245326 MiB, 47 %
2026/10/09 11:21:12.350, 0, NVIDIA RTX PRO 6000 Blackwell Max-Q Workstation Edition, 201.10 W, 73361 MiB, 49 %
2026/10/09 11:21:12.350, 1, NVIDIA GB300, 962.70 W, 245326 MiB, 100 %
2026/10/09 11:21:13.350, 0, NVIDIA RTX PRO 6000 Blackwell Max-Q Workstation Edition, 210.66 W, 73361 MiB, 52 %
2026/10/09 11:21:13.350, 1, NVIDIA GB300, 950.97 W, 245326 MiB, 100 %
2026/10/09 11:21:14.350, 0, NVIDIA RTX PRO 6000 Blackwell Max-Q Workstation Edition, 215.41 W, 73361 MiB, 51 %
2026/10/09 11:21:14.350, 1, NVIDIA GB300, 945.09 W, 245326 MiB, 100 %
2026/10/09 11:21:15.350, 0, NVIDIA RTX PRO 6000 Blackwell Max-Q Workstation Edition, 213.85 W, 73361 MiB, 47 %
2026/10/09 11:21:15.350, 1, NVIDIA GB300, 947.94 W, 245326 MiB, 100 %
2026/10/09 11:21:16.350, 0, NVIDIA RTX PRO 6000 Blackwell Max-Q Workstation Edition, 211.53 W, 73361 MiB, 51 %
2026/10/09 11:21:16.350, 1, NVIDIA GB300, 950.06 W, 245326 MiB, 100 %
2026/10/09 11:21:17.351, 0, NVIDIA RTX PRO 6000 Blackwell Max-Q Workstation Edition, 215.38 W, 73361 MiB, 47 %
2026/10/09 11:21:17.351, 1, NVIDIA GB300, 946.79 W, 245326 MiB, 100 %
2026/10/09 11:21:18.351, 0, NVIDIA RTX PRO 6000 Blackwell Max-Q Workstation Edition, 214.59 W, 73361 MiB, 52 %
2026/10/09 11:21:18.351, 1, NVIDIA GB300, 952.75 W, 245326 MiB, 100 %
2026/10/09 11:21:19.351, 0, NVIDIA RTX PRO 6000 Blackwell Max-Q Workstation Edition, 216.59 W, 73361 MiB, 51 %
2026/10/09 11:21:19.351, 1, NVIDIA GB300, 958.91 W, 245326 MiB, 100 %
2026/10/09 11:21:20.351, 0, NVIDIA RTX PRO 6000 Blackwell Max-Q Workstation Edition, 215.71 W, 73361 MiB, 49 %
2026/10/09 11:21:20.351, 1, NVIDIA GB300, 960.89 W, 245326 MiB, 100 %
2026/10/09 11:21:21.351, 0, NVIDIA RTX PRO 6000 Blackwell Max-Q Workstation Edition, 214.69 W, 73361 MiB, 50 %
2026/10/09 11:21:21.351, 1, NVIDIA GB300, 954.95 W, 245326 MiB, 100 %
2026/10/09 11:21:22.351, 0, NVIDIA RTX PRO 6000 Blackwell Max-Q Workstation Edition, 200.53 W, 73361 MiB, 34 %
2026/10/09 11:21:22.351, 1, NVIDIA GB300, 789.10 W, 245326 MiB, 100 %
2026/10/09 11:21:23.351, 0, NVIDIA RTX PRO 6000 Blackwell Max-Q Workstation Edition, 207.84 W, 73361 MiB, 61 %
2026/10/09 11:21:23.351, 1, NVIDIA GB300, 813.50 W, 245326 MiB, 60 %
2026/10/09 11:21:24.351, 0, NVIDIA RTX PRO 6000 Blackwell Max-Q Workstation Edition, 208.86 W, 73361 MiB, 66 %
2026/10/09 11:21:24.352, 1, NVIDIA GB300, 842.01 W, 245326 MiB, 100 %
2026/10/09 11:21:25.352, 0, NVIDIA RTX PRO 6000 Blackwell Max-Q Workstation Edition, 213.20 W, 73361 MiB, 58 %
2026/10/09 11:21:25.352, 1, NVIDIA GB300, 831.57 W, 245326 MiB, 100 %
2026/10/09 11:21:26.352, 0, NVIDIA RTX PRO 6000 Blackwell Max-Q Workstation Edition, 209.39 W, 73361 MiB, 72 %
2026/10/09 11:21:26.352, 1, NVIDIA GB300, 797.56 W, 245326 MiB, 100 %
2026/10/09 11:21:27.352, 0, NVIDIA RTX PRO 6000 Blackwell Max-Q Workstation Edition, 197.62 W, 73361 MiB, 26 %
2026/10/09 11:21:27.352, 1, NVIDIA GB300, 725.49 W, 245326 MiB, 100 %
2026/10/09 11:21:28.352, 0, NVIDIA RTX PRO 6000 Blackwell Max-Q Workstation Edition, 212.47 W, 73361 MiB, 55 %
2026/10/09 11:21:28.352, 1, NVIDIA GB300, 877.64 W, 245326 MiB, 100 %
2026/10/09 11:21:29.352, 0, NVIDIA RTX PRO 6000 Blackwell Max-Q Workstation Edition, 209.13 W, 73361 MiB, 54 %
2026/10/09 11:21:29.352, 1, NVIDIA GB300, 863.72 W, 245326 MiB, 100 %
2026/10/09 11:21:30.352, 0, NVIDIA RTX PRO 6000 Blackwell Max-Q Workstation Edition, 213.57 W, 73361 MiB, 52 %
2026/10/09 11:21:30.352, 1, NVIDIA GB300, 851.79 W, 245326 MiB, 99 %
2026/10/09 11:21:31.352, 0, NVIDIA RTX PRO 6000 Blackwell Max-Q Workstation Edition, 206.21 W, 73361 MiB, 48 %
2026/10/09 11:21:31.353, 1, NVIDIA GB300, 858.04 W, 245326 MiB, 100 %
2026/10/09 11:21:32.353, 0, NVIDIA RTX PRO 6000 Blackwell Max-Q Workstation Edition, 213.64 W, 73361 MiB, 49 %
2026/10/09 11:21:32.353, 1, NVIDIA GB300, 956.21 W, 245326 MiB, 100 %
2026/10/09 11:21:33.353, 0, NVIDIA RTX PRO 6000 Blackwell Max-Q Workstation Edition, 212.66 W, 73361 MiB, 51 %
2026/10/09 11:21:33.353, 1, NVIDIA GB300, 950.73 W, 245326 MiB, 100 %
2026/10/09 11:21:34.353, 0, NVIDIA RTX PRO 6000 Blackwell Max-Q Workstation Edition, 212.72 W, 73361 MiB, 49 %
2026/10/09 11:21:34.353, 1, NVIDIA GB300, 963.21 W, 245326 MiB, 100 %
2026/10/09 11:21:35.353, 0, NVIDIA RTX PRO 6000 Blackwell Max-Q Workstation Edition, 214.36 W, 73361 MiB, 49 %
2026/10/09 11:21:35.353, 1, NVIDIA GB300, 955.66 W, 245326 MiB, 100 %
2026/10/09 11:21:36.353, 0, NVIDIA RTX PRO 6000 Blackwell Max-Q Workstation Edition, 215.35 W, 73361 MiB, 48 %
2026/10/09 11:21:36.353, 1, NVIDIA GB300, 948.07 W, 245326 MiB, 100 %
2026/10/09 11:21:37.353, 0, NVIDIA RTX PRO 6000 Blackwell Max-Q Workstation Edition, 213.53 W, 73361 MiB, 50 %
2026/10/09 11:21:37.353, 1, NVIDIA GB300, 957.72 W, 245326 MiB, 100 %
2026/10/09 11:21:38.353, 0, NVIDIA RTX PRO 6000 Blackwell Max-Q Workstation Edition, 217.22 W, 73361 MiB, 51 %
2026/10/09 11:21:38.353, 1, NVIDIA GB300, 953.59 W, 245326 MiB, 100 %
2026/10/09 11:21:39.354, 0, NVIDIA RTX PRO 6000 Blackwell Max-Q Workstation Edition, 217.85 W, 73361 MiB, 51 %
2026/10/09 11:21:39.354, 1, NVIDIA GB300, 944.15 W, 245326 MiB, 100 %
2026/10/09 11:21:40.354, 0, NVIDIA RTX PRO 6000 Blackwell Max-Q Workstation Edition, 220.33 W, 73361 MiB, 60 %
2026/10/09 11:21:40.354, 1, NVIDIA GB300, 898.91 W, 245326 MiB, 74 %
2026/10/09 11:21:41.354, 0, NVIDIA RTX PRO 6000 Blackwell Max-Q Workstation Edition, 208.95 W, 73361 MiB, 66 %
2026/10/09 11:21:41.354, 1, NVIDIA GB300, 852.44 W, 245326 MiB, 100 %
2026/10/09 11:21:42.354, 0, NVIDIA RTX PRO 6000 Blackwell Max-Q Workstation Edition, 211.14 W, 73361 MiB, 71 %
2026/10/09 11:21:42.354, 1, NVIDIA GB300, 813.66 W, 245326 MiB, 100 %
2026/10/09 11:21:43.354, 0, NVIDIA RTX PRO 6000 Blackwell Max-Q Workstation Edition, 212.78 W, 73361 MiB, 57 %
2026/10/09 11:21:43.354, 1, NVIDIA GB300, 767.99 W, 245328 MiB, 91 %
2026/10/09 11:21:44.354, 0, NVIDIA RTX PRO 6000 Blackwell Max-Q Workstation Edition, 205.79 W, 73361 MiB, 52 %
2026/10/09 11:21:44.354, 1, NVIDIA GB300, 763.33 W, 245328 MiB, 41 %
2026/10/09 11:21:45.354, 0, NVIDIA RTX PRO 6000 Blackwell Max-Q Workstation Edition, 197.09 W, 73361 MiB, 30 %
2026/10/09 11:21:45.354, 1, NVIDIA GB300, 810.25 W, 245328 MiB, 94 %
2026/10/09 11:21:46.355, 0, NVIDIA RTX PRO 6000 Blackwell Max-Q Workstation Edition, 206.14 W, 73361 MiB, 70 %
2026/10/09 11:21:46.355, 1, NVIDIA GB300, 802.45 W, 245328 MiB, 100 %
2026/10/09 11:21:47.355, 0, NVIDIA RTX PRO 6000 Blackwell Max-Q Workstation Edition, 209.96 W, 73361 MiB, 50 %
2026/10/09 11:21:47.355, 1, NVIDIA GB300, 838.87 W, 245328 MiB, 98 %
2026/10/09 11:21:48.355, 0, NVIDIA RTX PRO 6000 Blackwell Max-Q Workstation Edition, 202.25 W, 73361 MiB, 14 %
2026/10/09 11:21:48.355, 1, NVIDIA GB300, 768.85 W, 245328 MiB, 98 %
2026/10/09 11:21:49.355, 0, NVIDIA RTX PRO 6000 Blackwell Max-Q Workstation Edition, 203.70 W, 73361 MiB, 56 %
2026/10/09 11:21:49.355, 1, NVIDIA GB300, 784.25 W, 245328 MiB, 83 %
2026/10/09 11:21:50.355, 0, NVIDIA RTX PRO 6000 Blackwell Max-Q Workstation Edition, 208.40 W, 73361 MiB, 63 %
2026/10/09 11:21:50.355, 1, NVIDIA GB300, 780.16 W, 245328 MiB, 74 %
2026/10/09 11:21:51.355, 0, NVIDIA RTX PRO 6000 Blackwell Max-Q Workstation Edition, 216.18 W, 73361 MiB, 51 %
2026/10/09 11:21:51.355, 1, NVIDIA GB300, 952.45 W, 245328 MiB, 100 %
2026/10/09 11:21:52.355, 0, NVIDIA RTX PRO 6000 Blackwell Max-Q Workstation Edition, 217.54 W, 73361 MiB, 49 %
2026/10/09 11:21:52.355, 1, NVIDIA GB300, 944.67 W, 245328 MiB, 100 %
2026/10/09 11:21:53.356, 0, NVIDIA RTX PRO 6000 Blackwell Max-Q Workstation Edition, 215.38 W, 73361 MiB, 49 %
2026/10/09 11:21:53.356, 1, NVIDIA GB300, 960.53 W, 245328 MiB, 100 %
2026/10/09 11:21:54.356, 0, NVIDIA RTX PRO 6000 Blackwell Max-Q Workstation Edition, 217.60 W, 73361 MiB, 50 %
2026/10/09 11:21:54.356, 1, NVIDIA GB300, 957.07 W, 245328 MiB, 100 %
2026/10/09 11:21:55.356, 0, NVIDIA RTX PRO 6000 Blackwell Max-Q Workstation Edition, 217.14 W, 73361 MiB, 51 %
2026/10/09 11:21:55.356, 1, NVIDIA GB300, 960.78 W, 245328 MiB, 100 %
2026/10/09 11:21:56.356, 0, NVIDIA RTX PRO 6000 Blackwell Max-Q Workstation Edition, 219.37 W, 73361 MiB, 49 %
2026/10/09 11:21:56.356, 1, NVIDIA GB300, 952.70 W, 245328 MiB, 100 %
2026/10/09 11:21:57.356, 0, NVIDIA RTX PRO 6000 Blackwell Max-Q Workstation Edition, 216.59 W, 73361 MiB, 51 %
2026/10/09 11:21:57.356, 1, NVIDIA GB300, 962.11 W, 245328 MiB, 100 %
2026/10/09 11:21:58.356, 0, NVIDIA RTX PRO 6000 Blackwell Max-Q Workstation Edition, 218.99 W, 73361 MiB, 52 %
2026/10/09 11:21:58.356, 1, NVIDIA GB300, 957.74 W, 245328 MiB, 100 %
2026/10/09 11:21:59.356, 0, NVIDIA RTX PRO 6000 Blackwell Max-Q Workstation Edition, 213.50 W, 73361 MiB, 52 %
2026/10/09 11:21:59.357, 1, NVIDIA GB300, 888.19 W, 245328 MiB, 100 %
2026/10/09 11:22:00.357, 0, NVIDIA RTX PRO 6000 Blackwell Max-Q Workstation Edition, 216.23 W, 73361 MiB, 61 %
2026/10/09 11:22:00.357, 1, NVIDIA GB300, 847.68 W, 245328 MiB, 85 %
2026/10/09 11:22:01.357, 0, NVIDIA RTX PRO 6000 Blackwell Max-Q Workstation Edition, 212.12 W, 73361 MiB, 66 %
2026/10/09 11:22:01.357, 1, NVIDIA GB300, 837.58 W, 245328 MiB, 100 %
2026/10/09 11:22:02.357, 0, NVIDIA RTX PRO 6000 Blackwell Max-Q Workstation Edition, 212.31 W, 73361 MiB, 23 %
2026/10/09 11:22:02.357, 1, NVIDIA GB300, 772.23 W, 245328 MiB, 100 %
2026/10/09 11:22:03.357, 0, NVIDIA RTX PRO 6000 Blackwell Max-Q Workstation Edition, 210.70 W, 73361 MiB, 56 %
2026/10/09 11:22:03.357, 1, NVIDIA GB300, 840.74 W, 245328 MiB, 100 %
2026/10/09 11:22:04.357, 0, NVIDIA RTX PRO 6000 Blackwell Max-Q Workstation Edition, 216.93 W, 73361 MiB, 54 %
2026/10/09 11:22:04.357, 1, NVIDIA GB300, 832.34 W, 245328 MiB, 100 %
2026/10/09 11:22:05.357, 0, NVIDIA RTX PRO 6000 Blackwell Max-Q Workstation Edition, 211.45 W, 73361 MiB, 57 %
2026/10/09 11:22:05.357, 1, NVIDIA GB300, 844.71 W, 245328 MiB, 100 %
2026/10/09 11:22:06.357, 0, NVIDIA RTX PRO 6000 Blackwell Max-Q Workstation Edition, 214.51 W, 73361 MiB, 56 %
2026/10/09 11:22:06.358, 1, NVIDIA GB300, 788.24 W, 245328 MiB, 78 %
2026/10/09 11:22:07.358, 0, NVIDIA RTX PRO 6000 Blackwell Max-Q Workstation Edition, 210.86 W, 73361 MiB, 68 %
2026/10/09 11:22:07.358, 1, NVIDIA GB300, 806.95 W, 245328 MiB, 51 %
2026/10/09 11:22:08.358, 0, NVIDIA RTX PRO 6000 Blackwell Max-Q Workstation Edition, 211.33 W, 73361 MiB, 60 %
2026/10/09 11:22:08.358, 1, NVIDIA GB300, 844.68 W, 245328 MiB, 81 %
2026/10/09 11:22:09.358, 0, NVIDIA RTX PRO 6000 Blackwell Max-Q Workstation Edition, 208.80 W, 73361 MiB, 41 %
2026/10/09 11:22:09.358, 1, NVIDIA GB300, 841.04 W, 245328 MiB, 100 %
2026/10/09 11:22:10.358, 0, NVIDIA RTX PRO 6000 Blackwell Max-Q Workstation Edition, 212.43 W, 73361 MiB, 49 %
2026/10/09 11:22:10.358, 1, NVIDIA GB300, 894.84 W, 245328 MiB, 100 %
2026/10/09 11:22:11.358, 0, NVIDIA RTX PRO 6000 Blackwell Max-Q Workstation Edition, 219.49 W, 73361 MiB, 50 %
2026/10/09 11:22:11.358, 1, NVIDIA GB300, 955.09 W, 245328 MiB, 100 %
2026/10/09 11:22:12.358, 0, NVIDIA RTX PRO 6000 Blackwell Max-Q Workstation Edition, 216.99 W, 73361 MiB, 50 %
2026/10/09 11:22:12.358, 1, NVIDIA GB300, 956.86 W, 245328 MiB, 100 %
2026/10/09 11:22:13.358, 0, NVIDIA RTX PRO 6000 Blackwell Max-Q Workstation Edition, 218.85 W, 73361 MiB, 50 %
2026/10/09 11:22:13.358, 1, NVIDIA GB300, 955.27 W, 245328 MiB, 100 %
2026/10/09 11:22:14.359, 0, NVIDIA RTX PRO 6000 Blackwell Max-Q Workstation Edition, 218.40 W, 73361 MiB, 50 %
2026/10/09 11:22:14.359, 1, NVIDIA GB300, 947.16 W, 245328 MiB, 100 %
2026/10/09 11:22:15.359, 0, NVIDIA RTX PRO 6000 Blackwell Max-Q Workstation Edition, 218.03 W, 73361 MiB, 49 %
2026/10/09 11:22:15.359, 1, NVIDIA GB300, 970.38 W, 245328 MiB, 100 %
2026/10/09 11:22:16.359, 0, NVIDIA RTX PRO 6000 Blackwell Max-Q Workstation Edition, 219.39 W, 73361 MiB, 51 %
2026/10/09 11:22:16.359, 1, NVIDIA GB300, 961.55 W, 245328 MiB, 100 %
2026/10/09 11:22:17.359, 0, NVIDIA RTX PRO 6000 Blackwell Max-Q Workstation Edition, 222.61 W, 73361 MiB, 52 %
2026/10/09 11:22:17.359, 1, NVIDIA GB300, 965.48 W, 245328 MiB, 100 %
2026/10/09 11:22:18.359, 0, NVIDIA RTX PRO 6000 Blackwell Max-Q Workstation Edition, 216.78 W, 73361 MiB, 59 %
2026/10/09 11:22:18.359, 1, NVIDIA GB300, 854.41 W, 245328 MiB, 97 %
2026/10/09 11:22:19.359, 0, NVIDIA RTX PRO 6000 Blackwell Max-Q Workstation Edition, 217.24 W, 73361 MiB, 63 %
2026/10/09 11:22:19.359, 1, NVIDIA GB300, 876.17 W, 245328 MiB, 67 %
2026/10/09 11:22:20.359, 0, NVIDIA RTX PRO 6000 Blackwell Max-Q Workstation Edition, 210.54 W, 73361 MiB, 37 %
2026/10/09 11:22:20.359, 1, NVIDIA GB300, 801.07 W, 245328 MiB, 98 %
2026/10/09 11:22:21.360, 0, NVIDIA RTX PRO 6000 Blackwell Max-Q Workstation Edition, 216.76 W, 73361 MiB, 55 %
2026/10/09 11:22:21.360, 1, NVIDIA GB300, 843.41 W, 245328 MiB, 100 %
2026/10/09 11:22:22.360, 0, NVIDIA RTX PRO 6000 Blackwell Max-Q Workstation Edition, 212.91 W, 73361 MiB, 60 %
2026/10/09 11:22:22.360, 1, NVIDIA GB300, 760.39 W, 245328 MiB, 52 %
2026/10/09 11:22:23.360, 0, NVIDIA RTX PRO 6000 Blackwell Max-Q Workstation Edition, 210.53 W, 73361 MiB, 53 %
2026/10/09 11:22:23.360, 1, NVIDIA GB300, 758.10 W, 245328 MiB, 74 %
2026/10/09 11:22:24.360, 0, NVIDIA RTX PRO 6000 Blackwell Max-Q Workstation Edition, 209.62 W, 73361 MiB, 27 %
2026/10/09 11:22:24.360, 1, NVIDIA GB300, 815.46 W, 245328 MiB, 100 %
2026/10/09 11:22:25.360, 0, NVIDIA RTX PRO 6000 Blackwell Max-Q Workstation Edition, 219.10 W, 73361 MiB, 54 %
2026/10/09 11:22:25.360, 1, NVIDIA GB300, 868.84 W, 245328 MiB, 100 %
2026/10/09 11:22:26.360, 0, NVIDIA RTX PRO 6000 Blackwell Max-Q Workstation Edition, 219.42 W, 73361 MiB, 61 %
2026/10/09 11:22:26.360, 1, NVIDIA GB300, 860.64 W, 245328 MiB, 53 %
2026/10/09 11:22:27.360, 0, NVIDIA RTX PRO 6000 Blackwell Max-Q Workstation Edition, 218.13 W, 73361 MiB, 44 %
2026/10/09 11:22:27.360, 1, NVIDIA GB300, 876.18 W, 245328 MiB, 100 %
2026/10/09 11:22:28.360, 0, NVIDIA RTX PRO 6000 Blackwell Max-Q Workstation Edition, 203.16 W, 73361 MiB, 28 %
2026/10/09 11:22:28.361, 1, NVIDIA GB300, 815.09 W, 245328 MiB, 100 %
2026/10/09 11:22:29.361, 0, NVIDIA RTX PRO 6000 Blackwell Max-Q Workstation Edition, 218.97 W, 73361 MiB, 61 %
2026/10/09 11:22:29.361, 1, NVIDIA GB300, 901.88 W, 245328 MiB, 61 %
2026/10/09 11:22:30.361, 0, NVIDIA RTX PRO 6000 Blackwell Max-Q Workstation Edition, 216.66 W, 73361 MiB, 50 %
2026/10/09 11:22:30.361, 1, NVIDIA GB300, 956.22 W, 245328 MiB, 100 %
2026/10/09 11:22:31.361, 0, NVIDIA RTX PRO 6000 Blackwell Max-Q Workstation Edition, 222.04 W, 73361 MiB, 51 %
2026/10/09 11:22:31.361, 1, NVIDIA GB300, 944.40 W, 245328 MiB, 100 %
2026/10/09 11:22:32.361, 0, NVIDIA RTX PRO 6000 Blackwell Max-Q Workstation Edition, 221.15 W, 73361 MiB, 50 %
2026/10/09 11:22:32.361, 1, NVIDIA GB300, 957.00 W, 245328 MiB, 100 %
2026/10/09 11:22:33.361, 0, NVIDIA RTX PRO 6000 Blackwell Max-Q Workstation Edition, 222.12 W, 73361 MiB, 49 %
2026/10/09 11:22:33.361, 1, NVIDIA GB300, 957.42 W, 245328 MiB, 100 %
2026/10/09 11:22:34.361, 0, NVIDIA RTX PRO 6000 Blackwell Max-Q Workstation Edition, 221.54 W, 73361 MiB, 52 %
2026/10/09 11:22:34.361, 1, NVIDIA GB300, 943.39 W, 245328 MiB, 100 %
2026/10/09 11:22:35.361, 0, NVIDIA RTX PRO 6000 Blackwell Max-Q Workstation Edition, 223.70 W, 73361 MiB, 50 %
2026/10/09 11:22:35.361, 1, NVIDIA GB300, 961.97 W, 245328 MiB, 100 %
2026/10/09 11:22:36.362, 0, NVIDIA RTX PRO 6000 Blackwell Max-Q Workstation Edition, 221.80 W, 73361 MiB, 51 %
2026/10/09 11:22:36.362, 1, NVIDIA GB300, 953.39 W, 245328 MiB, 100 %
2026/10/09 11:22:37.362, 0, NVIDIA RTX PRO 6000 Blackwell Max-Q Workstation Edition, 232.73 W, 73361 MiB, 57 %
2026/10/09 11:22:37.362, 1, NVIDIA GB300, 933.23 W, 245328 MiB, 100 %
2026/10/09 11:22:38.362, 0, NVIDIA RTX PRO 6000 Blackwell Max-Q Workstation Edition, 233.61 W, 73361 MiB, 47 %
2026/10/09 11:22:38.362, 1, NVIDIA GB300, 892.91 W, 245328 MiB, 100 %
2026/10/09 11:22:39.362, 0, NVIDIA RTX PRO 6000 Blackwell Max-Q Workstation Edition, 215.03 W, 73361 MiB, 50 %
2026/10/09 11:22:39.362, 1, NVIDIA GB300, 907.18 W, 245328 MiB, 100 %

--- arm A short C1: short/power-<host>-short.csv, windows decode-c1-r1 11:23:32.536-11:23:54.179; decode-c1-r2 11:24:03.771-11:24:27.458; decode-c1-r3 11:24:37.056-11:24:57.244
2026/10/09 11:23:32.757, 0, NVIDIA RTX PRO 6000 Blackwell Max-Q Workstation Edition, 94.65 W, 73361 MiB, 0 %
2026/10/09 11:23:32.757, 1, NVIDIA GB300, 326.42 W, 245328 MiB, 0 %
2026/10/09 11:23:33.757, 0, NVIDIA RTX PRO 6000 Blackwell Max-Q Workstation Edition, 92.53 W, 73361 MiB, 0 %
2026/10/09 11:23:33.757, 1, NVIDIA GB300, 212.48 W, 245328 MiB, 0 %
2026/10/09 11:23:34.758, 0, NVIDIA RTX PRO 6000 Blackwell Max-Q Workstation Edition, 88.75 W, 73361 MiB, 0 %
2026/10/09 11:23:34.758, 1, NVIDIA GB300, 211.85 W, 245328 MiB, 0 %
2026/10/09 11:23:35.758, 0, NVIDIA RTX PRO 6000 Blackwell Max-Q Workstation Edition, 88.87 W, 73361 MiB, 0 %
2026/10/09 11:23:35.758, 1, NVIDIA GB300, 211.54 W, 245328 MiB, 0 %
2026/10/09 11:23:36.758, 0, NVIDIA RTX PRO 6000 Blackwell Max-Q Workstation Edition, 88.89 W, 73361 MiB, 0 %
2026/10/09 11:23:36.758, 1, NVIDIA GB300, 211.50 W, 245328 MiB, 0 %
2026/10/09 11:23:37.758, 0, NVIDIA RTX PRO 6000 Blackwell Max-Q Workstation Edition, 88.88 W, 73361 MiB, 0 %
2026/10/09 11:23:37.758, 1, NVIDIA GB300, 211.50 W, 245328 MiB, 0 %
2026/10/09 11:23:38.758, 0, NVIDIA RTX PRO 6000 Blackwell Max-Q Workstation Edition, 88.86 W, 73361 MiB, 0 %
2026/10/09 11:23:38.758, 1, NVIDIA GB300, 211.50 W, 245328 MiB, 0 %
2026/10/09 11:23:39.758, 0, NVIDIA RTX PRO 6000 Blackwell Max-Q Workstation Edition, 88.58 W, 73361 MiB, 0 %
2026/10/09 11:23:39.758, 1, NVIDIA GB300, 211.61 W, 245328 MiB, 0 %
2026/10/09 11:23:40.758, 0, NVIDIA RTX PRO 6000 Blackwell Max-Q Workstation Edition, 88.55 W, 73361 MiB, 0 %
2026/10/09 11:23:40.758, 1, NVIDIA GB300, 211.50 W, 245328 MiB, 0 %
2026/10/09 11:23:41.758, 0, NVIDIA RTX PRO 6000 Blackwell Max-Q Workstation Edition, 88.62 W, 73361 MiB, 0 %
2026/10/09 11:23:41.758, 1, NVIDIA GB300, 235.27 W, 245328 MiB, 28 %
2026/10/09 11:23:42.759, 0, NVIDIA RTX PRO 6000 Blackwell Max-Q Workstation Edition, 114.78 W, 73361 MiB, 31 %
2026/10/09 11:23:42.759, 1, NVIDIA GB300, 571.71 W, 245328 MiB, 100 %
2026/10/09 11:23:43.759, 0, NVIDIA RTX PRO 6000 Blackwell Max-Q Workstation Edition, 130.39 W, 73361 MiB, 30 %
2026/10/09 11:23:43.759, 1, NVIDIA GB300, 558.36 W, 245328 MiB, 100 %
2026/10/09 11:23:44.759, 0, NVIDIA RTX PRO 6000 Blackwell Max-Q Workstation Edition, 129.75 W, 73361 MiB, 30 %
2026/10/09 11:23:44.759, 1, NVIDIA GB300, 553.49 W, 245328 MiB, 100 %
2026/10/09 11:23:45.759, 0, NVIDIA RTX PRO 6000 Blackwell Max-Q Workstation Edition, 114.67 W, 73361 MiB, 13 %
2026/10/09 11:23:45.759, 1, NVIDIA GB300, 617.74 W, 245328 MiB, 100 %
2026/10/09 11:23:46.759, 0, NVIDIA RTX PRO 6000 Blackwell Max-Q Workstation Edition, 105.50 W, 73361 MiB, 16 %
2026/10/09 11:23:46.759, 1, NVIDIA GB300, 616.51 W, 245328 MiB, 100 %
2026/10/09 11:23:47.759, 0, NVIDIA RTX PRO 6000 Blackwell Max-Q Workstation Edition, 106.30 W, 73361 MiB, 20 %
2026/10/09 11:23:47.759, 1, NVIDIA GB300, 617.01 W, 245328 MiB, 100 %
2026/10/09 11:23:48.759, 0, NVIDIA RTX PRO 6000 Blackwell Max-Q Workstation Edition, 105.69 W, 73361 MiB, 17 %
2026/10/09 11:23:48.759, 1, NVIDIA GB300, 607.27 W, 245328 MiB, 100 %
2026/10/09 11:23:49.759, 0, NVIDIA RTX PRO 6000 Blackwell Max-Q Workstation Edition, 112.57 W, 73361 MiB, 26 %
2026/10/09 11:23:49.759, 1, NVIDIA GB300, 593.47 W, 245328 MiB, 100 %
2026/10/09 11:23:50.759, 0, NVIDIA RTX PRO 6000 Blackwell Max-Q Workstation Edition, 136.43 W, 73361 MiB, 34 %
2026/10/09 11:23:50.760, 1, NVIDIA GB300, 578.88 W, 245328 MiB, 100 %
2026/10/09 11:23:51.760, 0, NVIDIA RTX PRO 6000 Blackwell Max-Q Workstation Edition, 143.98 W, 73361 MiB, 34 %
2026/10/09 11:23:51.760, 1, NVIDIA GB300, 551.30 W, 245328 MiB, 100 %
2026/10/09 11:23:52.760, 0, NVIDIA RTX PRO 6000 Blackwell Max-Q Workstation Edition, 142.17 W, 73361 MiB, 32 %
2026/10/09 11:23:52.760, 1, NVIDIA GB300, 553.78 W, 245328 MiB, 100 %
2026/10/09 11:23:53.760, 0, NVIDIA RTX PRO 6000 Blackwell Max-Q Workstation Edition, 142.28 W, 73361 MiB, 33 %
2026/10/09 11:23:53.760, 1, NVIDIA GB300, 547.92 W, 245328 MiB, 100 %
2026/10/09 11:24:04.761, 0, NVIDIA RTX PRO 6000 Blackwell Max-Q Workstation Edition, 90.15 W, 73361 MiB, 0 %
2026/10/09 11:24:04.761, 1, NVIDIA GB300, 211.83 W, 245328 MiB, 0 %
2026/10/09 11:24:05.761, 0, NVIDIA RTX PRO 6000 Blackwell Max-Q Workstation Edition, 88.46 W, 73361 MiB, 0 %
2026/10/09 11:24:05.761, 1, NVIDIA GB300, 211.51 W, 245328 MiB, 0 %
2026/10/09 11:24:06.761, 0, NVIDIA RTX PRO 6000 Blackwell Max-Q Workstation Edition, 88.04 W, 73361 MiB, 0 %
2026/10/09 11:24:06.761, 1, NVIDIA GB300, 211.51 W, 245328 MiB, 0 %
2026/10/09 11:24:07.762, 0, NVIDIA RTX PRO 6000 Blackwell Max-Q Workstation Edition, 87.95 W, 73361 MiB, 0 %
2026/10/09 11:24:07.762, 1, NVIDIA GB300, 211.50 W, 245328 MiB, 0 %
2026/10/09 11:24:08.762, 0, NVIDIA RTX PRO 6000 Blackwell Max-Q Workstation Edition, 87.88 W, 73361 MiB, 0 %
2026/10/09 11:24:08.762, 1, NVIDIA GB300, 211.50 W, 245328 MiB, 0 %
2026/10/09 11:24:09.762, 0, NVIDIA RTX PRO 6000 Blackwell Max-Q Workstation Edition, 87.99 W, 73361 MiB, 0 %
2026/10/09 11:24:09.762, 1, NVIDIA GB300, 211.59 W, 245328 MiB, 0 %
2026/10/09 11:24:10.762, 0, NVIDIA RTX PRO 6000 Blackwell Max-Q Workstation Edition, 88.01 W, 73361 MiB, 0 %
2026/10/09 11:24:10.762, 1, NVIDIA GB300, 211.50 W, 245328 MiB, 0 %
2026/10/09 11:24:11.762, 0, NVIDIA RTX PRO 6000 Blackwell Max-Q Workstation Edition, 87.79 W, 73361 MiB, 0 %
2026/10/09 11:24:11.762, 1, NVIDIA GB300, 211.50 W, 245328 MiB, 0 %
2026/10/09 11:24:12.762, 0, NVIDIA RTX PRO 6000 Blackwell Max-Q Workstation Edition, 87.77 W, 73361 MiB, 0 %
2026/10/09 11:24:12.762, 1, NVIDIA GB300, 211.50 W, 245328 MiB, 0 %
2026/10/09 11:24:13.762, 0, NVIDIA RTX PRO 6000 Blackwell Max-Q Workstation Edition, 100.96 W, 73361 MiB, 26 %
2026/10/09 11:24:13.762, 1, NVIDIA GB300, 488.62 W, 245328 MiB, 100 %
2026/10/09 11:24:14.762, 0, NVIDIA RTX PRO 6000 Blackwell Max-Q Workstation Edition, 122.39 W, 73361 MiB, 28 %
2026/10/09 11:24:14.762, 1, NVIDIA GB300, 596.64 W, 245328 MiB, 100 %
2026/10/09 11:24:15.763, 0, NVIDIA RTX PRO 6000 Blackwell Max-Q Workstation Edition, 128.29 W, 73361 MiB, 29 %
2026/10/09 11:24:15.763, 1, NVIDIA GB300, 579.20 W, 245328 MiB, 100 %
2026/10/09 11:24:16.763, 0, NVIDIA RTX PRO 6000 Blackwell Max-Q Workstation Edition, 124.24 W, 73361 MiB, 26 %
2026/10/09 11:24:16.763, 1, NVIDIA GB300, 593.47 W, 245328 MiB, 100 %
2026/10/09 11:24:17.763, 0, NVIDIA RTX PRO 6000 Blackwell Max-Q Workstation Edition, 120.41 W, 73361 MiB, 28 %
2026/10/09 11:24:17.763, 1, NVIDIA GB300, 596.23 W, 245328 MiB, 94 %
2026/10/09 11:24:18.763, 0, NVIDIA RTX PRO 6000 Blackwell Max-Q Workstation Edition, 124.71 W, 73361 MiB, 26 %
2026/10/09 11:24:18.763, 1, NVIDIA GB300, 598.02 W, 245328 MiB, 100 %
2026/10/09 11:24:19.763, 0, NVIDIA RTX PRO 6000 Blackwell Max-Q Workstation Edition, 122.16 W, 73361 MiB, 24 %
2026/10/09 11:24:19.763, 1, NVIDIA GB300, 590.06 W, 245328 MiB, 100 %
2026/10/09 11:24:20.763, 0, NVIDIA RTX PRO 6000 Blackwell Max-Q Workstation Edition, 125.72 W, 73361 MiB, 29 %
2026/10/09 11:24:20.763, 1, NVIDIA GB300, 581.10 W, 245328 MiB, 100 %
2026/10/09 11:24:21.763, 0, NVIDIA RTX PRO 6000 Blackwell Max-Q Workstation Edition, 125.64 W, 73361 MiB, 27 %
2026/10/09 11:24:21.763, 1, NVIDIA GB300, 578.36 W, 245328 MiB, 100 %
2026/10/09 11:24:22.763, 0, NVIDIA RTX PRO 6000 Blackwell Max-Q Workstation Edition, 124.74 W, 73361 MiB, 26 %
2026/10/09 11:24:22.763, 1, NVIDIA GB300, 578.27 W, 245328 MiB, 100 %
2026/10/09 11:24:23.763, 0, NVIDIA RTX PRO 6000 Blackwell Max-Q Workstation Edition, 124.93 W, 73361 MiB, 25 %
2026/10/09 11:24:23.763, 1, NVIDIA GB300, 570.46 W, 245328 MiB, 28 %
2026/10/09 11:24:24.763, 0, NVIDIA RTX PRO 6000 Blackwell Max-Q Workstation Edition, 133.13 W, 73361 MiB, 32 %
2026/10/09 11:24:24.763, 1, NVIDIA GB300, 576.23 W, 245328 MiB, 100 %
2026/10/09 11:24:25.763, 0, NVIDIA RTX PRO 6000 Blackwell Max-Q Workstation Edition, 131.58 W, 73361 MiB, 27 %
2026/10/09 11:24:25.763, 1, NVIDIA GB300, 585.86 W, 245328 MiB, 100 %
2026/10/09 11:24:26.764, 0, NVIDIA RTX PRO 6000 Blackwell Max-Q Workstation Edition, 130.57 W, 73361 MiB, 29 %
2026/10/09 11:24:26.764, 1, NVIDIA GB300, 586.91 W, 245328 MiB, 100 %
2026/10/09 11:24:37.766, 0, NVIDIA RTX PRO 6000 Blackwell Max-Q Workstation Edition, 92.03 W, 73361 MiB, 0 %
2026/10/09 11:24:37.767, 1, NVIDIA GB300, 275.80 W, 245328 MiB, 0 %
2026/10/09 11:24:38.767, 0, NVIDIA RTX PRO 6000 Blackwell Max-Q Workstation Edition, 89.69 W, 73361 MiB, 0 %
2026/10/09 11:24:38.767, 1, NVIDIA GB300, 211.50 W, 245328 MiB, 0 %
2026/10/09 11:24:39.767, 0, NVIDIA RTX PRO 6000 Blackwell Max-Q Workstation Edition, 87.19 W, 73361 MiB, 0 %
2026/10/09 11:24:39.767, 1, NVIDIA GB300, 211.54 W, 245328 MiB, 0 %
2026/10/09 11:24:40.767, 0, NVIDIA RTX PRO 6000 Blackwell Max-Q Workstation Edition, 86.96 W, 73361 MiB, 0 %
2026/10/09 11:24:40.767, 1, NVIDIA GB300, 211.51 W, 245328 MiB, 0 %
2026/10/09 11:24:41.767, 0, NVIDIA RTX PRO 6000 Blackwell Max-Q Workstation Edition, 86.80 W, 73361 MiB, 0 %
2026/10/09 11:24:41.767, 1, NVIDIA GB300, 211.51 W, 245328 MiB, 0 %
2026/10/09 11:24:42.767, 0, NVIDIA RTX PRO 6000 Blackwell Max-Q Workstation Edition, 86.82 W, 73361 MiB, 0 %
2026/10/09 11:24:42.767, 1, NVIDIA GB300, 211.50 W, 245328 MiB, 0 %
2026/10/09 11:24:43.767, 0, NVIDIA RTX PRO 6000 Blackwell Max-Q Workstation Edition, 86.71 W, 73361 MiB, 0 %
2026/10/09 11:24:43.767, 1, NVIDIA GB300, 211.46 W, 245328 MiB, 0 %
2026/10/09 11:24:44.768, 0, NVIDIA RTX PRO 6000 Blackwell Max-Q Workstation Edition, 86.76 W, 73361 MiB, 0 %
2026/10/09 11:24:44.768, 1, NVIDIA GB300, 211.50 W, 245328 MiB, 0 %
2026/10/09 11:24:45.768, 0, NVIDIA RTX PRO 6000 Blackwell Max-Q Workstation Edition, 86.83 W, 73361 MiB, 0 %
2026/10/09 11:24:45.768, 1, NVIDIA GB300, 211.50 W, 245328 MiB, 0 %
2026/10/09 11:24:46.768, 0, NVIDIA RTX PRO 6000 Blackwell Max-Q Workstation Edition, 96.47 W, 73361 MiB, 30 %
2026/10/09 11:24:46.768, 1, NVIDIA GB300, 406.57 W, 245328 MiB, 100 %
2026/10/09 11:24:47.768, 0, NVIDIA RTX PRO 6000 Blackwell Max-Q Workstation Edition, 122.11 W, 73361 MiB, 27 %
2026/10/09 11:24:47.768, 1, NVIDIA GB300, 601.01 W, 245328 MiB, 100 %
2026/10/09 11:24:48.768, 0, NVIDIA RTX PRO 6000 Blackwell Max-Q Workstation Edition, 113.79 W, 73361 MiB, 20 %
2026/10/09 11:24:48.776, 1, NVIDIA GB300, 602.16 W, 245328 MiB, 100 %
2026/10/09 11:24:49.776, 0, NVIDIA RTX PRO 6000 Blackwell Max-Q Workstation Edition, 116.88 W, 73361 MiB, 29 %
2026/10/09 11:24:49.776, 1, NVIDIA GB300, 603.64 W, 245328 MiB, 100 %
2026/10/09 11:24:50.776, 0, NVIDIA RTX PRO 6000 Blackwell Max-Q Workstation Edition, 117.27 W, 73361 MiB, 23 %
2026/10/09 11:24:50.776, 1, NVIDIA GB300, 608.07 W, 245328 MiB, 100 %
2026/10/09 11:24:51.776, 0, NVIDIA RTX PRO 6000 Blackwell Max-Q Workstation Edition, 116.39 W, 73361 MiB, 19 %
2026/10/09 11:24:51.776, 1, NVIDIA GB300, 605.57 W, 245328 MiB, 100 %
2026/10/09 11:24:52.776, 0, NVIDIA RTX PRO 6000 Blackwell Max-Q Workstation Edition, 120.21 W, 73361 MiB, 32 %
2026/10/09 11:24:52.776, 1, NVIDIA GB300, 589.03 W, 245328 MiB, 100 %
2026/10/09 11:24:53.777, 0, NVIDIA RTX PRO 6000 Blackwell Max-Q Workstation Edition, 126.01 W, 73361 MiB, 28 %
2026/10/09 11:24:53.777, 1, NVIDIA GB300, 591.93 W, 245328 MiB, 100 %
2026/10/09 11:24:54.777, 0, NVIDIA RTX PRO 6000 Blackwell Max-Q Workstation Edition, 125.58 W, 73361 MiB, 28 %
2026/10/09 11:24:54.777, 1, NVIDIA GB300, 583.98 W, 245328 MiB, 100 %
2026/10/09 11:24:55.777, 0, NVIDIA RTX PRO 6000 Blackwell Max-Q Workstation Edition, 130.15 W, 73361 MiB, 20 %
2026/10/09 11:24:55.777, 1, NVIDIA GB300, 589.24 W, 245328 MiB, 100 %
2026/10/09 11:24:56.777, 0, NVIDIA RTX PRO 6000 Blackwell Max-Q Workstation Edition, 105.13 W, 73361 MiB, 17 %
2026/10/09 11:24:56.777, 1, NVIDIA GB300, 613.85 W, 245328 MiB, 100 %

--- arm A short C16: short/power-<host>-short.csv, windows decode-c16-r1 11:25:33.367-11:26:18.616
2026/10/09 11:25:33.826, 0, NVIDIA RTX PRO 6000 Blackwell Max-Q Workstation Edition, 73.58 W, 73361 MiB, 0 %
2026/10/09 11:25:33.826, 1, NVIDIA GB300, 427.37 W, 245328 MiB, 0 %
2026/10/09 11:25:34.826, 0, NVIDIA RTX PRO 6000 Blackwell Max-Q Workstation Edition, 86.65 W, 73361 MiB, 0 %
2026/10/09 11:25:34.826, 1, NVIDIA GB300, 210.79 W, 245328 MiB, 0 %
2026/10/09 11:25:35.826, 0, NVIDIA RTX PRO 6000 Blackwell Max-Q Workstation Edition, 84.94 W, 73361 MiB, 0 %
2026/10/09 11:25:35.826, 1, NVIDIA GB300, 209.58 W, 245328 MiB, 0 %
2026/10/09 11:25:36.826, 0, NVIDIA RTX PRO 6000 Blackwell Max-Q Workstation Edition, 84.87 W, 73361 MiB, 0 %
2026/10/09 11:25:36.826, 1, NVIDIA GB300, 209.55 W, 245328 MiB, 0 %
2026/10/09 11:25:37.826, 0, NVIDIA RTX PRO 6000 Blackwell Max-Q Workstation Edition, 84.68 W, 73361 MiB, 0 %
2026/10/09 11:25:37.826, 1, NVIDIA GB300, 209.55 W, 245328 MiB, 0 %
2026/10/09 11:25:38.826, 0, NVIDIA RTX PRO 6000 Blackwell Max-Q Workstation Edition, 84.75 W, 73361 MiB, 0 %
2026/10/09 11:25:38.826, 1, NVIDIA GB300, 209.55 W, 245328 MiB, 0 %
2026/10/09 11:25:39.827, 0, NVIDIA RTX PRO 6000 Blackwell Max-Q Workstation Edition, 84.55 W, 73361 MiB, 0 %
2026/10/09 11:25:39.827, 1, NVIDIA GB300, 209.65 W, 245328 MiB, 0 %
2026/10/09 11:25:40.827, 0, NVIDIA RTX PRO 6000 Blackwell Max-Q Workstation Edition, 84.68 W, 73361 MiB, 0 %
2026/10/09 11:25:40.827, 1, NVIDIA GB300, 209.55 W, 245328 MiB, 0 %
2026/10/09 11:25:41.827, 0, NVIDIA RTX PRO 6000 Blackwell Max-Q Workstation Edition, 84.71 W, 73361 MiB, 0 %
2026/10/09 11:25:41.827, 1, NVIDIA GB300, 209.55 W, 245328 MiB, 0 %
2026/10/09 11:25:42.827, 0, NVIDIA RTX PRO 6000 Blackwell Max-Q Workstation Edition, 85.25 W, 73361 MiB, 57 %
2026/10/09 11:25:42.827, 1, NVIDIA GB300, 320.43 W, 245328 MiB, 63 %
2026/10/09 11:25:43.827, 0, NVIDIA RTX PRO 6000 Blackwell Max-Q Workstation Edition, 191.31 W, 73361 MiB, 48 %
2026/10/09 11:25:43.827, 1, NVIDIA GB300, 983.30 W, 245328 MiB, 100 %
2026/10/09 11:25:44.827, 0, NVIDIA RTX PRO 6000 Blackwell Max-Q Workstation Edition, 202.43 W, 73361 MiB, 52 %
2026/10/09 11:25:44.827, 1, NVIDIA GB300, 1006.25 W, 245328 MiB, 100 %
2026/10/09 11:25:45.827, 0, NVIDIA RTX PRO 6000 Blackwell Max-Q Workstation Edition, 196.93 W, 73361 MiB, 45 %
2026/10/09 11:25:45.827, 1, NVIDIA GB300, 1006.95 W, 245328 MiB, 100 %
2026/10/09 11:25:46.828, 0, NVIDIA RTX PRO 6000 Blackwell Max-Q Workstation Edition, 197.86 W, 73361 MiB, 51 %
2026/10/09 11:25:46.828, 1, NVIDIA GB300, 1009.68 W, 245328 MiB, 100 %
2026/10/09 11:25:47.828, 0, NVIDIA RTX PRO 6000 Blackwell Max-Q Workstation Edition, 199.42 W, 73361 MiB, 48 %
2026/10/09 11:25:47.828, 1, NVIDIA GB300, 1006.57 W, 245328 MiB, 100 %
2026/10/09 11:25:48.828, 0, NVIDIA RTX PRO 6000 Blackwell Max-Q Workstation Edition, 199.50 W, 73361 MiB, 50 %
2026/10/09 11:25:48.828, 1, NVIDIA GB300, 1019.88 W, 245328 MiB, 100 %
2026/10/09 11:25:49.828, 0, NVIDIA RTX PRO 6000 Blackwell Max-Q Workstation Edition, 199.28 W, 73361 MiB, 50 %
2026/10/09 11:25:49.828, 1, NVIDIA GB300, 1006.82 W, 245328 MiB, 100 %
2026/10/09 11:25:50.828, 0, NVIDIA RTX PRO 6000 Blackwell Max-Q Workstation Edition, 202.28 W, 73361 MiB, 38 %
2026/10/09 11:25:50.828, 1, NVIDIA GB300, 946.96 W, 245328 MiB, 84 %
2026/10/09 11:25:51.828, 0, NVIDIA RTX PRO 6000 Blackwell Max-Q Workstation Edition, 179.12 W, 73361 MiB, 44 %
2026/10/09 11:25:51.828, 1, NVIDIA GB300, 941.86 W, 245328 MiB, 100 %
2026/10/09 11:25:52.828, 0, NVIDIA RTX PRO 6000 Blackwell Max-Q Workstation Edition, 183.45 W, 73361 MiB, 14 %
2026/10/09 11:25:52.828, 1, NVIDIA GB300, 872.22 W, 245328 MiB, 65 %
2026/10/09 11:25:53.828, 0, NVIDIA RTX PRO 6000 Blackwell Max-Q Workstation Edition, 179.46 W, 73361 MiB, 50 %
2026/10/09 11:25:53.828, 1, NVIDIA GB300, 936.46 W, 245328 MiB, 100 %
2026/10/09 11:25:54.829, 0, NVIDIA RTX PRO 6000 Blackwell Max-Q Workstation Edition, 200.21 W, 73361 MiB, 29 %
2026/10/09 11:25:54.829, 1, NVIDIA GB300, 927.12 W, 245328 MiB, 100 %
2026/10/09 11:25:55.829, 0, NVIDIA RTX PRO 6000 Blackwell Max-Q Workstation Edition, 201.16 W, 73361 MiB, 47 %
2026/10/09 11:25:55.829, 1, NVIDIA GB300, 988.45 W, 245328 MiB, 100 %
2026/10/09 11:25:56.829, 0, NVIDIA RTX PRO 6000 Blackwell Max-Q Workstation Edition, 194.87 W, 73361 MiB, 23 %
2026/10/09 11:25:56.829, 1, NVIDIA GB300, 936.15 W, 245328 MiB, 100 %
2026/10/09 11:25:57.829, 0, NVIDIA RTX PRO 6000 Blackwell Max-Q Workstation Edition, 193.65 W, 73361 MiB, 49 %
2026/10/09 11:25:57.829, 1, NVIDIA GB300, 1001.79 W, 245328 MiB, 100 %
2026/10/09 11:25:58.829, 0, NVIDIA RTX PRO 6000 Blackwell Max-Q Workstation Edition, 199.13 W, 73361 MiB, 53 %
2026/10/09 11:25:58.829, 1, NVIDIA GB300, 941.47 W, 245328 MiB, 100 %
2026/10/09 11:25:59.829, 0, NVIDIA RTX PRO 6000 Blackwell Max-Q Workstation Edition, 200.73 W, 73361 MiB, 44 %
2026/10/09 11:25:59.829, 1, NVIDIA GB300, 997.89 W, 245328 MiB, 100 %
2026/10/09 11:26:00.829, 0, NVIDIA RTX PRO 6000 Blackwell Max-Q Workstation Edition, 195.46 W, 73361 MiB, 50 %
2026/10/09 11:26:00.829, 1, NVIDIA GB300, 998.54 W, 245328 MiB, 100 %
2026/10/09 11:26:01.829, 0, NVIDIA RTX PRO 6000 Blackwell Max-Q Workstation Edition, 198.72 W, 73361 MiB, 26 %
2026/10/09 11:26:01.829, 1, NVIDIA GB300, 929.35 W, 245328 MiB, 100 %
2026/10/09 11:26:02.830, 0, NVIDIA RTX PRO 6000 Blackwell Max-Q Workstation Edition, 189.60 W, 73361 MiB, 52 %
2026/10/09 11:26:02.830, 1, NVIDIA GB300, 942.38 W, 245328 MiB, 100 %
2026/10/09 11:26:03.830, 0, NVIDIA RTX PRO 6000 Blackwell Max-Q Workstation Edition, 201.96 W, 73361 MiB, 52 %
2026/10/09 11:26:03.830, 1, NVIDIA GB300, 940.49 W, 245328 MiB, 100 %
2026/10/09 11:26:04.830, 0, NVIDIA RTX PRO 6000 Blackwell Max-Q Workstation Edition, 205.09 W, 73361 MiB, 47 %
2026/10/09 11:26:04.830, 1, NVIDIA GB300, 990.26 W, 245328 MiB, 100 %
2026/10/09 11:26:05.830, 0, NVIDIA RTX PRO 6000 Blackwell Max-Q Workstation Edition, 189.07 W, 73361 MiB, 48 %
2026/10/09 11:26:05.830, 1, NVIDIA GB300, 938.20 W, 245328 MiB, 100 %
2026/10/09 11:26:06.830, 0, NVIDIA RTX PRO 6000 Blackwell Max-Q Workstation Edition, 185.94 W, 73361 MiB, 42 %
2026/10/09 11:26:06.830, 1, NVIDIA GB300, 944.08 W, 245328 MiB, 100 %
2026/10/09 11:26:07.830, 0, NVIDIA RTX PRO 6000 Blackwell Max-Q Workstation Edition, 185.62 W, 73361 MiB, 44 %
2026/10/09 11:26:07.830, 1, NVIDIA GB300, 958.05 W, 245328 MiB, 100 %
2026/10/09 11:26:08.830, 0, NVIDIA RTX PRO 6000 Blackwell Max-Q Workstation Edition, 190.14 W, 73361 MiB, 45 %
2026/10/09 11:26:08.830, 1, NVIDIA GB300, 1016.04 W, 245328 MiB, 100 %
2026/10/09 11:26:09.830, 0, NVIDIA RTX PRO 6000 Blackwell Max-Q Workstation Edition, 176.33 W, 73361 MiB, 48 %
2026/10/09 11:26:09.830, 1, NVIDIA GB300, 801.43 W, 245328 MiB, 55 %
2026/10/09 11:26:10.830, 0, NVIDIA RTX PRO 6000 Blackwell Max-Q Workstation Edition, 183.93 W, 73361 MiB, 17 %
2026/10/09 11:26:10.830, 1, NVIDIA GB300, 941.66 W, 245328 MiB, 100 %
2026/10/09 11:26:11.831, 0, NVIDIA RTX PRO 6000 Blackwell Max-Q Workstation Edition, 183.85 W, 73361 MiB, 19 %
2026/10/09 11:26:11.831, 1, NVIDIA GB300, 945.40 W, 245328 MiB, 100 %
2026/10/09 11:26:12.831, 0, NVIDIA RTX PRO 6000 Blackwell Max-Q Workstation Edition, 194.42 W, 73361 MiB, 51 %
2026/10/09 11:26:12.831, 1, NVIDIA GB300, 1000.28 W, 245328 MiB, 100 %
2026/10/09 11:26:13.831, 0, NVIDIA RTX PRO 6000 Blackwell Max-Q Workstation Edition, 188.42 W, 73361 MiB, 38 %
2026/10/09 11:26:13.831, 1, NVIDIA GB300, 951.41 W, 245328 MiB, 100 %
2026/10/09 11:26:14.831, 0, NVIDIA RTX PRO 6000 Blackwell Max-Q Workstation Edition, 168.83 W, 73361 MiB, 34 %
2026/10/09 11:26:14.831, 1, NVIDIA GB300, 872.98 W, 245328 MiB, 100 %
2026/10/09 11:26:15.831, 0, NVIDIA RTX PRO 6000 Blackwell Max-Q Workstation Edition, 163.68 W, 73361 MiB, 35 %
2026/10/09 11:26:15.831, 1, NVIDIA GB300, 857.33 W, 245328 MiB, 100 %
2026/10/09 11:26:16.831, 0, NVIDIA RTX PRO 6000 Blackwell Max-Q Workstation Edition, 158.04 W, 73361 MiB, 35 %
2026/10/09 11:26:16.831, 1, NVIDIA GB300, 800.25 W, 245328 MiB, 100 %
2026/10/09 11:26:17.831, 0, NVIDIA RTX PRO 6000 Blackwell Max-Q Workstation Edition, 155.82 W, 73361 MiB, 34 %
2026/10/09 11:26:17.831, 1, NVIDIA GB300, 777.89 W, 245328 MiB, 100 %

--- arm A short C32: short/power-<host>-short.csv, windows decode-c32-r1 11:26:54.761-11:28:07.004
2026/10/09 11:26:54.883, 0, NVIDIA RTX PRO 6000 Blackwell Max-Q Workstation Edition, 54.53 W, 73361 MiB, 31 %
2026/10/09 11:26:54.893, 1, NVIDIA GB300, 475.87 W, 245328 MiB, 0 %
2026/10/09 11:26:55.893, 0, NVIDIA RTX PRO 6000 Blackwell Max-Q Workstation Edition, 93.86 W, 73361 MiB, 0 %
2026/10/09 11:26:55.894, 1, NVIDIA GB300, 211.95 W, 245328 MiB, 0 %
2026/10/09 11:26:56.894, 0, NVIDIA RTX PRO 6000 Blackwell Max-Q Workstation Edition, 87.88 W, 73361 MiB, 0 %
2026/10/09 11:26:56.894, 1, NVIDIA GB300, 211.50 W, 245328 MiB, 0 %
2026/10/09 11:26:57.894, 0, NVIDIA RTX PRO 6000 Blackwell Max-Q Workstation Edition, 87.89 W, 73361 MiB, 0 %
2026/10/09 11:26:57.894, 1, NVIDIA GB300, 211.51 W, 245328 MiB, 0 %
2026/10/09 11:26:58.894, 0, NVIDIA RTX PRO 6000 Blackwell Max-Q Workstation Edition, 87.50 W, 73361 MiB, 0 %
2026/10/09 11:26:58.894, 1, NVIDIA GB300, 211.51 W, 245328 MiB, 0 %
2026/10/09 11:26:59.894, 0, NVIDIA RTX PRO 6000 Blackwell Max-Q Workstation Edition, 87.42 W, 73361 MiB, 0 %
2026/10/09 11:26:59.894, 1, NVIDIA GB300, 211.47 W, 245328 MiB, 0 %
2026/10/09 11:27:00.894, 0, NVIDIA RTX PRO 6000 Blackwell Max-Q Workstation Edition, 87.37 W, 73361 MiB, 0 %
2026/10/09 11:27:00.894, 1, NVIDIA GB300, 211.47 W, 245328 MiB, 0 %
2026/10/09 11:27:01.894, 0, NVIDIA RTX PRO 6000 Blackwell Max-Q Workstation Edition, 87.33 W, 73361 MiB, 0 %
2026/10/09 11:27:01.895, 1, NVIDIA GB300, 211.45 W, 245328 MiB, 0 %
2026/10/09 11:27:02.895, 0, NVIDIA RTX PRO 6000 Blackwell Max-Q Workstation Edition, 87.23 W, 73361 MiB, 0 %
2026/10/09 11:27:02.895, 1, NVIDIA GB300, 211.51 W, 245328 MiB, 0 %
2026/10/09 11:27:03.895, 0, NVIDIA RTX PRO 6000 Blackwell Max-Q Workstation Edition, 87.13 W, 73361 MiB, 0 %
2026/10/09 11:27:03.895, 1, NVIDIA GB300, 211.39 W, 245328 MiB, 0 %
2026/10/09 11:27:04.895, 0, NVIDIA RTX PRO 6000 Blackwell Max-Q Workstation Edition, 144.35 W, 73361 MiB, 51 %
2026/10/09 11:27:04.895, 1, NVIDIA GB300, 690.96 W, 245328 MiB, 61 %
2026/10/09 11:27:05.895, 0, NVIDIA RTX PRO 6000 Blackwell Max-Q Workstation Edition, 198.71 W, 73361 MiB, 50 %
2026/10/09 11:27:05.895, 1, NVIDIA GB300, 1004.24 W, 245328 MiB, 100 %
2026/10/09 11:27:06.895, 0, NVIDIA RTX PRO 6000 Blackwell Max-Q Workstation Edition, 199.21 W, 73361 MiB, 31 %
2026/10/09 11:27:06.895, 1, NVIDIA GB300, 888.64 W, 245328 MiB, 100 %
2026/10/09 11:27:07.895, 0, NVIDIA RTX PRO 6000 Blackwell Max-Q Workstation Edition, 191.19 W, 73361 MiB, 51 %
2026/10/09 11:27:07.895, 1, NVIDIA GB300, 892.47 W, 245328 MiB, 54 %
2026/10/09 11:27:08.895, 0, NVIDIA RTX PRO 6000 Blackwell Max-Q Workstation Edition, 194.81 W, 73361 MiB, 51 %
2026/10/09 11:27:08.895, 1, NVIDIA GB300, 898.55 W, 245328 MiB, 100 %
2026/10/09 11:27:09.895, 0, NVIDIA RTX PRO 6000 Blackwell Max-Q Workstation Edition, 199.08 W, 73361 MiB, 25 %
2026/10/09 11:27:09.896, 1, NVIDIA GB300, 926.56 W, 245328 MiB, 100 %
2026/10/09 11:27:10.896, 0, NVIDIA RTX PRO 6000 Blackwell Max-Q Workstation Edition, 186.41 W, 73361 MiB, 51 %
2026/10/09 11:27:10.896, 1, NVIDIA GB300, 768.37 W, 245328 MiB, 40 %
2026/10/09 11:27:11.896, 0, NVIDIA RTX PRO 6000 Blackwell Max-Q Workstation Edition, 196.47 W, 73361 MiB, 52 %
2026/10/09 11:27:11.896, 1, NVIDIA GB300, 924.44 W, 245328 MiB, 75 %
2026/10/09 11:27:12.896, 0, NVIDIA RTX PRO 6000 Blackwell Max-Q Workstation Edition, 206.92 W, 73361 MiB, 50 %
2026/10/09 11:27:12.896, 1, NVIDIA GB300, 1015.68 W, 245328 MiB, 100 %
2026/10/09 11:27:13.896, 0, NVIDIA RTX PRO 6000 Blackwell Max-Q Workstation Edition, 192.35 W, 73361 MiB, 18 %
2026/10/09 11:27:13.896, 1, NVIDIA GB300, 890.23 W, 245328 MiB, 100 %
2026/10/09 11:27:14.896, 0, NVIDIA RTX PRO 6000 Blackwell Max-Q Workstation Edition, 173.93 W, 73361 MiB, 40 %
2026/10/09 11:27:14.896, 1, NVIDIA GB300, 773.73 W, 245328 MiB, 100 %
2026/10/09 11:27:15.896, 0, NVIDIA RTX PRO 6000 Blackwell Max-Q Workstation Edition, 200.92 W, 73361 MiB, 50 %
2026/10/09 11:27:15.896, 1, NVIDIA GB300, 927.63 W, 245328 MiB, 100 %
2026/10/09 11:27:16.896, 0, NVIDIA RTX PRO 6000 Blackwell Max-Q Workstation Edition, 200.71 W, 73361 MiB, 51 %
2026/10/09 11:27:16.896, 1, NVIDIA GB300, 944.13 W, 245328 MiB, 92 %
2026/10/09 11:27:17.896, 0, NVIDIA RTX PRO 6000 Blackwell Max-Q Workstation Edition, 169.73 W, 73361 MiB, 32 %
2026/10/09 11:27:17.896, 1, NVIDIA GB300, 709.34 W, 245328 MiB, 100 %
2026/10/09 11:27:18.896, 0, NVIDIA RTX PRO 6000 Blackwell Max-Q Workstation Edition, 200.15 W, 73361 MiB, 50 %
2026/10/09 11:27:18.896, 1, NVIDIA GB300, 1024.89 W, 245328 MiB, 100 %
2026/10/09 11:27:19.897, 0, NVIDIA RTX PRO 6000 Blackwell Max-Q Workstation Edition, 195.43 W, 73361 MiB, 32 %
2026/10/09 11:27:19.897, 1, NVIDIA GB300, 796.62 W, 245328 MiB, 97 %
2026/10/09 11:27:20.897, 0, NVIDIA RTX PRO 6000 Blackwell Max-Q Workstation Edition, 178.27 W, 73361 MiB, 21 %
2026/10/09 11:27:20.897, 1, NVIDIA GB300, 708.61 W, 245328 MiB, 29 %
2026/10/09 11:27:21.897, 0, NVIDIA RTX PRO 6000 Blackwell Max-Q Workstation Edition, 192.20 W, 73361 MiB, 54 %
2026/10/09 11:27:21.897, 1, NVIDIA GB300, 908.40 W, 245328 MiB, 51 %
2026/10/09 11:27:22.897, 0, NVIDIA RTX PRO 6000 Blackwell Max-Q Workstation Edition, 202.13 W, 73361 MiB, 53 %
2026/10/09 11:27:22.897, 1, NVIDIA GB300, 955.29 W, 245328 MiB, 100 %
2026/10/09 11:27:23.897, 0, NVIDIA RTX PRO 6000 Blackwell Max-Q Workstation Edition, 187.63 W, 73361 MiB, 43 %
2026/10/09 11:27:23.897, 1, NVIDIA GB300, 700.33 W, 245328 MiB, 65 %
2026/10/09 11:27:24.897, 0, NVIDIA RTX PRO 6000 Blackwell Max-Q Workstation Edition, 184.42 W, 73361 MiB, 55 %
2026/10/09 11:27:24.897, 1, NVIDIA GB300, 849.17 W, 245328 MiB, 68 %
2026/10/09 11:27:25.897, 0, NVIDIA RTX PRO 6000 Blackwell Max-Q Workstation Edition, 191.78 W, 73361 MiB, 37 %
2026/10/09 11:27:25.897, 1, NVIDIA GB300, 725.45 W, 245328 MiB, 29 %
2026/10/09 11:27:26.897, 0, NVIDIA RTX PRO 6000 Blackwell Max-Q Workstation Edition, 188.70 W, 73361 MiB, 53 %
2026/10/09 11:27:26.897, 1, NVIDIA GB300, 936.70 W, 245328 MiB, 100 %
2026/10/09 11:27:27.897, 0, NVIDIA RTX PRO 6000 Blackwell Max-Q Workstation Edition, 213.91 W, 73361 MiB, 52 %
2026/10/09 11:27:27.897, 1, NVIDIA GB300, 967.86 W, 245328 MiB, 100 %
2026/10/09 11:27:28.897, 0, NVIDIA RTX PRO 6000 Blackwell Max-Q Workstation Edition, 213.83 W, 73361 MiB, 52 %
2026/10/09 11:27:28.898, 1, NVIDIA GB300, 957.25 W, 245328 MiB, 100 %
2026/10/09 11:27:29.898, 0, NVIDIA RTX PRO 6000 Blackwell Max-Q Workstation Edition, 191.32 W, 73361 MiB, 42 %
2026/10/09 11:27:29.898, 1, NVIDIA GB300, 764.46 W, 245328 MiB, 100 %
2026/10/09 11:27:30.898, 0, NVIDIA RTX PRO 6000 Blackwell Max-Q Workstation Edition, 220.82 W, 73361 MiB, 41 %
2026/10/09 11:27:30.898, 1, NVIDIA GB300, 937.69 W, 245328 MiB, 85 %
2026/10/09 11:27:31.898, 0, NVIDIA RTX PRO 6000 Blackwell Max-Q Workstation Edition, 202.68 W, 73361 MiB, 56 %
2026/10/09 11:27:31.898, 1, NVIDIA GB300, 841.94 W, 245328 MiB, 67 %
2026/10/09 11:27:32.898, 0, NVIDIA RTX PRO 6000 Blackwell Max-Q Workstation Edition, 210.64 W, 73361 MiB, 56 %
2026/10/09 11:27:32.898, 1, NVIDIA GB300, 900.97 W, 245328 MiB, 52 %
2026/10/09 11:27:33.898, 0, NVIDIA RTX PRO 6000 Blackwell Max-Q Workstation Edition, 211.46 W, 73361 MiB, 56 %
2026/10/09 11:27:33.898, 1, NVIDIA GB300, 876.56 W, 245328 MiB, 46 %
2026/10/09 11:27:34.898, 0, NVIDIA RTX PRO 6000 Blackwell Max-Q Workstation Edition, 212.78 W, 73361 MiB, 57 %
2026/10/09 11:27:34.898, 1, NVIDIA GB300, 970.67 W, 245328 MiB, 100 %
2026/10/09 11:27:35.898, 0, NVIDIA RTX PRO 6000 Blackwell Max-Q Workstation Edition, 211.77 W, 73361 MiB, 59 %
2026/10/09 11:27:35.898, 1, NVIDIA GB300, 913.88 W, 245328 MiB, 100 %
2026/10/09 11:27:36.898, 0, NVIDIA RTX PRO 6000 Blackwell Max-Q Workstation Edition, 221.16 W, 73361 MiB, 30 %
2026/10/09 11:27:36.898, 1, NVIDIA GB300, 890.04 W, 245328 MiB, 100 %
2026/10/09 11:27:37.898, 0, NVIDIA RTX PRO 6000 Blackwell Max-Q Workstation Edition, 199.17 W, 73361 MiB, 45 %
2026/10/09 11:27:37.898, 1, NVIDIA GB300, 840.44 W, 245328 MiB, 100 %
2026/10/09 11:27:38.898, 0, NVIDIA RTX PRO 6000 Blackwell Max-Q Workstation Edition, 209.49 W, 73361 MiB, 41 %
2026/10/09 11:27:38.898, 1, NVIDIA GB300, 800.83 W, 245328 MiB, 31 %
2026/10/09 11:27:39.898, 0, NVIDIA RTX PRO 6000 Blackwell Max-Q Workstation Edition, 189.94 W, 73361 MiB, 55 %
2026/10/09 11:27:39.898, 1, NVIDIA GB300, 893.26 W, 245328 MiB, 100 %
2026/10/09 11:27:40.899, 0, NVIDIA RTX PRO 6000 Blackwell Max-Q Workstation Edition, 196.48 W, 73361 MiB, 14 %
2026/10/09 11:27:40.899, 1, NVIDIA GB300, 747.66 W, 245328 MiB, 51 %
2026/10/09 11:27:41.899, 0, NVIDIA RTX PRO 6000 Blackwell Max-Q Workstation Edition, 170.12 W, 73361 MiB, 24 %
2026/10/09 11:27:41.899, 1, NVIDIA GB300, 757.00 W, 245328 MiB, 100 %
2026/10/09 11:27:42.899, 0, NVIDIA RTX PRO 6000 Blackwell Max-Q Workstation Edition, 205.62 W, 73361 MiB, 56 %
2026/10/09 11:27:42.899, 1, NVIDIA GB300, 808.25 W, 245328 MiB, 43 %
2026/10/09 11:27:43.899, 0, NVIDIA RTX PRO 6000 Blackwell Max-Q Workstation Edition, 188.46 W, 73361 MiB, 59 %
2026/10/09 11:27:43.899, 1, NVIDIA GB300, 777.67 W, 245328 MiB, 33 %
2026/10/09 11:27:44.899, 0, NVIDIA RTX PRO 6000 Blackwell Max-Q Workstation Edition, 200.62 W, 73361 MiB, 57 %
2026/10/09 11:27:44.899, 1, NVIDIA GB300, 886.37 W, 245328 MiB, 100 %
2026/10/09 11:27:45.899, 0, NVIDIA RTX PRO 6000 Blackwell Max-Q Workstation Edition, 206.92 W, 73361 MiB, 54 %
2026/10/09 11:27:45.899, 1, NVIDIA GB300, 798.64 W, 245328 MiB, 32 %
2026/10/09 11:27:46.899, 0, NVIDIA RTX PRO 6000 Blackwell Max-Q Workstation Edition, 200.27 W, 73361 MiB, 53 %
2026/10/09 11:27:46.899, 1, NVIDIA GB300, 838.11 W, 245328 MiB, 80 %
2026/10/09 11:27:47.899, 0, NVIDIA RTX PRO 6000 Blackwell Max-Q Workstation Edition, 216.73 W, 73361 MiB, 56 %
2026/10/09 11:27:47.899, 1, NVIDIA GB300, 1006.93 W, 245328 MiB, 100 %
2026/10/09 11:27:48.900, 0, NVIDIA RTX PRO 6000 Blackwell Max-Q Workstation Edition, 217.41 W, 73361 MiB, 53 %
2026/10/09 11:27:48.900, 1, NVIDIA GB300, 919.80 W, 245328 MiB, 68 %
2026/10/09 11:27:49.900, 0, NVIDIA RTX PRO 6000 Blackwell Max-Q Workstation Edition, 215.80 W, 73361 MiB, 52 %
2026/10/09 11:27:49.900, 1, NVIDIA GB300, 971.03 W, 245328 MiB, 100 %
2026/10/09 11:27:50.900, 0, NVIDIA RTX PRO 6000 Blackwell Max-Q Workstation Edition, 193.32 W, 73361 MiB, 30 %
2026/10/09 11:27:50.900, 1, NVIDIA GB300, 779.56 W, 245328 MiB, 39 %
2026/10/09 11:27:51.900, 0, NVIDIA RTX PRO 6000 Blackwell Max-Q Workstation Edition, 193.05 W, 73361 MiB, 53 %
2026/10/09 11:27:51.900, 1, NVIDIA GB300, 908.51 W, 245328 MiB, 100 %
2026/10/09 11:27:52.900, 0, NVIDIA RTX PRO 6000 Blackwell Max-Q Workstation Edition, 214.73 W, 73361 MiB, 53 %
2026/10/09 11:27:52.900, 1, NVIDIA GB300, 876.25 W, 245328 MiB, 73 %
2026/10/09 11:27:53.900, 0, NVIDIA RTX PRO 6000 Blackwell Max-Q Workstation Edition, 183.46 W, 73361 MiB, 53 %
2026/10/09 11:27:53.900, 1, NVIDIA GB300, 754.17 W, 245328 MiB, 27 %
2026/10/09 11:27:54.900, 0, NVIDIA RTX PRO 6000 Blackwell Max-Q Workstation Edition, 182.86 W, 73361 MiB, 13 %
2026/10/09 11:27:54.900, 1, NVIDIA GB300, 673.98 W, 245328 MiB, 26 %
2026/10/09 11:27:55.900, 0, NVIDIA RTX PRO 6000 Blackwell Max-Q Workstation Edition, 190.19 W, 73361 MiB, 55 %
2026/10/09 11:27:55.900, 1, NVIDIA GB300, 949.65 W, 245328 MiB, 100 %
2026/10/09 11:27:56.901, 0, NVIDIA RTX PRO 6000 Blackwell Max-Q Workstation Edition, 232.37 W, 73361 MiB, 57 %
2026/10/09 11:27:56.901, 1, NVIDIA GB300, 999.28 W, 245328 MiB, 100 %
2026/10/09 11:27:57.901, 0, NVIDIA RTX PRO 6000 Blackwell Max-Q Workstation Edition, 240.35 W, 73361 MiB, 57 %
2026/10/09 11:27:57.901, 1, NVIDIA GB300, 991.54 W, 245328 MiB, 100 %
2026/10/09 11:27:58.901, 0, NVIDIA RTX PRO 6000 Blackwell Max-Q Workstation Edition, 217.99 W, 73361 MiB, 48 %
2026/10/09 11:27:58.901, 1, NVIDIA GB300, 1012.50 W, 245328 MiB, 100 %
2026/10/09 11:27:59.901, 0, NVIDIA RTX PRO 6000 Blackwell Max-Q Workstation Edition, 211.81 W, 73361 MiB, 49 %
2026/10/09 11:27:59.901, 1, NVIDIA GB300, 1011.04 W, 245328 MiB, 100 %
2026/10/09 11:28:00.901, 0, NVIDIA RTX PRO 6000 Blackwell Max-Q Workstation Edition, 213.44 W, 73361 MiB, 47 %
2026/10/09 11:28:00.901, 1, NVIDIA GB300, 986.76 W, 245328 MiB, 100 %
2026/10/09 11:28:01.901, 0, NVIDIA RTX PRO 6000 Blackwell Max-Q Workstation Edition, 208.65 W, 73361 MiB, 45 %
2026/10/09 11:28:01.901, 1, NVIDIA GB300, 995.51 W, 245328 MiB, 100 %
2026/10/09 11:28:02.901, 0, NVIDIA RTX PRO 6000 Blackwell Max-Q Workstation Edition, 212.84 W, 73361 MiB, 52 %
2026/10/09 11:28:02.901, 1, NVIDIA GB300, 979.74 W, 245328 MiB, 100 %
2026/10/09 11:28:03.901, 0, NVIDIA RTX PRO 6000 Blackwell Max-Q Workstation Edition, 200.37 W, 73361 MiB, 36 %
2026/10/09 11:28:03.901, 1, NVIDIA GB300, 970.20 W, 245328 MiB, 100 %
2026/10/09 11:28:04.901, 0, NVIDIA RTX PRO 6000 Blackwell Max-Q Workstation Edition, 173.60 W, 73361 MiB, 37 %
2026/10/09 11:28:04.902, 1, NVIDIA GB300, 879.71 W, 245328 MiB, 100 %
2026/10/09 11:28:05.902, 0, NVIDIA RTX PRO 6000 Blackwell Max-Q Workstation Edition, 170.62 W, 73361 MiB, 35 %
2026/10/09 11:28:05.902, 1, NVIDIA GB300, 835.42 W, 245328 MiB, 100 %
2026/10/09 11:28:06.902, 0, NVIDIA RTX PRO 6000 Blackwell Max-Q Workstation Edition, 154.44 W, 73361 MiB, 29 %
2026/10/09 11:28:06.902, 1, NVIDIA GB300, 670.92 W, 245328 MiB, 100 %

--- arm A random C1: random/power-<host>-random.csv, windows decode-c1-r1 11:28:54.790-11:29:16.126; decode-c1-r2 11:29:26.219-11:29:46.362; decode-c1-r3 11:29:56.706-11:30:16.633
2026/10/09 11:28:55.353, 0, NVIDIA RTX PRO 6000 Blackwell Max-Q Workstation Edition, 76.80 W, 73361 MiB, 0 %
2026/10/09 11:28:55.353, 1, NVIDIA GB300, 324.78 W, 245328 MiB, 0 %
2026/10/09 11:28:56.353, 0, NVIDIA RTX PRO 6000 Blackwell Max-Q Workstation Edition, 97.95 W, 73361 MiB, 0 %
2026/10/09 11:28:56.353, 1, NVIDIA GB300, 211.54 W, 245328 MiB, 0 %
2026/10/09 11:28:57.354, 0, NVIDIA RTX PRO 6000 Blackwell Max-Q Workstation Edition, 89.49 W, 73361 MiB, 0 %
2026/10/09 11:28:57.354, 1, NVIDIA GB300, 211.50 W, 245328 MiB, 0 %
2026/10/09 11:28:58.354, 0, NVIDIA RTX PRO 6000 Blackwell Max-Q Workstation Edition, 89.16 W, 73361 MiB, 0 %
2026/10/09 11:28:58.354, 1, NVIDIA GB300, 211.50 W, 245328 MiB, 0 %
2026/10/09 11:28:59.354, 0, NVIDIA RTX PRO 6000 Blackwell Max-Q Workstation Edition, 89.43 W, 73361 MiB, 0 %
2026/10/09 11:28:59.354, 1, NVIDIA GB300, 211.50 W, 245328 MiB, 0 %
2026/10/09 11:29:00.354, 0, NVIDIA RTX PRO 6000 Blackwell Max-Q Workstation Edition, 89.21 W, 73361 MiB, 0 %
2026/10/09 11:29:00.354, 1, NVIDIA GB300, 211.50 W, 245328 MiB, 0 %
2026/10/09 11:29:01.354, 0, NVIDIA RTX PRO 6000 Blackwell Max-Q Workstation Edition, 89.19 W, 73361 MiB, 0 %
2026/10/09 11:29:01.354, 1, NVIDIA GB300, 211.49 W, 245328 MiB, 0 %
2026/10/09 11:29:02.354, 0, NVIDIA RTX PRO 6000 Blackwell Max-Q Workstation Edition, 89.06 W, 73361 MiB, 0 %
2026/10/09 11:29:02.354, 1, NVIDIA GB300, 211.50 W, 245328 MiB, 0 %
2026/10/09 11:29:03.354, 0, NVIDIA RTX PRO 6000 Blackwell Max-Q Workstation Edition, 88.76 W, 73361 MiB, 0 %
2026/10/09 11:29:03.354, 1, NVIDIA GB300, 211.51 W, 245328 MiB, 0 %
2026/10/09 11:29:04.354, 0, NVIDIA RTX PRO 6000 Blackwell Max-Q Workstation Edition, 88.65 W, 73361 MiB, 0 %
2026/10/09 11:29:04.354, 1, NVIDIA GB300, 211.58 W, 245328 MiB, 0 %
2026/10/09 11:29:05.354, 0, NVIDIA RTX PRO 6000 Blackwell Max-Q Workstation Edition, 125.89 W, 73361 MiB, 41 %
2026/10/09 11:29:05.355, 1, NVIDIA GB300, 487.65 W, 245328 MiB, 100 %
2026/10/09 11:29:06.355, 0, NVIDIA RTX PRO 6000 Blackwell Max-Q Workstation Edition, 150.26 W, 73361 MiB, 33 %
2026/10/09 11:29:06.355, 1, NVIDIA GB300, 548.16 W, 245328 MiB, 100 %
2026/10/09 11:29:07.355, 0, NVIDIA RTX PRO 6000 Blackwell Max-Q Workstation Edition, 146.67 W, 73361 MiB, 34 %
2026/10/09 11:29:07.355, 1, NVIDIA GB300, 548.80 W, 245328 MiB, 100 %
2026/10/09 11:29:08.355, 0, NVIDIA RTX PRO 6000 Blackwell Max-Q Workstation Edition, 146.27 W, 73361 MiB, 28 %
2026/10/09 11:29:08.355, 1, NVIDIA GB300, 596.66 W, 245328 MiB, 100 %
2026/10/09 11:29:09.355, 0, NVIDIA RTX PRO 6000 Blackwell Max-Q Workstation Edition, 130.54 W, 73361 MiB, 29 %
2026/10/09 11:29:09.355, 1, NVIDIA GB300, 531.83 W, 245328 MiB, 100 %
2026/10/09 11:29:10.355, 0, NVIDIA RTX PRO 6000 Blackwell Max-Q Workstation Edition, 142.40 W, 73361 MiB, 29 %
2026/10/09 11:29:10.355, 1, NVIDIA GB300, 564.04 W, 245328 MiB, 100 %
2026/10/09 11:29:11.355, 0, NVIDIA RTX PRO 6000 Blackwell Max-Q Workstation Edition, 132.24 W, 73361 MiB, 30 %
2026/10/09 11:29:11.355, 1, NVIDIA GB300, 514.99 W, 245328 MiB, 100 %
2026/10/09 11:29:12.355, 0, NVIDIA RTX PRO 6000 Blackwell Max-Q Workstation Edition, 144.45 W, 73361 MiB, 32 %
2026/10/09 11:29:12.355, 1, NVIDIA GB300, 552.71 W, 245328 MiB, 100 %
2026/10/09 11:29:13.355, 0, NVIDIA RTX PRO 6000 Blackwell Max-Q Workstation Edition, 130.44 W, 73361 MiB, 31 %
2026/10/09 11:29:13.355, 1, NVIDIA GB300, 508.94 W, 245328 MiB, 100 %
2026/10/09 11:29:14.355, 0, NVIDIA RTX PRO 6000 Blackwell Max-Q Workstation Edition, 137.44 W, 73361 MiB, 50 %
2026/10/09 11:29:14.355, 1, NVIDIA GB300, 560.30 W, 245328 MiB, 100 %
2026/10/09 11:29:15.356, 0, NVIDIA RTX PRO 6000 Blackwell Max-Q Workstation Edition, 139.89 W, 73361 MiB, 28 %
2026/10/09 11:29:15.356, 1, NVIDIA GB300, 492.84 W, 245328 MiB, 100 %
2026/10/09 11:29:26.357, 0, NVIDIA RTX PRO 6000 Blackwell Max-Q Workstation Edition, 103.44 W, 73361 MiB, 25 %
2026/10/09 11:29:26.357, 1, NVIDIA GB300, 384.55 W, 245328 MiB, 0 %
2026/10/09 11:29:27.357, 0, NVIDIA RTX PRO 6000 Blackwell Max-Q Workstation Edition, 92.53 W, 73361 MiB, 0 %
2026/10/09 11:29:27.357, 1, NVIDIA GB300, 211.72 W, 245328 MiB, 0 %
2026/10/09 11:29:28.357, 0, NVIDIA RTX PRO 6000 Blackwell Max-Q Workstation Edition, 89.12 W, 73361 MiB, 0 %
2026/10/09 11:29:28.357, 1, NVIDIA GB300, 211.50 W, 245328 MiB, 0 %
2026/10/09 11:29:29.357, 0, NVIDIA RTX PRO 6000 Blackwell Max-Q Workstation Edition, 88.62 W, 73361 MiB, 0 %
2026/10/09 11:29:29.357, 1, NVIDIA GB300, 211.51 W, 245328 MiB, 0 %
2026/10/09 11:29:30.357, 0, NVIDIA RTX PRO 6000 Blackwell Max-Q Workstation Edition, 88.07 W, 73361 MiB, 0 %
2026/10/09 11:29:30.357, 1, NVIDIA GB300, 211.51 W, 245328 MiB, 0 %
2026/10/09 11:29:31.357, 0, NVIDIA RTX PRO 6000 Blackwell Max-Q Workstation Edition, 87.91 W, 73361 MiB, 0 %
2026/10/09 11:29:31.357, 1, NVIDIA GB300, 211.51 W, 245328 MiB, 0 %
2026/10/09 11:29:32.358, 0, NVIDIA RTX PRO 6000 Blackwell Max-Q Workstation Edition, 87.86 W, 73361 MiB, 0 %
2026/10/09 11:29:32.358, 1, NVIDIA GB300, 211.50 W, 245328 MiB, 0 %
2026/10/09 11:29:33.358, 0, NVIDIA RTX PRO 6000 Blackwell Max-Q Workstation Edition, 87.80 W, 73361 MiB, 0 %
2026/10/09 11:29:33.358, 1, NVIDIA GB300, 211.49 W, 245328 MiB, 0 %
2026/10/09 11:29:34.358, 0, NVIDIA RTX PRO 6000 Blackwell Max-Q Workstation Edition, 87.87 W, 73361 MiB, 0 %
2026/10/09 11:29:34.358, 1, NVIDIA GB300, 211.49 W, 245328 MiB, 0 %
2026/10/09 11:29:35.358, 0, NVIDIA RTX PRO 6000 Blackwell Max-Q Workstation Edition, 87.94 W, 73361 MiB, 0 %
2026/10/09 11:29:35.358, 1, NVIDIA GB300, 211.54 W, 245328 MiB, 0 %
2026/10/09 11:29:36.358, 0, NVIDIA RTX PRO 6000 Blackwell Max-Q Workstation Edition, 99.85 W, 73361 MiB, 66 %
2026/10/09 11:29:36.358, 1, NVIDIA GB300, 349.21 W, 245328 MiB, 100 %
2026/10/09 11:29:37.358, 0, NVIDIA RTX PRO 6000 Blackwell Max-Q Workstation Edition, 129.74 W, 73361 MiB, 30 %
2026/10/09 11:29:37.358, 1, NVIDIA GB300, 483.43 W, 245328 MiB, 100 %
2026/10/09 11:29:38.358, 0, NVIDIA RTX PRO 6000 Blackwell Max-Q Workstation Edition, 139.14 W, 73361 MiB, 69 %
2026/10/09 11:29:38.358, 1, NVIDIA GB300, 533.15 W, 245328 MiB, 100 %
2026/10/09 11:29:39.358, 0, NVIDIA RTX PRO 6000 Blackwell Max-Q Workstation Edition, 132.93 W, 73361 MiB, 30 %
2026/10/09 11:29:39.358, 1, NVIDIA GB300, 485.50 W, 245328 MiB, 100 %
2026/10/09 11:29:40.359, 0, NVIDIA RTX PRO 6000 Blackwell Max-Q Workstation Edition, 141.71 W, 73361 MiB, 62 %
2026/10/09 11:29:40.359, 1, NVIDIA GB300, 540.28 W, 245328 MiB, 100 %
2026/10/09 11:29:41.359, 0, NVIDIA RTX PRO 6000 Blackwell Max-Q Workstation Edition, 153.12 W, 73361 MiB, 35 %
2026/10/09 11:29:41.359, 1, NVIDIA GB300, 508.41 W, 245328 MiB, 100 %
2026/10/09 11:29:42.359, 0, NVIDIA RTX PRO 6000 Blackwell Max-Q Workstation Edition, 148.58 W, 73361 MiB, 35 %
2026/10/09 11:29:42.359, 1, NVIDIA GB300, 542.88 W, 245328 MiB, 83 %
2026/10/09 11:29:43.359, 0, NVIDIA RTX PRO 6000 Blackwell Max-Q Workstation Edition, 142.06 W, 73361 MiB, 28 %
2026/10/09 11:29:43.359, 1, NVIDIA GB300, 540.59 W, 245328 MiB, 100 %
2026/10/09 11:29:44.359, 0, NVIDIA RTX PRO 6000 Blackwell Max-Q Workstation Edition, 130.09 W, 73361 MiB, 30 %
2026/10/09 11:29:44.359, 1, NVIDIA GB300, 530.59 W, 245328 MiB, 81 %
2026/10/09 11:29:45.359, 0, NVIDIA RTX PRO 6000 Blackwell Max-Q Workstation Edition, 155.20 W, 73361 MiB, 34 %
2026/10/09 11:29:45.359, 1, NVIDIA GB300, 529.93 W, 245328 MiB, 100 %
2026/10/09 11:29:46.359, 0, NVIDIA RTX PRO 6000 Blackwell Max-Q Workstation Edition, 145.92 W, 73361 MiB, 34 %
2026/10/09 11:29:46.360, 1, NVIDIA GB300, 481.75 W, 245328 MiB, 57 %
2026/10/09 11:29:57.361, 0, NVIDIA RTX PRO 6000 Blackwell Max-Q Workstation Edition, 115.28 W, 73361 MiB, 0 %
2026/10/09 11:29:57.361, 1, NVIDIA GB300, 288.26 W, 245328 MiB, 0 %
2026/10/09 11:29:58.361, 0, NVIDIA RTX PRO 6000 Blackwell Max-Q Workstation Edition, 100.36 W, 73361 MiB, 0 %
2026/10/09 11:29:58.361, 1, NVIDIA GB300, 211.50 W, 245328 MiB, 0 %
2026/10/09 11:29:59.361, 0, NVIDIA RTX PRO 6000 Blackwell Max-Q Workstation Edition, 88.19 W, 73361 MiB, 0 %
2026/10/09 11:29:59.361, 1, NVIDIA GB300, 211.43 W, 245328 MiB, 0 %
2026/10/09 11:30:00.361, 0, NVIDIA RTX PRO 6000 Blackwell Max-Q Workstation Edition, 88.09 W, 73361 MiB, 0 %
2026/10/09 11:30:00.361, 1, NVIDIA GB300, 210.93 W, 245328 MiB, 0 %
2026/10/09 11:30:01.361, 0, NVIDIA RTX PRO 6000 Blackwell Max-Q Workstation Edition, 87.87 W, 73361 MiB, 0 %
2026/10/09 11:30:01.362, 1, NVIDIA GB300, 210.93 W, 245328 MiB, 0 %
2026/10/09 11:30:02.362, 0, NVIDIA RTX PRO 6000 Blackwell Max-Q Workstation Edition, 87.73 W, 73361 MiB, 0 %
2026/10/09 11:30:02.362, 1, NVIDIA GB300, 211.04 W, 245328 MiB, 0 %
2026/10/09 11:30:03.362, 0, NVIDIA RTX PRO 6000 Blackwell Max-Q Workstation Edition, 87.98 W, 73361 MiB, 0 %
2026/10/09 11:30:03.362, 1, NVIDIA GB300, 211.15 W, 245328 MiB, 0 %
2026/10/09 11:30:04.362, 0, NVIDIA RTX PRO 6000 Blackwell Max-Q Workstation Edition, 87.57 W, 73361 MiB, 0 %
2026/10/09 11:30:04.362, 1, NVIDIA GB300, 210.72 W, 245328 MiB, 0 %
2026/10/09 11:30:05.362, 0, NVIDIA RTX PRO 6000 Blackwell Max-Q Workstation Edition, 87.56 W, 73361 MiB, 0 %
2026/10/09 11:30:05.362, 1, NVIDIA GB300, 211.08 W, 245328 MiB, 0 %
2026/10/09 11:30:06.362, 0, NVIDIA RTX PRO 6000 Blackwell Max-Q Workstation Edition, 87.21 W, 73361 MiB, 0 %
2026/10/09 11:30:06.362, 1, NVIDIA GB300, 210.69 W, 245328 MiB, 0 %
2026/10/09 11:30:07.362, 0, NVIDIA RTX PRO 6000 Blackwell Max-Q Workstation Edition, 125.75 W, 73361 MiB, 27 %
2026/10/09 11:30:07.362, 1, NVIDIA GB300, 486.82 W, 245328 MiB, 100 %
2026/10/09 11:30:08.362, 0, NVIDIA RTX PRO 6000 Blackwell Max-Q Workstation Edition, 126.32 W, 73361 MiB, 29 %
2026/10/09 11:30:08.363, 1, NVIDIA GB300, 483.35 W, 245328 MiB, 100 %
2026/10/09 11:30:09.363, 0, NVIDIA RTX PRO 6000 Blackwell Max-Q Workstation Edition, 138.82 W, 73361 MiB, 28 %
2026/10/09 11:30:09.363, 1, NVIDIA GB300, 547.99 W, 245328 MiB, 100 %
2026/10/09 11:30:10.363, 0, NVIDIA RTX PRO 6000 Blackwell Max-Q Workstation Edition, 127.71 W, 73361 MiB, 30 %
2026/10/09 11:30:10.363, 1, NVIDIA GB300, 491.96 W, 245328 MiB, 100 %
2026/10/09 11:30:11.363, 0, NVIDIA RTX PRO 6000 Blackwell Max-Q Workstation Edition, 143.58 W, 73361 MiB, 29 %
2026/10/09 11:30:11.363, 1, NVIDIA GB300, 576.27 W, 245328 MiB, 100 %
2026/10/09 11:30:12.363, 0, NVIDIA RTX PRO 6000 Blackwell Max-Q Workstation Edition, 129.80 W, 73361 MiB, 29 %
2026/10/09 11:30:12.363, 1, NVIDIA GB300, 557.07 W, 245328 MiB, 100 %
2026/10/09 11:30:13.363, 0, NVIDIA RTX PRO 6000 Blackwell Max-Q Workstation Edition, 141.26 W, 73361 MiB, 27 %
2026/10/09 11:30:13.373, 1, NVIDIA GB300, 566.06 W, 245328 MiB, 100 %
2026/10/09 11:30:14.373, 0, NVIDIA RTX PRO 6000 Blackwell Max-Q Workstation Edition, 128.54 W, 73361 MiB, 30 %
2026/10/09 11:30:14.373, 1, NVIDIA GB300, 506.78 W, 245328 MiB, 100 %
2026/10/09 11:30:15.373, 0, NVIDIA RTX PRO 6000 Blackwell Max-Q Workstation Edition, 141.59 W, 73361 MiB, 27 %
2026/10/09 11:30:15.373, 1, NVIDIA GB300, 551.10 W, 245328 MiB, 100 %
2026/10/09 11:30:16.373, 0, NVIDIA RTX PRO 6000 Blackwell Max-Q Workstation Edition, 128.00 W, 73361 MiB, 30 %
2026/10/09 11:30:16.373, 1, NVIDIA GB300, 503.26 W, 245328 MiB, 100 %

--- arm A random C16: random/power-<host>-random.csv, windows decode-c16-r1 11:30:53.848-11:31:51.909
2026/10/09 11:30:54.427, 0, NVIDIA RTX PRO 6000 Blackwell Max-Q Workstation Edition, 133.07 W, 73361 MiB, 0 %
2026/10/09 11:30:54.427, 1, NVIDIA GB300, 335.98 W, 245328 MiB, 0 %
2026/10/09 11:30:55.427, 0, NVIDIA RTX PRO 6000 Blackwell Max-Q Workstation Edition, 92.26 W, 73361 MiB, 0 %
2026/10/09 11:30:55.427, 1, NVIDIA GB300, 211.51 W, 245328 MiB, 0 %
2026/10/09 11:30:56.427, 0, NVIDIA RTX PRO 6000 Blackwell Max-Q Workstation Edition, 85.64 W, 73361 MiB, 0 %
2026/10/09 11:30:56.428, 1, NVIDIA GB300, 211.07 W, 245328 MiB, 0 %
2026/10/09 11:30:57.428, 0, NVIDIA RTX PRO 6000 Blackwell Max-Q Workstation Edition, 85.49 W, 73361 MiB, 0 %
2026/10/09 11:30:57.428, 1, NVIDIA GB300, 210.13 W, 245328 MiB, 0 %
2026/10/09 11:30:58.428, 0, NVIDIA RTX PRO 6000 Blackwell Max-Q Workstation Edition, 85.45 W, 73361 MiB, 0 %
2026/10/09 11:30:58.428, 1, NVIDIA GB300, 209.58 W, 245328 MiB, 0 %
2026/10/09 11:30:59.428, 0, NVIDIA RTX PRO 6000 Blackwell Max-Q Workstation Edition, 85.68 W, 73361 MiB, 0 %
2026/10/09 11:30:59.428, 1, NVIDIA GB300, 209.55 W, 245328 MiB, 0 %
2026/10/09 11:31:00.428, 0, NVIDIA RTX PRO 6000 Blackwell Max-Q Workstation Edition, 85.53 W, 73361 MiB, 0 %
2026/10/09 11:31:00.428, 1, NVIDIA GB300, 209.57 W, 245328 MiB, 0 %
2026/10/09 11:31:01.428, 0, NVIDIA RTX PRO 6000 Blackwell Max-Q Workstation Edition, 85.55 W, 73361 MiB, 0 %
2026/10/09 11:31:01.428, 1, NVIDIA GB300, 209.54 W, 245328 MiB, 0 %
2026/10/09 11:31:02.428, 0, NVIDIA RTX PRO 6000 Blackwell Max-Q Workstation Edition, 85.40 W, 73361 MiB, 0 %
2026/10/09 11:31:02.428, 1, NVIDIA GB300, 209.55 W, 245328 MiB, 0 %
2026/10/09 11:31:03.428, 0, NVIDIA RTX PRO 6000 Blackwell Max-Q Workstation Edition, 85.37 W, 73361 MiB, 0 %
2026/10/09 11:31:03.428, 1, NVIDIA GB300, 209.55 W, 245328 MiB, 0 %
2026/10/09 11:31:04.428, 0, NVIDIA RTX PRO 6000 Blackwell Max-Q Workstation Edition, 84.87 W, 73361 MiB, 0 %
2026/10/09 11:31:04.429, 1, NVIDIA GB300, 209.55 W, 245328 MiB, 0 %
2026/10/09 11:31:05.429, 0, NVIDIA RTX PRO 6000 Blackwell Max-Q Workstation Edition, 84.89 W, 73361 MiB, 0 %
2026/10/09 11:31:05.429, 1, NVIDIA GB300, 209.67 W, 245328 MiB, 0 %
2026/10/09 11:31:06.429, 0, NVIDIA RTX PRO 6000 Blackwell Max-Q Workstation Edition, 84.93 W, 73361 MiB, 0 %
2026/10/09 11:31:06.429, 1, NVIDIA GB300, 209.55 W, 245328 MiB, 0 %
2026/10/09 11:31:07.429, 0, NVIDIA RTX PRO 6000 Blackwell Max-Q Workstation Edition, 84.85 W, 73361 MiB, 0 %
2026/10/09 11:31:07.429, 1, NVIDIA GB300, 209.55 W, 245328 MiB, 0 %
2026/10/09 11:31:08.429, 0, NVIDIA RTX PRO 6000 Blackwell Max-Q Workstation Edition, 172.92 W, 73361 MiB, 65 %
2026/10/09 11:31:08.429, 1, NVIDIA GB300, 821.99 W, 245328 MiB, 100 %
2026/10/09 11:31:09.429, 0, NVIDIA RTX PRO 6000 Blackwell Max-Q Workstation Edition, 207.37 W, 73361 MiB, 67 %
2026/10/09 11:31:09.429, 1, NVIDIA GB300, 853.31 W, 245328 MiB, 100 %
2026/10/09 11:31:10.429, 0, NVIDIA RTX PRO 6000 Blackwell Max-Q Workstation Edition, 207.71 W, 73361 MiB, 62 %
2026/10/09 11:31:10.429, 1, NVIDIA GB300, 822.17 W, 245328 MiB, 95 %
2026/10/09 11:31:11.429, 0, NVIDIA RTX PRO 6000 Blackwell Max-Q Workstation Edition, 197.24 W, 73361 MiB, 53 %
2026/10/09 11:31:11.429, 1, NVIDIA GB300, 799.93 W, 245328 MiB, 100 %
2026/10/09 11:31:12.429, 0, NVIDIA RTX PRO 6000 Blackwell Max-Q Workstation Edition, 200.13 W, 73361 MiB, 51 %
2026/10/09 11:31:12.429, 1, NVIDIA GB300, 810.42 W, 245328 MiB, 100 %
2026/10/09 11:31:13.429, 0, NVIDIA RTX PRO 6000 Blackwell Max-Q Workstation Edition, 201.95 W, 73361 MiB, 52 %
2026/10/09 11:31:13.429, 1, NVIDIA GB300, 810.15 W, 245328 MiB, 100 %
2026/10/09 11:31:14.429, 0, NVIDIA RTX PRO 6000 Blackwell Max-Q Workstation Edition, 200.09 W, 73361 MiB, 51 %
2026/10/09 11:31:14.429, 1, NVIDIA GB300, 814.05 W, 245328 MiB, 100 %
2026/10/09 11:31:15.429, 0, NVIDIA RTX PRO 6000 Blackwell Max-Q Workstation Edition, 204.40 W, 73361 MiB, 67 %
2026/10/09 11:31:15.429, 1, NVIDIA GB300, 845.88 W, 245328 MiB, 100 %
2026/10/09 11:31:16.430, 0, NVIDIA RTX PRO 6000 Blackwell Max-Q Workstation Edition, 210.76 W, 73361 MiB, 66 %
2026/10/09 11:31:16.430, 1, NVIDIA GB300, 863.51 W, 245328 MiB, 100 %
2026/10/09 11:31:17.430, 0, NVIDIA RTX PRO 6000 Blackwell Max-Q Workstation Edition, 205.63 W, 73361 MiB, 63 %
2026/10/09 11:31:17.430, 1, NVIDIA GB300, 846.25 W, 245328 MiB, 100 %
2026/10/09 11:31:18.430, 0, NVIDIA RTX PRO 6000 Blackwell Max-Q Workstation Edition, 215.95 W, 73361 MiB, 62 %
2026/10/09 11:31:18.430, 1, NVIDIA GB300, 776.73 W, 245328 MiB, 100 %
2026/10/09 11:31:19.430, 0, NVIDIA RTX PRO 6000 Blackwell Max-Q Workstation Edition, 215.67 W, 73361 MiB, 60 %
2026/10/09 11:31:19.430, 1, NVIDIA GB300, 775.34 W, 245328 MiB, 100 %
2026/10/09 11:31:20.430, 0, NVIDIA RTX PRO 6000 Blackwell Max-Q Workstation Edition, 222.30 W, 73361 MiB, 61 %
2026/10/09 11:31:20.430, 1, NVIDIA GB300, 795.30 W, 245328 MiB, 100 %
2026/10/09 11:31:21.430, 0, NVIDIA RTX PRO 6000 Blackwell Max-Q Workstation Edition, 223.08 W, 73361 MiB, 57 %
2026/10/09 11:31:21.430, 1, NVIDIA GB300, 786.97 W, 245328 MiB, 100 %
2026/10/09 11:31:22.430, 0, NVIDIA RTX PRO 6000 Blackwell Max-Q Workstation Edition, 224.40 W, 73361 MiB, 59 %
2026/10/09 11:31:22.430, 1, NVIDIA GB300, 801.55 W, 245328 MiB, 100 %
2026/10/09 11:31:23.430, 0, NVIDIA RTX PRO 6000 Blackwell Max-Q Workstation Edition, 220.18 W, 73361 MiB, 41 %
2026/10/09 11:31:23.430, 1, NVIDIA GB300, 786.02 W, 245328 MiB, 34 %
2026/10/09 11:31:24.430, 0, NVIDIA RTX PRO 6000 Blackwell Max-Q Workstation Edition, 196.90 W, 73361 MiB, 29 %
2026/10/09 11:31:24.430, 1, NVIDIA GB300, 766.39 W, 245328 MiB, 79 %
2026/10/09 11:31:25.430, 0, NVIDIA RTX PRO 6000 Blackwell Max-Q Workstation Edition, 208.32 W, 73361 MiB, 48 %
2026/10/09 11:31:25.430, 1, NVIDIA GB300, 808.89 W, 245328 MiB, 50 %
2026/10/09 11:31:26.430, 0, NVIDIA RTX PRO 6000 Blackwell Max-Q Workstation Edition, 215.18 W, 73361 MiB, 63 %
2026/10/09 11:31:26.430, 1, NVIDIA GB300, 748.28 W, 245328 MiB, 79 %
2026/10/09 11:31:27.431, 0, NVIDIA RTX PRO 6000 Blackwell Max-Q Workstation Edition, 215.08 W, 73361 MiB, 59 %
2026/10/09 11:31:27.431, 1, NVIDIA GB300, 783.67 W, 245328 MiB, 100 %
2026/10/09 11:31:28.431, 0, NVIDIA RTX PRO 6000 Blackwell Max-Q Workstation Edition, 216.54 W, 73361 MiB, 61 %
2026/10/09 11:31:28.431, 1, NVIDIA GB300, 745.80 W, 245328 MiB, 100 %
2026/10/09 11:31:29.431, 0, NVIDIA RTX PRO 6000 Blackwell Max-Q Workstation Edition, 221.71 W, 73361 MiB, 61 %
2026/10/09 11:31:29.431, 1, NVIDIA GB300, 760.65 W, 245328 MiB, 100 %
2026/10/09 11:31:30.431, 0, NVIDIA RTX PRO 6000 Blackwell Max-Q Workstation Edition, 230.63 W, 73361 MiB, 61 %
2026/10/09 11:31:30.431, 1, NVIDIA GB300, 761.26 W, 245328 MiB, 100 %
2026/10/09 11:31:31.431, 0, NVIDIA RTX PRO 6000 Blackwell Max-Q Workstation Edition, 221.56 W, 73361 MiB, 59 %
2026/10/09 11:31:31.431, 1, NVIDIA GB300, 760.17 W, 245328 MiB, 100 %
2026/10/09 11:31:32.431, 0, NVIDIA RTX PRO 6000 Blackwell Max-Q Workstation Edition, 220.59 W, 73361 MiB, 69 %
2026/10/09 11:31:32.431, 1, NVIDIA GB300, 772.79 W, 245328 MiB, 100 %
2026/10/09 11:31:33.431, 0, NVIDIA RTX PRO 6000 Blackwell Max-Q Workstation Edition, 203.26 W, 73361 MiB, 65 %
2026/10/09 11:31:33.431, 1, NVIDIA GB300, 752.09 W, 245328 MiB, 100 %
2026/10/09 11:31:34.431, 0, NVIDIA RTX PRO 6000 Blackwell Max-Q Workstation Edition, 208.24 W, 73361 MiB, 62 %
2026/10/09 11:31:34.431, 1, NVIDIA GB300, 784.26 W, 245328 MiB, 100 %
2026/10/09 11:31:35.431, 0, NVIDIA RTX PRO 6000 Blackwell Max-Q Workstation Edition, 215.41 W, 73361 MiB, 64 %
2026/10/09 11:31:35.431, 1, NVIDIA GB300, 724.53 W, 245328 MiB, 100 %
2026/10/09 11:31:36.431, 0, NVIDIA RTX PRO 6000 Blackwell Max-Q Workstation Edition, 217.78 W, 73361 MiB, 45 %
2026/10/09 11:31:36.431, 1, NVIDIA GB300, 742.09 W, 245328 MiB, 57 %
2026/10/09 11:31:37.431, 0, NVIDIA RTX PRO 6000 Blackwell Max-Q Workstation Edition, 211.24 W, 73361 MiB, 60 %
2026/10/09 11:31:37.431, 1, NVIDIA GB300, 760.40 W, 245328 MiB, 100 %
2026/10/09 11:31:38.431, 0, NVIDIA RTX PRO 6000 Blackwell Max-Q Workstation Edition, 219.42 W, 73361 MiB, 58 %
2026/10/09 11:31:38.431, 1, NVIDIA GB300, 759.50 W, 245328 MiB, 100 %
2026/10/09 11:31:39.432, 0, NVIDIA RTX PRO 6000 Blackwell Max-Q Workstation Edition, 227.07 W, 73361 MiB, 60 %
2026/10/09 11:31:39.432, 1, NVIDIA GB300, 791.61 W, 245328 MiB, 100 %
2026/10/09 11:31:40.432, 0, NVIDIA RTX PRO 6000 Blackwell Max-Q Workstation Edition, 221.18 W, 73361 MiB, 60 %
2026/10/09 11:31:40.432, 1, NVIDIA GB300, 766.16 W, 245328 MiB, 100 %
2026/10/09 11:31:41.432, 0, NVIDIA RTX PRO 6000 Blackwell Max-Q Workstation Edition, 223.33 W, 73361 MiB, 62 %
2026/10/09 11:31:41.432, 1, NVIDIA GB300, 792.63 W, 245328 MiB, 73 %
2026/10/09 11:31:42.432, 0, NVIDIA RTX PRO 6000 Blackwell Max-Q Workstation Edition, 205.11 W, 73361 MiB, 65 %
2026/10/09 11:31:42.432, 1, NVIDIA GB300, 811.15 W, 245328 MiB, 100 %
2026/10/09 11:31:43.432, 0, NVIDIA RTX PRO 6000 Blackwell Max-Q Workstation Edition, 212.52 W, 73361 MiB, 31 %
2026/10/09 11:31:43.432, 1, NVIDIA GB300, 760.32 W, 245328 MiB, 86 %
2026/10/09 11:31:44.432, 0, NVIDIA RTX PRO 6000 Blackwell Max-Q Workstation Edition, 220.99 W, 73361 MiB, 57 %
2026/10/09 11:31:44.432, 1, NVIDIA GB300, 754.57 W, 245328 MiB, 48 %
2026/10/09 11:31:45.432, 0, NVIDIA RTX PRO 6000 Blackwell Max-Q Workstation Edition, 210.52 W, 73361 MiB, 29 %
2026/10/09 11:31:45.432, 1, NVIDIA GB300, 739.55 W, 245328 MiB, 87 %
2026/10/09 11:31:46.432, 0, NVIDIA RTX PRO 6000 Blackwell Max-Q Workstation Edition, 223.68 W, 73361 MiB, 60 %
2026/10/09 11:31:46.432, 1, NVIDIA GB300, 755.16 W, 245328 MiB, 100 %
2026/10/09 11:31:47.433, 0, NVIDIA RTX PRO 6000 Blackwell Max-Q Workstation Edition, 220.67 W, 73361 MiB, 31 %
2026/10/09 11:31:47.433, 1, NVIDIA GB300, 762.80 W, 245328 MiB, 98 %
2026/10/09 11:31:48.433, 0, NVIDIA RTX PRO 6000 Blackwell Max-Q Workstation Edition, 207.37 W, 73361 MiB, 51 %
2026/10/09 11:31:48.433, 1, NVIDIA GB300, 774.66 W, 245328 MiB, 100 %
2026/10/09 11:31:49.433, 0, NVIDIA RTX PRO 6000 Blackwell Max-Q Workstation Edition, 204.93 W, 73361 MiB, 50 %
2026/10/09 11:31:49.433, 1, NVIDIA GB300, 775.28 W, 245328 MiB, 100 %
2026/10/09 11:31:50.433, 0, NVIDIA RTX PRO 6000 Blackwell Max-Q Workstation Edition, 196.07 W, 73361 MiB, 41 %
2026/10/09 11:31:50.433, 1, NVIDIA GB300, 719.86 W, 245328 MiB, 100 %
2026/10/09 11:31:51.433, 0, NVIDIA RTX PRO 6000 Blackwell Max-Q Workstation Edition, 159.35 W, 73361 MiB, 35 %
2026/10/09 11:31:51.433, 1, NVIDIA GB300, 610.16 W, 245328 MiB, 100 %

--- arm A random C32: random/power-<host>-random.csv, windows decode-c32-r1 11:32:33.934-11:34:02.817
2026/10/09 11:32:34.439, 0, NVIDIA RTX PRO 6000 Blackwell Max-Q Workstation Edition, 152.40 W, 73361 MiB, 0 %
2026/10/09 11:32:34.439, 1, NVIDIA GB300, 356.10 W, 245328 MiB, 0 %
2026/10/09 11:32:35.439, 0, NVIDIA RTX PRO 6000 Blackwell Max-Q Workstation Edition, 88.91 W, 73361 MiB, 0 %
2026/10/09 11:32:35.439, 1, NVIDIA GB300, 212.04 W, 245328 MiB, 0 %
2026/10/09 11:32:36.439, 0, NVIDIA RTX PRO 6000 Blackwell Max-Q Workstation Edition, 88.08 W, 73361 MiB, 0 %
2026/10/09 11:32:36.439, 1, NVIDIA GB300, 211.50 W, 245328 MiB, 0 %
2026/10/09 11:32:37.439, 0, NVIDIA RTX PRO 6000 Blackwell Max-Q Workstation Edition, 87.74 W, 73361 MiB, 0 %
2026/10/09 11:32:37.439, 1, NVIDIA GB300, 211.49 W, 245328 MiB, 0 %
2026/10/09 11:32:38.439, 0, NVIDIA RTX PRO 6000 Blackwell Max-Q Workstation Edition, 87.56 W, 73361 MiB, 0 %
2026/10/09 11:32:38.439, 1, NVIDIA GB300, 211.50 W, 245328 MiB, 0 %
2026/10/09 11:32:39.439, 0, NVIDIA RTX PRO 6000 Blackwell Max-Q Workstation Edition, 87.27 W, 73361 MiB, 0 %
2026/10/09 11:32:39.439, 1, NVIDIA GB300, 211.46 W, 245328 MiB, 0 %
2026/10/09 11:32:40.439, 0, NVIDIA RTX PRO 6000 Blackwell Max-Q Workstation Edition, 87.54 W, 73361 MiB, 0 %
2026/10/09 11:32:40.439, 1, NVIDIA GB300, 211.53 W, 245328 MiB, 0 %
2026/10/09 11:32:41.440, 0, NVIDIA RTX PRO 6000 Blackwell Max-Q Workstation Edition, 87.88 W, 73361 MiB, 0 %
2026/10/09 11:32:41.440, 1, NVIDIA GB300, 211.49 W, 245328 MiB, 0 %
2026/10/09 11:32:42.440, 0, NVIDIA RTX PRO 6000 Blackwell Max-Q Workstation Edition, 87.65 W, 73361 MiB, 0 %
2026/10/09 11:32:42.440, 1, NVIDIA GB300, 211.46 W, 245328 MiB, 0 %
2026/10/09 11:32:43.440, 0, NVIDIA RTX PRO 6000 Blackwell Max-Q Workstation Edition, 87.57 W, 73361 MiB, 0 %
2026/10/09 11:32:43.440, 1, NVIDIA GB300, 211.03 W, 245328 MiB, 0 %
2026/10/09 11:32:44.440, 0, NVIDIA RTX PRO 6000 Blackwell Max-Q Workstation Edition, 87.51 W, 73361 MiB, 0 %
2026/10/09 11:32:44.440, 1, NVIDIA GB300, 211.27 W, 245328 MiB, 0 %
2026/10/09 11:32:45.440, 0, NVIDIA RTX PRO 6000 Blackwell Max-Q Workstation Edition, 87.36 W, 73361 MiB, 0 %
2026/10/09 11:32:45.440, 1, NVIDIA GB300, 210.89 W, 245328 MiB, 0 %
2026/10/09 11:32:46.440, 0, NVIDIA RTX PRO 6000 Blackwell Max-Q Workstation Edition, 87.52 W, 73361 MiB, 0 %
2026/10/09 11:32:46.440, 1, NVIDIA GB300, 210.82 W, 245328 MiB, 0 %
2026/10/09 11:32:47.440, 0, NVIDIA RTX PRO 6000 Blackwell Max-Q Workstation Edition, 87.61 W, 73361 MiB, 0 %
2026/10/09 11:32:47.440, 1, NVIDIA GB300, 210.70 W, 245328 MiB, 0 %
2026/10/09 11:32:48.440, 0, NVIDIA RTX PRO 6000 Blackwell Max-Q Workstation Edition, 87.62 W, 73361 MiB, 0 %
2026/10/09 11:32:48.440, 1, NVIDIA GB300, 210.76 W, 245328 MiB, 0 %
2026/10/09 11:32:49.441, 0, NVIDIA RTX PRO 6000 Blackwell Max-Q Workstation Edition, 87.39 W, 73361 MiB, 0 %
2026/10/09 11:32:49.441, 1, NVIDIA GB300, 210.58 W, 245328 MiB, 0 %
2026/10/09 11:32:50.441, 0, NVIDIA RTX PRO 6000 Blackwell Max-Q Workstation Edition, 85.65 W, 73361 MiB, 0 %
2026/10/09 11:32:50.441, 1, NVIDIA GB300, 210.83 W, 245328 MiB, 0 %
2026/10/09 11:32:51.441, 0, NVIDIA RTX PRO 6000 Blackwell Max-Q Workstation Edition, 31.19 W, 73361 MiB, 0 %
2026/10/09 11:32:51.441, 1, NVIDIA GB300, 210.98 W, 245328 MiB, 0 %
2026/10/09 11:32:52.441, 0, NVIDIA RTX PRO 6000 Blackwell Max-Q Workstation Edition, 113.22 W, 73361 MiB, 62 %
2026/10/09 11:32:52.441, 1, NVIDIA GB300, 739.37 W, 245328 MiB, 100 %
2026/10/09 11:32:53.441, 0, NVIDIA RTX PRO 6000 Blackwell Max-Q Workstation Edition, 209.27 W, 73361 MiB, 57 %
2026/10/09 11:32:53.441, 1, NVIDIA GB300, 833.99 W, 245328 MiB, 100 %
2026/10/09 11:32:54.441, 0, NVIDIA RTX PRO 6000 Blackwell Max-Q Workstation Edition, 210.94 W, 73361 MiB, 67 %
2026/10/09 11:32:54.441, 1, NVIDIA GB300, 860.92 W, 245328 MiB, 100 %
2026/10/09 11:32:55.442, 0, NVIDIA RTX PRO 6000 Blackwell Max-Q Workstation Edition, 210.86 W, 73361 MiB, 64 %
2026/10/09 11:32:55.442, 1, NVIDIA GB300, 854.09 W, 245328 MiB, 100 %
2026/10/09 11:32:56.442, 0, NVIDIA RTX PRO 6000 Blackwell Max-Q Workstation Edition, 212.16 W, 73361 MiB, 60 %
2026/10/09 11:32:56.442, 1, NVIDIA GB300, 862.83 W, 245328 MiB, 100 %
2026/10/09 11:32:57.442, 0, NVIDIA RTX PRO 6000 Blackwell Max-Q Workstation Edition, 211.24 W, 73361 MiB, 64 %
2026/10/09 11:32:57.442, 1, NVIDIA GB300, 845.05 W, 245328 MiB, 61 %
2026/10/09 11:32:58.442, 0, NVIDIA RTX PRO 6000 Blackwell Max-Q Workstation Edition, 211.49 W, 73361 MiB, 55 %
2026/10/09 11:32:58.452, 1, NVIDIA GB300, 777.86 W, 245328 MiB, 100 %
2026/10/09 11:32:59.452, 0, NVIDIA RTX PRO 6000 Blackwell Max-Q Workstation Edition, 215.87 W, 73361 MiB, 54 %
2026/10/09 11:32:59.452, 1, NVIDIA GB300, 752.67 W, 245328 MiB, 100 %
2026/10/09 11:33:00.452, 0, NVIDIA RTX PRO 6000 Blackwell Max-Q Workstation Edition, 218.43 W, 73361 MiB, 55 %
2026/10/09 11:33:00.452, 1, NVIDIA GB300, 756.45 W, 245328 MiB, 100 %
2026/10/09 11:33:01.452, 0, NVIDIA RTX PRO 6000 Blackwell Max-Q Workstation Edition, 216.28 W, 73361 MiB, 50 %
2026/10/09 11:33:01.452, 1, NVIDIA GB300, 759.94 W, 245328 MiB, 100 %
2026/10/09 11:33:02.452, 0, NVIDIA RTX PRO 6000 Blackwell Max-Q Workstation Edition, 214.87 W, 73361 MiB, 55 %
2026/10/09 11:33:02.452, 1, NVIDIA GB300, 765.69 W, 245328 MiB, 100 %
2026/10/09 11:33:03.452, 0, NVIDIA RTX PRO 6000 Blackwell Max-Q Workstation Edition, 216.25 W, 73361 MiB, 53 %
2026/10/09 11:33:03.452, 1, NVIDIA GB300, 780.89 W, 245328 MiB, 100 %
2026/10/09 11:33:04.452, 0, NVIDIA RTX PRO 6000 Blackwell Max-Q Workstation Edition, 211.03 W, 73361 MiB, 64 %
2026/10/09 11:33:04.453, 1, NVIDIA GB300, 846.51 W, 245328 MiB, 100 %
2026/10/09 11:33:05.453, 0, NVIDIA RTX PRO 6000 Blackwell Max-Q Workstation Edition, 214.13 W, 73361 MiB, 67 %
2026/10/09 11:33:05.453, 1, NVIDIA GB300, 868.97 W, 245328 MiB, 100 %
2026/10/09 11:33:06.453, 0, NVIDIA RTX PRO 6000 Blackwell Max-Q Workstation Edition, 214.70 W, 73361 MiB, 62 %
2026/10/09 11:33:06.453, 1, NVIDIA GB300, 867.99 W, 245328 MiB, 100 %
2026/10/09 11:33:07.453, 0, NVIDIA RTX PRO 6000 Blackwell Max-Q Workstation Edition, 208.90 W, 73361 MiB, 65 %
2026/10/09 11:33:07.453, 1, NVIDIA GB300, 812.32 W, 245328 MiB, 100 %
2026/10/09 11:33:08.453, 0, NVIDIA RTX PRO 6000 Blackwell Max-Q Workstation Edition, 208.40 W, 73361 MiB, 66 %
2026/10/09 11:33:08.453, 1, NVIDIA GB300, 834.97 W, 245328 MiB, 100 %
2026/10/09 11:33:09.453, 0, NVIDIA RTX PRO 6000 Blackwell Max-Q Workstation Edition, 210.63 W, 73361 MiB, 66 %
2026/10/09 11:33:09.453, 1, NVIDIA GB300, 770.56 W, 245328 MiB, 54 %
2026/10/09 11:33:10.453, 0, NVIDIA RTX PRO 6000 Blackwell Max-Q Workstation Edition, 213.36 W, 73361 MiB, 59 %
2026/10/09 11:33:10.453, 1, NVIDIA GB300, 767.12 W, 245328 MiB, 100 %
2026/10/09 11:33:11.453, 0, NVIDIA RTX PRO 6000 Blackwell Max-Q Workstation Edition, 219.22 W, 73361 MiB, 57 %
2026/10/09 11:33:11.453, 1, NVIDIA GB300, 776.22 W, 245328 MiB, 100 %
2026/10/09 11:33:12.453, 0, NVIDIA RTX PRO 6000 Blackwell Max-Q Workstation Edition, 224.76 W, 73361 MiB, 57 %
2026/10/09 11:33:12.454, 1, NVIDIA GB300, 795.49 W, 245328 MiB, 100 %
2026/10/09 11:33:13.454, 0, NVIDIA RTX PRO 6000 Blackwell Max-Q Workstation Edition, 217.84 W, 73361 MiB, 58 %
2026/10/09 11:33:13.454, 1, NVIDIA GB300, 750.49 W, 245328 MiB, 100 %
2026/10/09 11:33:14.454, 0, NVIDIA RTX PRO 6000 Blackwell Max-Q Workstation Edition, 224.77 W, 73361 MiB, 56 %
2026/10/09 11:33:14.454, 1, NVIDIA GB300, 784.75 W, 245328 MiB, 100 %
2026/10/09 11:33:15.454, 0, NVIDIA RTX PRO 6000 Blackwell Max-Q Workstation Edition, 223.84 W, 73361 MiB, 56 %
2026/10/09 11:33:15.454, 1, NVIDIA GB300, 773.36 W, 245328 MiB, 100 %
2026/10/09 11:33:16.454, 0, NVIDIA RTX PRO 6000 Blackwell Max-Q Workstation Edition, 224.98 W, 73361 MiB, 57 %
2026/10/09 11:33:16.454, 1, NVIDIA GB300, 762.39 W, 245328 MiB, 100 %
2026/10/09 11:33:17.454, 0, NVIDIA RTX PRO 6000 Blackwell Max-Q Workstation Edition, 223.21 W, 73361 MiB, 66 %
2026/10/09 11:33:17.454, 1, NVIDIA GB300, 811.18 W, 245328 MiB, 100 %
2026/10/09 11:33:18.454, 0, NVIDIA RTX PRO 6000 Blackwell Max-Q Workstation Edition, 217.88 W, 73361 MiB, 62 %
2026/10/09 11:33:18.454, 1, NVIDIA GB300, 875.78 W, 245328 MiB, 100 %
2026/10/09 11:33:19.454, 0, NVIDIA RTX PRO 6000 Blackwell Max-Q Workstation Edition, 218.10 W, 73361 MiB, 58 %
2026/10/09 11:33:19.454, 1, NVIDIA GB300, 828.91 W, 245328 MiB, 100 %
2026/10/09 11:33:20.455, 0, NVIDIA RTX PRO 6000 Blackwell Max-Q Workstation Edition, 195.76 W, 73361 MiB, 56 %
2026/10/09 11:33:20.455, 1, NVIDIA GB300, 663.31 W, 245328 MiB, 49 %
2026/10/09 11:33:21.455, 0, NVIDIA RTX PRO 6000 Blackwell Max-Q Workstation Edition, 202.88 W, 73361 MiB, 67 %
2026/10/09 11:33:21.455, 1, NVIDIA GB300, 804.47 W, 245328 MiB, 100 %
2026/10/09 11:33:22.455, 0, NVIDIA RTX PRO 6000 Blackwell Max-Q Workstation Edition, 217.20 W, 73361 MiB, 59 %
2026/10/09 11:33:22.455, 1, NVIDIA GB300, 770.79 W, 245328 MiB, 96 %
2026/10/09 11:33:23.455, 0, NVIDIA RTX PRO 6000 Blackwell Max-Q Workstation Edition, 215.15 W, 73361 MiB, 35 %
2026/10/09 11:33:23.455, 1, NVIDIA GB300, 750.95 W, 245328 MiB, 100 %
2026/10/09 11:33:24.455, 0, NVIDIA RTX PRO 6000 Blackwell Max-Q Workstation Edition, 222.66 W, 73361 MiB, 55 %
2026/10/09 11:33:24.455, 1, NVIDIA GB300, 757.22 W, 245328 MiB, 100 %
2026/10/09 11:33:25.455, 0, NVIDIA RTX PRO 6000 Blackwell Max-Q Workstation Edition, 238.45 W, 73361 MiB, 60 %
2026/10/09 11:33:25.455, 1, NVIDIA GB300, 794.51 W, 245328 MiB, 100 %
2026/10/09 11:33:26.455, 0, NVIDIA RTX PRO 6000 Blackwell Max-Q Workstation Edition, 234.03 W, 73361 MiB, 67 %
2026/10/09 11:33:26.455, 1, NVIDIA GB300, 799.83 W, 245328 MiB, 59 %
2026/10/09 11:33:27.455, 0, NVIDIA RTX PRO 6000 Blackwell Max-Q Workstation Edition, 229.08 W, 73361 MiB, 63 %
2026/10/09 11:33:27.456, 1, NVIDIA GB300, 768.01 W, 245328 MiB, 69 %
2026/10/09 11:33:28.456, 0, NVIDIA RTX PRO 6000 Blackwell Max-Q Workstation Edition, 225.88 W, 73361 MiB, 57 %
2026/10/09 11:33:28.456, 1, NVIDIA GB300, 775.61 W, 245328 MiB, 100 %
2026/10/09 11:33:29.456, 0, NVIDIA RTX PRO 6000 Blackwell Max-Q Workstation Edition, 232.65 W, 73361 MiB, 57 %
2026/10/09 11:33:29.456, 1, NVIDIA GB300, 805.59 W, 245328 MiB, 100 %
2026/10/09 11:33:30.456, 0, NVIDIA RTX PRO 6000 Blackwell Max-Q Workstation Edition, 232.15 W, 73361 MiB, 58 %
2026/10/09 11:33:30.456, 1, NVIDIA GB300, 798.82 W, 245328 MiB, 100 %
2026/10/09 11:33:31.456, 0, NVIDIA RTX PRO 6000 Blackwell Max-Q Workstation Edition, 218.28 W, 73361 MiB, 59 %
2026/10/09 11:33:31.456, 1, NVIDIA GB300, 795.10 W, 245328 MiB, 100 %
2026/10/09 11:33:32.456, 0, NVIDIA RTX PRO 6000 Blackwell Max-Q Workstation Edition, 215.76 W, 73361 MiB, 48 %
2026/10/09 11:33:32.456, 1, NVIDIA GB300, 792.54 W, 245328 MiB, 98 %
2026/10/09 11:33:33.456, 0, NVIDIA RTX PRO 6000 Blackwell Max-Q Workstation Edition, 217.83 W, 73361 MiB, 62 %
2026/10/09 11:33:33.456, 1, NVIDIA GB300, 831.06 W, 245328 MiB, 100 %
2026/10/09 11:33:34.456, 0, NVIDIA RTX PRO 6000 Blackwell Max-Q Workstation Edition, 213.51 W, 73361 MiB, 44 %
2026/10/09 11:33:34.456, 1, NVIDIA GB300, 764.58 W, 245328 MiB, 99 %
2026/10/09 11:33:35.457, 0, NVIDIA RTX PRO 6000 Blackwell Max-Q Workstation Edition, 205.93 W, 73361 MiB, 31 %
2026/10/09 11:33:35.457, 1, NVIDIA GB300, 759.89 W, 245328 MiB, 100 %
2026/10/09 11:33:36.457, 0, NVIDIA RTX PRO 6000 Blackwell Max-Q Workstation Edition, 206.93 W, 73361 MiB, 38 %
2026/10/09 11:33:36.457, 1, NVIDIA GB300, 761.84 W, 245328 MiB, 100 %
2026/10/09 11:33:37.457, 0, NVIDIA RTX PRO 6000 Blackwell Max-Q Workstation Edition, 217.44 W, 73361 MiB, 64 %
2026/10/09 11:33:37.457, 1, NVIDIA GB300, 702.10 W, 245328 MiB, 42 %
2026/10/09 11:33:38.457, 0, NVIDIA RTX PRO 6000 Blackwell Max-Q Workstation Edition, 210.89 W, 73361 MiB, 36 %
2026/10/09 11:33:38.457, 1, NVIDIA GB300, 746.99 W, 245328 MiB, 100 %
2026/10/09 11:33:39.457, 0, NVIDIA RTX PRO 6000 Blackwell Max-Q Workstation Edition, 225.23 W, 73361 MiB, 57 %
2026/10/09 11:33:39.457, 1, NVIDIA GB300, 774.54 W, 245328 MiB, 100 %
2026/10/09 11:33:40.457, 0, NVIDIA RTX PRO 6000 Blackwell Max-Q Workstation Edition, 233.86 W, 73361 MiB, 62 %
2026/10/09 11:33:40.457, 1, NVIDIA GB300, 797.02 W, 245328 MiB, 77 %
2026/10/09 11:33:41.457, 0, NVIDIA RTX PRO 6000 Blackwell Max-Q Workstation Edition, 224.08 W, 73361 MiB, 60 %
2026/10/09 11:33:41.457, 1, NVIDIA GB300, 775.78 W, 245328 MiB, 83 %
2026/10/09 11:33:42.457, 0, NVIDIA RTX PRO 6000 Blackwell Max-Q Workstation Edition, 225.32 W, 73361 MiB, 57 %
2026/10/09 11:33:42.458, 1, NVIDIA GB300, 762.55 W, 245328 MiB, 100 %
2026/10/09 11:33:43.458, 0, NVIDIA RTX PRO 6000 Blackwell Max-Q Workstation Edition, 223.32 W, 73361 MiB, 56 %
2026/10/09 11:33:43.458, 1, NVIDIA GB300, 761.08 W, 245328 MiB, 100 %
2026/10/09 11:33:44.458, 0, NVIDIA RTX PRO 6000 Blackwell Max-Q Workstation Edition, 225.80 W, 73361 MiB, 56 %
2026/10/09 11:33:44.458, 1, NVIDIA GB300, 756.10 W, 245328 MiB, 100 %
2026/10/09 11:33:45.458, 0, NVIDIA RTX PRO 6000 Blackwell Max-Q Workstation Edition, 229.31 W, 73361 MiB, 65 %
2026/10/09 11:33:45.458, 1, NVIDIA GB300, 753.22 W, 245328 MiB, 49 %
2026/10/09 11:33:46.458, 0, NVIDIA RTX PRO 6000 Blackwell Max-Q Workstation Edition, 217.74 W, 73361 MiB, 61 %
2026/10/09 11:33:46.458, 1, NVIDIA GB300, 846.29 W, 245328 MiB, 100 %
2026/10/09 11:33:47.458, 0, NVIDIA RTX PRO 6000 Blackwell Max-Q Workstation Edition, 213.15 W, 73361 MiB, 65 %
2026/10/09 11:33:47.458, 1, NVIDIA GB300, 763.72 W, 245328 MiB, 100 %
2026/10/09 11:33:48.458, 0, NVIDIA RTX PRO 6000 Blackwell Max-Q Workstation Edition, 204.74 W, 73361 MiB, 48 %
2026/10/09 11:33:48.458, 1, NVIDIA GB300, 769.56 W, 245328 MiB, 100 %
2026/10/09 11:33:49.458, 0, NVIDIA RTX PRO 6000 Blackwell Max-Q Workstation Edition, 211.47 W, 73361 MiB, 68 %
2026/10/09 11:33:49.458, 1, NVIDIA GB300, 768.02 W, 245328 MiB, 100 %
2026/10/09 11:33:50.459, 0, NVIDIA RTX PRO 6000 Blackwell Max-Q Workstation Edition, 214.16 W, 73361 MiB, 31 %
2026/10/09 11:33:50.459, 1, NVIDIA GB300, 732.55 W, 245328 MiB, 100 %
2026/10/09 11:33:51.459, 0, NVIDIA RTX PRO 6000 Blackwell Max-Q Workstation Edition, 219.91 W, 73361 MiB, 62 %
2026/10/09 11:33:51.459, 1, NVIDIA GB300, 815.23 W, 245328 MiB, 100 %
2026/10/09 11:33:52.459, 0, NVIDIA RTX PRO 6000 Blackwell Max-Q Workstation Edition, 218.78 W, 73361 MiB, 59 %
2026/10/09 11:33:52.459, 1, NVIDIA GB300, 760.12 W, 245328 MiB, 100 %
2026/10/09 11:33:53.459, 0, NVIDIA RTX PRO 6000 Blackwell Max-Q Workstation Edition, 230.76 W, 73361 MiB, 30 %
2026/10/09 11:33:53.459, 1, NVIDIA GB300, 784.58 W, 245328 MiB, 100 %
2026/10/09 11:33:54.459, 0, NVIDIA RTX PRO 6000 Blackwell Max-Q Workstation Edition, 218.59 W, 73361 MiB, 55 %
2026/10/09 11:33:54.459, 1, NVIDIA GB300, 797.99 W, 245328 MiB, 100 %
2026/10/09 11:33:55.459, 0, NVIDIA RTX PRO 6000 Blackwell Max-Q Workstation Edition, 220.45 W, 73361 MiB, 54 %
2026/10/09 11:33:55.459, 1, NVIDIA GB300, 794.42 W, 245328 MiB, 100 %
2026/10/09 11:33:56.459, 0, NVIDIA RTX PRO 6000 Blackwell Max-Q Workstation Edition, 218.56 W, 73361 MiB, 55 %
2026/10/09 11:33:56.460, 1, NVIDIA GB300, 796.18 W, 245328 MiB, 100 %
2026/10/09 11:33:57.460, 0, NVIDIA RTX PRO 6000 Blackwell Max-Q Workstation Edition, 222.24 W, 73361 MiB, 32 %
2026/10/09 11:33:57.460, 1, NVIDIA GB300, 807.93 W, 245328 MiB, 100 %
2026/10/09 11:33:58.460, 0, NVIDIA RTX PRO 6000 Blackwell Max-Q Workstation Edition, 225.29 W, 73361 MiB, 63 %
2026/10/09 11:33:58.460, 1, NVIDIA GB300, 805.19 W, 245328 MiB, 54 %
2026/10/09 11:33:59.460, 0, NVIDIA RTX PRO 6000 Blackwell Max-Q Workstation Edition, 219.72 W, 73361 MiB, 52 %
2026/10/09 11:33:59.460, 1, NVIDIA GB300, 839.05 W, 245328 MiB, 100 %
2026/10/09 11:34:00.460, 0, NVIDIA RTX PRO 6000 Blackwell Max-Q Workstation Edition, 228.26 W, 73361 MiB, 54 %
2026/10/09 11:34:00.460, 1, NVIDIA GB300, 795.65 W, 245328 MiB, 100 %
2026/10/09 11:34:01.460, 0, NVIDIA RTX PRO 6000 Blackwell Max-Q Workstation Edition, 222.73 W, 73361 MiB, 51 %
2026/10/09 11:34:01.460, 1, NVIDIA GB300, 777.09 W, 245328 MiB, 100 %
2026/10/09 11:34:02.460, 0, NVIDIA RTX PRO 6000 Blackwell Max-Q Workstation Edition, 192.44 W, 73361 MiB, 32 %
2026/10/09 11:34:02.464, 1, NVIDIA GB300, 646.61 W, 245328 MiB, 100 %

--- arm B long C1: long/power-<host>-long.csv, windows decode-c1-r1 11:50:10.682-11:50:57.769; decode-c1-r2 11:51:08.002-11:51:55.604; decode-c1-r3 11:52:06.062-11:52:52.232
2026/10/09 11:50:11.609, 0, NVIDIA RTX PRO 6000 Blackwell Max-Q Workstation Edition, 19.43 W, 47 MiB, 0 %
2026/10/09 11:50:11.609, 1, NVIDIA GB300, 210.72 W, 245350 MiB, 0 %
2026/10/09 11:50:12.609, 0, NVIDIA RTX PRO 6000 Blackwell Max-Q Workstation Edition, 19.54 W, 47 MiB, 0 %
2026/10/09 11:50:12.609, 1, NVIDIA GB300, 210.54 W, 245350 MiB, 0 %
2026/10/09 11:50:13.609, 0, NVIDIA RTX PRO 6000 Blackwell Max-Q Workstation Edition, 19.48 W, 47 MiB, 0 %
2026/10/09 11:50:13.609, 1, NVIDIA GB300, 210.01 W, 245350 MiB, 0 %
2026/10/09 11:50:14.609, 0, NVIDIA RTX PRO 6000 Blackwell Max-Q Workstation Edition, 21.38 W, 47 MiB, 0 %
2026/10/09 11:50:14.609, 1, NVIDIA GB300, 209.91 W, 245350 MiB, 0 %
2026/10/09 11:50:15.609, 0, NVIDIA RTX PRO 6000 Blackwell Max-Q Workstation Edition, 23.43 W, 47 MiB, 0 %
2026/10/09 11:50:15.609, 1, NVIDIA GB300, 210.32 W, 245350 MiB, 0 %
2026/10/09 11:50:16.609, 0, NVIDIA RTX PRO 6000 Blackwell Max-Q Workstation Edition, 19.74 W, 47 MiB, 0 %
2026/10/09 11:50:16.609, 1, NVIDIA GB300, 210.31 W, 245350 MiB, 0 %
2026/10/09 11:50:17.610, 0, NVIDIA RTX PRO 6000 Blackwell Max-Q Workstation Edition, 19.56 W, 47 MiB, 0 %
2026/10/09 11:50:17.610, 1, NVIDIA GB300, 210.39 W, 245350 MiB, 0 %
2026/10/09 11:50:18.610, 0, NVIDIA RTX PRO 6000 Blackwell Max-Q Workstation Edition, 19.74 W, 47 MiB, 0 %
2026/10/09 11:50:18.610, 1, NVIDIA GB300, 210.34 W, 245350 MiB, 0 %
2026/10/09 11:50:19.610, 0, NVIDIA RTX PRO 6000 Blackwell Max-Q Workstation Edition, 19.66 W, 47 MiB, 0 %
2026/10/09 11:50:19.610, 1, NVIDIA GB300, 209.94 W, 245350 MiB, 0 %
2026/10/09 11:50:20.610, 0, NVIDIA RTX PRO 6000 Blackwell Max-Q Workstation Edition, 19.68 W, 47 MiB, 0 %
2026/10/09 11:50:20.610, 1, NVIDIA GB300, 356.44 W, 245350 MiB, 100 %
2026/10/09 11:50:21.610, 0, NVIDIA RTX PRO 6000 Blackwell Max-Q Workstation Edition, 20.82 W, 47 MiB, 0 %
2026/10/09 11:50:21.610, 1, NVIDIA GB300, 429.32 W, 245350 MiB, 100 %
2026/10/09 11:50:22.610, 0, NVIDIA RTX PRO 6000 Blackwell Max-Q Workstation Edition, 23.16 W, 47 MiB, 0 %
2026/10/09 11:50:22.610, 1, NVIDIA GB300, 412.20 W, 245350 MiB, 100 %
2026/10/09 11:50:23.610, 0, NVIDIA RTX PRO 6000 Blackwell Max-Q Workstation Edition, 18.96 W, 47 MiB, 0 %
2026/10/09 11:50:23.610, 1, NVIDIA GB300, 419.54 W, 245350 MiB, 100 %
2026/10/09 11:50:24.610, 0, NVIDIA RTX PRO 6000 Blackwell Max-Q Workstation Edition, 18.89 W, 47 MiB, 0 %
2026/10/09 11:50:24.611, 1, NVIDIA GB300, 417.58 W, 245350 MiB, 100 %
2026/10/09 11:50:25.611, 0, NVIDIA RTX PRO 6000 Blackwell Max-Q Workstation Edition, 18.73 W, 47 MiB, 0 %
2026/10/09 11:50:25.611, 1, NVIDIA GB300, 434.10 W, 245350 MiB, 100 %
2026/10/09 11:50:26.611, 0, NVIDIA RTX PRO 6000 Blackwell Max-Q Workstation Edition, 19.02 W, 47 MiB, 0 %
2026/10/09 11:50:26.611, 1, NVIDIA GB300, 431.86 W, 245350 MiB, 100 %
2026/10/09 11:50:27.611, 0, NVIDIA RTX PRO 6000 Blackwell Max-Q Workstation Edition, 19.10 W, 47 MiB, 0 %
2026/10/09 11:50:27.611, 1, NVIDIA GB300, 425.19 W, 245350 MiB, 100 %
2026/10/09 11:50:28.611, 0, NVIDIA RTX PRO 6000 Blackwell Max-Q Workstation Edition, 20.40 W, 47 MiB, 0 %
2026/10/09 11:50:28.611, 1, NVIDIA GB300, 499.87 W, 245350 MiB, 100 %
2026/10/09 11:50:29.611, 0, NVIDIA RTX PRO 6000 Blackwell Max-Q Workstation Edition, 23.18 W, 47 MiB, 0 %
2026/10/09 11:50:29.611, 1, NVIDIA GB300, 430.95 W, 245350 MiB, 100 %
2026/10/09 11:50:30.611, 0, NVIDIA RTX PRO 6000 Blackwell Max-Q Workstation Edition, 19.10 W, 47 MiB, 0 %
2026/10/09 11:50:30.611, 1, NVIDIA GB300, 405.04 W, 245350 MiB, 100 %
2026/10/09 11:50:31.611, 0, NVIDIA RTX PRO 6000 Blackwell Max-Q Workstation Edition, 18.99 W, 47 MiB, 0 %
2026/10/09 11:50:31.611, 1, NVIDIA GB300, 418.75 W, 245350 MiB, 100 %
2026/10/09 11:50:32.611, 0, NVIDIA RTX PRO 6000 Blackwell Max-Q Workstation Edition, 18.84 W, 47 MiB, 0 %
2026/10/09 11:50:32.611, 1, NVIDIA GB300, 407.76 W, 245350 MiB, 100 %
2026/10/09 11:50:33.612, 0, NVIDIA RTX PRO 6000 Blackwell Max-Q Workstation Edition, 18.78 W, 47 MiB, 0 %
2026/10/09 11:50:33.612, 1, NVIDIA GB300, 429.06 W, 245350 MiB, 100 %
2026/10/09 11:50:34.612, 0, NVIDIA RTX PRO 6000 Blackwell Max-Q Workstation Edition, 18.86 W, 47 MiB, 0 %
2026/10/09 11:50:34.612, 1, NVIDIA GB300, 412.05 W, 245350 MiB, 100 %
2026/10/09 11:50:35.612, 0, NVIDIA RTX PRO 6000 Blackwell Max-Q Workstation Edition, 19.89 W, 47 MiB, 0 %
2026/10/09 11:50:35.612, 1, NVIDIA GB300, 420.52 W, 245350 MiB, 100 %
2026/10/09 11:50:36.612, 0, NVIDIA RTX PRO 6000 Blackwell Max-Q Workstation Edition, 23.28 W, 47 MiB, 0 %
2026/10/09 11:50:36.612, 1, NVIDIA GB300, 485.86 W, 245350 MiB, 100 %
2026/10/09 11:50:37.612, 0, NVIDIA RTX PRO 6000 Blackwell Max-Q Workstation Edition, 18.66 W, 47 MiB, 0 %
2026/10/09 11:50:37.612, 1, NVIDIA GB300, 417.86 W, 245350 MiB, 100 %
2026/10/09 11:50:38.612, 0, NVIDIA RTX PRO 6000 Blackwell Max-Q Workstation Edition, 18.61 W, 47 MiB, 0 %
2026/10/09 11:50:38.612, 1, NVIDIA GB300, 425.49 W, 245350 MiB, 100 %
2026/10/09 11:50:39.612, 0, NVIDIA RTX PRO 6000 Blackwell Max-Q Workstation Edition, 18.89 W, 47 MiB, 0 %
2026/10/09 11:50:39.612, 1, NVIDIA GB300, 417.75 W, 245350 MiB, 100 %
2026/10/09 11:50:40.612, 0, NVIDIA RTX PRO 6000 Blackwell Max-Q Workstation Edition, 19.07 W, 47 MiB, 0 %
2026/10/09 11:50:40.612, 1, NVIDIA GB300, 413.30 W, 245350 MiB, 100 %
2026/10/09 11:50:41.612, 0, NVIDIA RTX PRO 6000 Blackwell Max-Q Workstation Edition, 18.75 W, 47 MiB, 0 %
2026/10/09 11:50:41.613, 1, NVIDIA GB300, 420.37 W, 245350 MiB, 100 %
2026/10/09 11:50:42.613, 0, NVIDIA RTX PRO 6000 Blackwell Max-Q Workstation Edition, 18.91 W, 47 MiB, 0 %
2026/10/09 11:50:42.613, 1, NVIDIA GB300, 417.32 W, 245350 MiB, 100 %
2026/10/09 11:50:43.613, 0, NVIDIA RTX PRO 6000 Blackwell Max-Q Workstation Edition, 22.74 W, 47 MiB, 0 %
2026/10/09 11:50:43.613, 1, NVIDIA GB300, 478.15 W, 245350 MiB, 100 %
2026/10/09 11:50:44.613, 0, NVIDIA RTX PRO 6000 Blackwell Max-Q Workstation Edition, 19.10 W, 47 MiB, 0 %
2026/10/09 11:50:44.613, 1, NVIDIA GB300, 414.21 W, 245350 MiB, 100 %
2026/10/09 11:50:45.613, 0, NVIDIA RTX PRO 6000 Blackwell Max-Q Workstation Edition, 18.80 W, 47 MiB, 0 %
2026/10/09 11:50:45.613, 1, NVIDIA GB300, 418.98 W, 245350 MiB, 100 %
2026/10/09 11:50:46.613, 0, NVIDIA RTX PRO 6000 Blackwell Max-Q Workstation Edition, 18.81 W, 47 MiB, 0 %
2026/10/09 11:50:46.613, 1, NVIDIA GB300, 421.63 W, 245350 MiB, 100 %
2026/10/09 11:50:47.613, 0, NVIDIA RTX PRO 6000 Blackwell Max-Q Workstation Edition, 18.75 W, 47 MiB, 0 %
2026/10/09 11:50:47.613, 1, NVIDIA GB300, 432.14 W, 245350 MiB, 100 %
2026/10/09 11:50:48.613, 0, NVIDIA RTX PRO 6000 Blackwell Max-Q Workstation Edition, 18.70 W, 47 MiB, 0 %
2026/10/09 11:50:48.613, 1, NVIDIA GB300, 414.23 W, 245350 MiB, 100 %
2026/10/09 11:50:49.613, 0, NVIDIA RTX PRO 6000 Blackwell Max-Q Workstation Edition, 18.68 W, 47 MiB, 0 %
2026/10/09 11:50:49.613, 1, NVIDIA GB300, 425.24 W, 245350 MiB, 100 %
2026/10/09 11:50:50.613, 0, NVIDIA RTX PRO 6000 Blackwell Max-Q Workstation Edition, 23.32 W, 47 MiB, 0 %
2026/10/09 11:50:50.614, 1, NVIDIA GB300, 464.08 W, 245350 MiB, 94 %
2026/10/09 11:50:51.614, 0, NVIDIA RTX PRO 6000 Blackwell Max-Q Workstation Edition, 19.18 W, 47 MiB, 0 %
2026/10/09 11:50:51.614, 1, NVIDIA GB300, 453.79 W, 245350 MiB, 100 %
2026/10/09 11:50:52.614, 0, NVIDIA RTX PRO 6000 Blackwell Max-Q Workstation Edition, 19.12 W, 47 MiB, 0 %
2026/10/09 11:50:52.614, 1, NVIDIA GB300, 423.15 W, 245350 MiB, 100 %
2026/10/09 11:50:53.614, 0, NVIDIA RTX PRO 6000 Blackwell Max-Q Workstation Edition, 18.92 W, 47 MiB, 0 %
2026/10/09 11:50:53.614, 1, NVIDIA GB300, 424.06 W, 245350 MiB, 100 %
2026/10/09 11:50:54.614, 0, NVIDIA RTX PRO 6000 Blackwell Max-Q Workstation Edition, 18.79 W, 47 MiB, 0 %
2026/10/09 11:50:54.614, 1, NVIDIA GB300, 407.72 W, 245350 MiB, 100 %
2026/10/09 11:50:55.614, 0, NVIDIA RTX PRO 6000 Blackwell Max-Q Workstation Edition, 18.74 W, 47 MiB, 0 %
2026/10/09 11:50:55.614, 1, NVIDIA GB300, 433.26 W, 245350 MiB, 100 %
2026/10/09 11:50:56.614, 0, NVIDIA RTX PRO 6000 Blackwell Max-Q Workstation Edition, 18.84 W, 47 MiB, 0 %
2026/10/09 11:50:56.614, 1, NVIDIA GB300, 419.93 W, 245350 MiB, 100 %
2026/10/09 11:50:57.614, 0, NVIDIA RTX PRO 6000 Blackwell Max-Q Workstation Edition, 21.27 W, 47 MiB, 0 %
2026/10/09 11:50:57.614, 1, NVIDIA GB300, 406.74 W, 245350 MiB, 100 %
2026/10/09 11:51:08.616, 0, NVIDIA RTX PRO 6000 Blackwell Max-Q Workstation Edition, 19.78 W, 47 MiB, 0 %
2026/10/09 11:51:08.616, 1, NVIDIA GB300, 279.14 W, 245350 MiB, 0 %
2026/10/09 11:51:09.616, 0, NVIDIA RTX PRO 6000 Blackwell Max-Q Workstation Edition, 20.12 W, 47 MiB, 0 %
2026/10/09 11:51:09.616, 1, NVIDIA GB300, 211.11 W, 245350 MiB, 0 %
2026/10/09 11:51:10.616, 0, NVIDIA RTX PRO 6000 Blackwell Max-Q Workstation Edition, 20.06 W, 47 MiB, 0 %
2026/10/09 11:51:10.616, 1, NVIDIA GB300, 211.11 W, 245350 MiB, 0 %
2026/10/09 11:51:11.616, 0, NVIDIA RTX PRO 6000 Blackwell Max-Q Workstation Edition, 21.29 W, 47 MiB, 0 %
2026/10/09 11:51:11.616, 1, NVIDIA GB300, 211.14 W, 245350 MiB, 0 %
2026/10/09 11:51:12.616, 0, NVIDIA RTX PRO 6000 Blackwell Max-Q Workstation Edition, 24.28 W, 47 MiB, 0 %
2026/10/09 11:51:12.616, 1, NVIDIA GB300, 211.11 W, 245350 MiB, 0 %
2026/10/09 11:51:13.616, 0, NVIDIA RTX PRO 6000 Blackwell Max-Q Workstation Edition, 20.03 W, 47 MiB, 0 %
2026/10/09 11:51:13.616, 1, NVIDIA GB300, 211.11 W, 245350 MiB, 0 %
2026/10/09 11:51:14.616, 0, NVIDIA RTX PRO 6000 Blackwell Max-Q Workstation Edition, 20.10 W, 47 MiB, 0 %
2026/10/09 11:51:14.617, 1, NVIDIA GB300, 211.11 W, 245350 MiB, 0 %
2026/10/09 11:51:15.617, 0, NVIDIA RTX PRO 6000 Blackwell Max-Q Workstation Edition, 20.03 W, 47 MiB, 0 %
2026/10/09 11:51:15.617, 1, NVIDIA GB300, 211.11 W, 245350 MiB, 0 %
2026/10/09 11:51:16.617, 0, NVIDIA RTX PRO 6000 Blackwell Max-Q Workstation Edition, 19.76 W, 47 MiB, 0 %
2026/10/09 11:51:16.617, 1, NVIDIA GB300, 211.14 W, 245350 MiB, 0 %
2026/10/09 11:51:17.617, 0, NVIDIA RTX PRO 6000 Blackwell Max-Q Workstation Edition, 19.61 W, 47 MiB, 0 %
2026/10/09 11:51:17.617, 1, NVIDIA GB300, 261.96 W, 245350 MiB, 0 %
2026/10/09 11:51:18.617, 0, NVIDIA RTX PRO 6000 Blackwell Max-Q Workstation Edition, 20.02 W, 47 MiB, 0 %
2026/10/09 11:51:18.617, 1, NVIDIA GB300, 487.36 W, 245350 MiB, 100 %
2026/10/09 11:51:19.617, 0, NVIDIA RTX PRO 6000 Blackwell Max-Q Workstation Edition, 22.99 W, 47 MiB, 0 %
2026/10/09 11:51:19.662, 1, NVIDIA GB300, 416.93 W, 245350 MiB, 100 %
2026/10/09 11:51:20.662, 0, NVIDIA RTX PRO 6000 Blackwell Max-Q Workstation Edition, 19.10 W, 47 MiB, 0 %
2026/10/09 11:51:20.662, 1, NVIDIA GB300, 430.02 W, 245350 MiB, 100 %
2026/10/09 11:51:21.662, 0, NVIDIA RTX PRO 6000 Blackwell Max-Q Workstation Edition, 19.11 W, 47 MiB, 0 %
2026/10/09 11:51:21.662, 1, NVIDIA GB300, 426.89 W, 245350 MiB, 100 %
2026/10/09 11:51:22.663, 0, NVIDIA RTX PRO 6000 Blackwell Max-Q Workstation Edition, 19.35 W, 47 MiB, 0 %
2026/10/09 11:51:22.663, 1, NVIDIA GB300, 429.57 W, 245350 MiB, 100 %
2026/10/09 11:51:23.663, 0, NVIDIA RTX PRO 6000 Blackwell Max-Q Workstation Edition, 18.90 W, 47 MiB, 0 %
2026/10/09 11:51:23.663, 1, NVIDIA GB300, 417.82 W, 245350 MiB, 100 %
2026/10/09 11:51:24.663, 0, NVIDIA RTX PRO 6000 Blackwell Max-Q Workstation Edition, 19.10 W, 47 MiB, 0 %
2026/10/09 11:51:24.663, 1, NVIDIA GB300, 421.69 W, 245350 MiB, 100 %
2026/10/09 11:51:25.663, 0, NVIDIA RTX PRO 6000 Blackwell Max-Q Workstation Edition, 19.48 W, 47 MiB, 0 %
2026/10/09 11:51:25.663, 1, NVIDIA GB300, 495.38 W, 245350 MiB, 100 %
2026/10/09 11:51:26.663, 0, NVIDIA RTX PRO 6000 Blackwell Max-Q Workstation Edition, 23.39 W, 47 MiB, 0 %
2026/10/09 11:51:26.663, 1, NVIDIA GB300, 417.75 W, 245350 MiB, 100 %
2026/10/09 11:51:27.663, 0, NVIDIA RTX PRO 6000 Blackwell Max-Q Workstation Edition, 19.11 W, 47 MiB, 0 %
2026/10/09 11:51:27.663, 1, NVIDIA GB300, 415.17 W, 245350 MiB, 100 %
2026/10/09 11:51:28.663, 0, NVIDIA RTX PRO 6000 Blackwell Max-Q Workstation Edition, 19.14 W, 47 MiB, 0 %
2026/10/09 11:51:28.663, 1, NVIDIA GB300, 431.16 W, 245350 MiB, 100 %
2026/10/09 11:51:29.663, 0, NVIDIA RTX PRO 6000 Blackwell Max-Q Workstation Edition, 19.15 W, 47 MiB, 0 %
2026/10/09 11:51:29.663, 1, NVIDIA GB300, 436.96 W, 245350 MiB, 100 %
2026/10/09 11:51:30.663, 0, NVIDIA RTX PRO 6000 Blackwell Max-Q Workstation Edition, 19.26 W, 47 MiB, 0 %
2026/10/09 11:51:30.663, 1, NVIDIA GB300, 451.13 W, 245350 MiB, 100 %
2026/10/09 11:51:31.664, 0, NVIDIA RTX PRO 6000 Blackwell Max-Q Workstation Edition, 19.22 W, 47 MiB, 0 %
2026/10/09 11:51:31.664, 1, NVIDIA GB300, 433.87 W, 245350 MiB, 100 %
2026/10/09 11:51:32.664, 0, NVIDIA RTX PRO 6000 Blackwell Max-Q Workstation Edition, 19.06 W, 47 MiB, 0 %
2026/10/09 11:51:32.664, 1, NVIDIA GB300, 425.62 W, 245350 MiB, 100 %
2026/10/09 11:51:33.664, 0, NVIDIA RTX PRO 6000 Blackwell Max-Q Workstation Edition, 23.45 W, 47 MiB, 0 %
2026/10/09 11:51:33.664, 1, NVIDIA GB300, 493.47 W, 245350 MiB, 100 %
2026/10/09 11:51:34.664, 0, NVIDIA RTX PRO 6000 Blackwell Max-Q Workstation Edition, 19.13 W, 47 MiB, 0 %
2026/10/09 11:51:34.664, 1, NVIDIA GB300, 409.68 W, 245350 MiB, 100 %
2026/10/09 11:51:35.664, 0, NVIDIA RTX PRO 6000 Blackwell Max-Q Workstation Edition, 19.03 W, 47 MiB, 0 %
2026/10/09 11:51:35.664, 1, NVIDIA GB300, 439.13 W, 245350 MiB, 100 %
2026/10/09 11:51:36.664, 0, NVIDIA RTX PRO 6000 Blackwell Max-Q Workstation Edition, 18.98 W, 47 MiB, 0 %
2026/10/09 11:51:36.664, 1, NVIDIA GB300, 433.58 W, 245350 MiB, 100 %
2026/10/09 11:51:37.664, 0, NVIDIA RTX PRO 6000 Blackwell Max-Q Workstation Edition, 19.09 W, 47 MiB, 0 %
2026/10/09 11:51:37.664, 1, NVIDIA GB300, 407.38 W, 245350 MiB, 100 %
2026/10/09 11:51:38.664, 0, NVIDIA RTX PRO 6000 Blackwell Max-Q Workstation Edition, 18.95 W, 47 MiB, 0 %
2026/10/09 11:51:38.664, 1, NVIDIA GB300, 409.16 W, 245350 MiB, 100 %
2026/10/09 11:51:39.664, 0, NVIDIA RTX PRO 6000 Blackwell Max-Q Workstation Edition, 18.97 W, 47 MiB, 0 %
2026/10/09 11:51:39.664, 1, NVIDIA GB300, 442.54 W, 245350 MiB, 100 %
2026/10/09 11:51:40.665, 0, NVIDIA RTX PRO 6000 Blackwell Max-Q Workstation Edition, 21.30 W, 47 MiB, 0 %
2026/10/09 11:51:40.665, 1, NVIDIA GB300, 462.82 W, 245350 MiB, 95 %
2026/10/09 11:51:41.665, 0, NVIDIA RTX PRO 6000 Blackwell Max-Q Workstation Edition, 23.67 W, 47 MiB, 0 %
2026/10/09 11:51:41.665, 1, NVIDIA GB300, 449.77 W, 245350 MiB, 100 %
2026/10/09 11:51:42.665, 0, NVIDIA RTX PRO 6000 Blackwell Max-Q Workstation Edition, 19.00 W, 47 MiB, 0 %
2026/10/09 11:51:42.665, 1, NVIDIA GB300, 438.51 W, 245350 MiB, 100 %
2026/10/09 11:51:43.665, 0, NVIDIA RTX PRO 6000 Blackwell Max-Q Workstation Edition, 18.89 W, 47 MiB, 0 %
2026/10/09 11:51:43.665, 1, NVIDIA GB300, 445.41 W, 245350 MiB, 100 %
2026/10/09 11:51:44.665, 0, NVIDIA RTX PRO 6000 Blackwell Max-Q Workstation Edition, 19.00 W, 47 MiB, 0 %
2026/10/09 11:51:44.665, 1, NVIDIA GB300, 443.61 W, 245350 MiB, 100 %
2026/10/09 11:51:45.665, 0, NVIDIA RTX PRO 6000 Blackwell Max-Q Workstation Edition, 19.32 W, 47 MiB, 0 %
2026/10/09 11:51:45.665, 1, NVIDIA GB300, 442.01 W, 245350 MiB, 100 %
2026/10/09 11:51:46.665, 0, NVIDIA RTX PRO 6000 Blackwell Max-Q Workstation Edition, 19.30 W, 47 MiB, 0 %
2026/10/09 11:51:46.665, 1, NVIDIA GB300, 417.35 W, 245350 MiB, 100 %
2026/10/09 11:51:47.665, 0, NVIDIA RTX PRO 6000 Blackwell Max-Q Workstation Edition, 20.89 W, 47 MiB, 0 %
2026/10/09 11:51:47.665, 1, NVIDIA GB300, 425.26 W, 245350 MiB, 100 %
2026/10/09 11:51:48.665, 0, NVIDIA RTX PRO 6000 Blackwell Max-Q Workstation Edition, 23.38 W, 47 MiB, 0 %
2026/10/09 11:51:48.666, 1, NVIDIA GB300, 494.37 W, 245350 MiB, 100 %
2026/10/09 11:51:49.666, 0, NVIDIA RTX PRO 6000 Blackwell Max-Q Workstation Edition, 18.85 W, 47 MiB, 0 %
2026/10/09 11:51:49.666, 1, NVIDIA GB300, 413.55 W, 245350 MiB, 100 %
2026/10/09 11:51:50.666, 0, NVIDIA RTX PRO 6000 Blackwell Max-Q Workstation Edition, 18.98 W, 47 MiB, 0 %
2026/10/09 11:51:50.666, 1, NVIDIA GB300, 415.47 W, 245350 MiB, 100 %
2026/10/09 11:51:51.666, 0, NVIDIA RTX PRO 6000 Blackwell Max-Q Workstation Edition, 19.03 W, 47 MiB, 0 %
2026/10/09 11:51:51.666, 1, NVIDIA GB300, 412.27 W, 245350 MiB, 100 %
2026/10/09 11:51:52.666, 0, NVIDIA RTX PRO 6000 Blackwell Max-Q Workstation Edition, 19.05 W, 47 MiB, 0 %
2026/10/09 11:51:52.666, 1, NVIDIA GB300, 422.68 W, 245350 MiB, 100 %
2026/10/09 11:51:53.666, 0, NVIDIA RTX PRO 6000 Blackwell Max-Q Workstation Edition, 19.28 W, 47 MiB, 0 %
2026/10/09 11:51:53.666, 1, NVIDIA GB300, 429.52 W, 245350 MiB, 100 %
2026/10/09 11:51:54.666, 0, NVIDIA RTX PRO 6000 Blackwell Max-Q Workstation Edition, 20.83 W, 47 MiB, 0 %
2026/10/09 11:51:54.666, 1, NVIDIA GB300, 415.77 W, 245350 MiB, 100 %
2026/10/09 11:52:06.668, 0, NVIDIA RTX PRO 6000 Blackwell Max-Q Workstation Edition, 19.04 W, 47 MiB, 0 %
2026/10/09 11:52:06.668, 1, NVIDIA GB300, 281.13 W, 245350 MiB, 0 %
2026/10/09 11:52:07.668, 0, NVIDIA RTX PRO 6000 Blackwell Max-Q Workstation Edition, 19.78 W, 47 MiB, 0 %
2026/10/09 11:52:07.668, 1, NVIDIA GB300, 211.13 W, 245350 MiB, 0 %
2026/10/09 11:52:08.668, 0, NVIDIA RTX PRO 6000 Blackwell Max-Q Workstation Edition, 19.84 W, 47 MiB, 0 %
2026/10/09 11:52:08.668, 1, NVIDIA GB300, 211.10 W, 245350 MiB, 0 %
2026/10/09 11:52:09.668, 0, NVIDIA RTX PRO 6000 Blackwell Max-Q Workstation Edition, 23.37 W, 47 MiB, 0 %
2026/10/09 11:52:09.668, 1, NVIDIA GB300, 211.10 W, 245350 MiB, 0 %
2026/10/09 11:52:10.668, 0, NVIDIA RTX PRO 6000 Blackwell Max-Q Workstation Edition, 19.42 W, 47 MiB, 0 %
2026/10/09 11:52:10.668, 1, NVIDIA GB300, 211.11 W, 245350 MiB, 0 %
2026/10/09 11:52:11.669, 0, NVIDIA RTX PRO 6000 Blackwell Max-Q Workstation Edition, 19.58 W, 47 MiB, 0 %
2026/10/09 11:52:11.669, 1, NVIDIA GB300, 211.24 W, 245350 MiB, 0 %
2026/10/09 11:52:12.669, 0, NVIDIA RTX PRO 6000 Blackwell Max-Q Workstation Edition, 19.64 W, 47 MiB, 0 %
2026/10/09 11:52:12.669, 1, NVIDIA GB300, 211.11 W, 245350 MiB, 0 %
2026/10/09 11:52:13.669, 0, NVIDIA RTX PRO 6000 Blackwell Max-Q Workstation Edition, 19.77 W, 47 MiB, 0 %
2026/10/09 11:52:13.669, 1, NVIDIA GB300, 211.11 W, 245350 MiB, 0 %
2026/10/09 11:52:14.669, 0, NVIDIA RTX PRO 6000 Blackwell Max-Q Workstation Edition, 19.69 W, 47 MiB, 0 %
2026/10/09 11:52:14.669, 1, NVIDIA GB300, 211.10 W, 245350 MiB, 0 %
2026/10/09 11:52:15.669, 0, NVIDIA RTX PRO 6000 Blackwell Max-Q Workstation Edition, 19.89 W, 47 MiB, 0 %
2026/10/09 11:52:15.669, 1, NVIDIA GB300, 211.10 W, 245350 MiB, 0 %
2026/10/09 11:52:16.669, 0, NVIDIA RTX PRO 6000 Blackwell Max-Q Workstation Edition, 23.20 W, 47 MiB, 0 %
2026/10/09 11:52:16.669, 1, NVIDIA GB300, 488.14 W, 245350 MiB, 100 %
2026/10/09 11:52:17.669, 0, NVIDIA RTX PRO 6000 Blackwell Max-Q Workstation Edition, 18.98 W, 47 MiB, 0 %
2026/10/09 11:52:17.669, 1, NVIDIA GB300, 420.24 W, 245350 MiB, 100 %
2026/10/09 11:52:18.669, 0, NVIDIA RTX PRO 6000 Blackwell Max-Q Workstation Edition, 18.68 W, 47 MiB, 0 %
2026/10/09 11:52:18.669, 1, NVIDIA GB300, 437.67 W, 245350 MiB, 100 %
2026/10/09 11:52:19.670, 0, NVIDIA RTX PRO 6000 Blackwell Max-Q Workstation Edition, 18.76 W, 47 MiB, 0 %
2026/10/09 11:52:19.670, 1, NVIDIA GB300, 415.12 W, 245350 MiB, 100 %
2026/10/09 11:52:20.670, 0, NVIDIA RTX PRO 6000 Blackwell Max-Q Workstation Edition, 18.72 W, 47 MiB, 0 %
2026/10/09 11:52:20.670, 1, NVIDIA GB300, 428.82 W, 245350 MiB, 100 %
2026/10/09 11:52:21.670, 0, NVIDIA RTX PRO 6000 Blackwell Max-Q Workstation Edition, 18.91 W, 47 MiB, 0 %
2026/10/09 11:52:21.670, 1, NVIDIA GB300, 426.20 W, 245350 MiB, 100 %
2026/10/09 11:52:22.670, 0, NVIDIA RTX PRO 6000 Blackwell Max-Q Workstation Edition, 19.08 W, 47 MiB, 0 %
2026/10/09 11:52:22.670, 1, NVIDIA GB300, 430.92 W, 245350 MiB, 100 %
2026/10/09 11:52:23.670, 0, NVIDIA RTX PRO 6000 Blackwell Max-Q Workstation Edition, 23.11 W, 47 MiB, 0 %
2026/10/09 11:52:23.670, 1, NVIDIA GB300, 476.72 W, 245350 MiB, 100 %
2026/10/09 11:52:24.670, 0, NVIDIA RTX PRO 6000 Blackwell Max-Q Workstation Edition, 23.25 W, 47 MiB, 0 %
2026/10/09 11:52:24.670, 1, NVIDIA GB300, 415.58 W, 245350 MiB, 100 %
2026/10/09 11:52:25.670, 0, NVIDIA RTX PRO 6000 Blackwell Max-Q Workstation Edition, 19.12 W, 47 MiB, 0 %
2026/10/09 11:52:25.670, 1, NVIDIA GB300, 415.97 W, 245350 MiB, 100 %
2026/10/09 11:52:26.670, 0, NVIDIA RTX PRO 6000 Blackwell Max-Q Workstation Edition, 18.90 W, 47 MiB, 0 %
2026/10/09 11:52:26.670, 1, NVIDIA GB300, 427.92 W, 245350 MiB, 100 %
2026/10/09 11:52:27.670, 0, NVIDIA RTX PRO 6000 Blackwell Max-Q Workstation Edition, 19.01 W, 47 MiB, 0 %
2026/10/09 11:52:27.670, 1, NVIDIA GB300, 436.20 W, 245350 MiB, 100 %
2026/10/09 11:52:28.670, 0, NVIDIA RTX PRO 6000 Blackwell Max-Q Workstation Edition, 19.55 W, 47 MiB, 0 %
2026/10/09 11:52:28.671, 1, NVIDIA GB300, 450.07 W, 245350 MiB, 100 %
2026/10/09 11:52:29.671, 0, NVIDIA RTX PRO 6000 Blackwell Max-Q Workstation Edition, 19.40 W, 47 MiB, 0 %
2026/10/09 11:52:29.671, 1, NVIDIA GB300, 403.67 W, 245350 MiB, 100 %
2026/10/09 11:52:30.671, 0, NVIDIA RTX PRO 6000 Blackwell Max-Q Workstation Edition, 21.24 W, 47 MiB, 0 %
2026/10/09 11:52:30.671, 1, NVIDIA GB300, 485.04 W, 245350 MiB, 100 %
2026/10/09 11:52:31.671, 0, NVIDIA RTX PRO 6000 Blackwell Max-Q Workstation Edition, 23.81 W, 47 MiB, 0 %
2026/10/09 11:52:31.671, 1, NVIDIA GB300, 426.57 W, 245350 MiB, 100 %
2026/10/09 11:52:32.671, 0, NVIDIA RTX PRO 6000 Blackwell Max-Q Workstation Edition, 19.17 W, 47 MiB, 0 %
2026/10/09 11:52:32.671, 1, NVIDIA GB300, 423.21 W, 245350 MiB, 100 %
2026/10/09 11:52:33.671, 0, NVIDIA RTX PRO 6000 Blackwell Max-Q Workstation Edition, 19.41 W, 47 MiB, 0 %
2026/10/09 11:52:33.671, 1, NVIDIA GB300, 427.18 W, 245350 MiB, 100 %
2026/10/09 11:52:34.671, 0, NVIDIA RTX PRO 6000 Blackwell Max-Q Workstation Edition, 19.33 W, 47 MiB, 0 %
2026/10/09 11:52:34.671, 1, NVIDIA GB300, 416.53 W, 245350 MiB, 100 %
2026/10/09 11:52:35.671, 0, NVIDIA RTX PRO 6000 Blackwell Max-Q Workstation Edition, 19.33 W, 47 MiB, 0 %
2026/10/09 11:52:35.671, 1, NVIDIA GB300, 418.77 W, 245350 MiB, 100 %
2026/10/09 11:52:36.671, 0, NVIDIA RTX PRO 6000 Blackwell Max-Q Workstation Edition, 19.42 W, 47 MiB, 0 %
2026/10/09 11:52:36.671, 1, NVIDIA GB300, 420.39 W, 245350 MiB, 100 %
2026/10/09 11:52:37.671, 0, NVIDIA RTX PRO 6000 Blackwell Max-Q Workstation Edition, 20.96 W, 47 MiB, 0 %
2026/10/09 11:52:37.671, 1, NVIDIA GB300, 471.08 W, 245350 MiB, 95 %
2026/10/09 11:52:38.671, 0, NVIDIA RTX PRO 6000 Blackwell Max-Q Workstation Edition, 23.89 W, 47 MiB, 0 %
2026/10/09 11:52:38.672, 1, NVIDIA GB300, 468.59 W, 245350 MiB, 100 %
2026/10/09 11:52:39.672, 0, NVIDIA RTX PRO 6000 Blackwell Max-Q Workstation Edition, 19.41 W, 47 MiB, 0 %
2026/10/09 11:52:39.672, 1, NVIDIA GB300, 425.32 W, 245350 MiB, 100 %
2026/10/09 11:52:40.672, 0, NVIDIA RTX PRO 6000 Blackwell Max-Q Workstation Edition, 19.26 W, 47 MiB, 0 %
2026/10/09 11:52:40.672, 1, NVIDIA GB300, 425.53 W, 245350 MiB, 100 %
2026/10/09 11:52:41.672, 0, NVIDIA RTX PRO 6000 Blackwell Max-Q Workstation Edition, 19.28 W, 47 MiB, 0 %
2026/10/09 11:52:41.672, 1, NVIDIA GB300, 422.75 W, 245350 MiB, 100 %
2026/10/09 11:52:42.672, 0, NVIDIA RTX PRO 6000 Blackwell Max-Q Workstation Edition, 19.26 W, 47 MiB, 0 %
2026/10/09 11:52:42.672, 1, NVIDIA GB300, 457.41 W, 245350 MiB, 100 %
2026/10/09 11:52:43.672, 0, NVIDIA RTX PRO 6000 Blackwell Max-Q Workstation Edition, 19.24 W, 47 MiB, 0 %
2026/10/09 11:52:43.672, 1, NVIDIA GB300, 435.86 W, 245350 MiB, 100 %
2026/10/09 11:52:44.672, 0, NVIDIA RTX PRO 6000 Blackwell Max-Q Workstation Edition, 20.03 W, 47 MiB, 0 %
2026/10/09 11:52:44.672, 1, NVIDIA GB300, 467.10 W, 245350 MiB, 100 %
2026/10/09 11:52:45.672, 0, NVIDIA RTX PRO 6000 Blackwell Max-Q Workstation Edition, 23.12 W, 47 MiB, 0 %
2026/10/09 11:52:45.672, 1, NVIDIA GB300, 468.73 W, 245350 MiB, 100 %
2026/10/09 11:52:46.672, 0, NVIDIA RTX PRO 6000 Blackwell Max-Q Workstation Edition, 19.38 W, 47 MiB, 0 %
2026/10/09 11:52:46.672, 1, NVIDIA GB300, 438.05 W, 245350 MiB, 100 %
2026/10/09 11:52:47.672, 0, NVIDIA RTX PRO 6000 Blackwell Max-Q Workstation Edition, 19.23 W, 47 MiB, 0 %
2026/10/09 11:52:47.672, 1, NVIDIA GB300, 435.00 W, 245350 MiB, 100 %
2026/10/09 11:52:48.673, 0, NVIDIA RTX PRO 6000 Blackwell Max-Q Workstation Edition, 19.20 W, 47 MiB, 0 %
2026/10/09 11:52:48.673, 1, NVIDIA GB300, 422.12 W, 245350 MiB, 100 %
2026/10/09 11:52:49.673, 0, NVIDIA RTX PRO 6000 Blackwell Max-Q Workstation Edition, 19.23 W, 47 MiB, 0 %
2026/10/09 11:52:49.673, 1, NVIDIA GB300, 441.23 W, 245350 MiB, 100 %
2026/10/09 11:52:50.673, 0, NVIDIA RTX PRO 6000 Blackwell Max-Q Workstation Edition, 19.15 W, 47 MiB, 0 %
2026/10/09 11:52:50.673, 1, NVIDIA GB300, 431.30 W, 245350 MiB, 100 %
2026/10/09 11:52:51.673, 0, NVIDIA RTX PRO 6000 Blackwell Max-Q Workstation Edition, 19.64 W, 47 MiB, 0 %
2026/10/09 11:52:51.673, 1, NVIDIA GB300, 412.31 W, 245350 MiB, 100 %

--- arm B long C16: long/power-<host>-long.csv, windows decode-c16-r1 11:53:35.361-11:56:36.184
2026/10/09 11:53:35.678, 0, NVIDIA RTX PRO 6000 Blackwell Max-Q Workstation Edition, 22.48 W, 47 MiB, 0 %
2026/10/09 11:53:35.679, 1, NVIDIA GB300, 355.25 W, 245872 MiB, 0 %
2026/10/09 11:53:36.679, 0, NVIDIA RTX PRO 6000 Blackwell Max-Q Workstation Edition, 19.63 W, 47 MiB, 0 %
2026/10/09 11:53:36.679, 1, NVIDIA GB300, 211.71 W, 245872 MiB, 0 %
2026/10/09 11:53:37.679, 0, NVIDIA RTX PRO 6000 Blackwell Max-Q Workstation Edition, 19.61 W, 47 MiB, 0 %
2026/10/09 11:53:37.679, 1, NVIDIA GB300, 211.12 W, 245872 MiB, 0 %
2026/10/09 11:53:38.679, 0, NVIDIA RTX PRO 6000 Blackwell Max-Q Workstation Edition, 19.26 W, 47 MiB, 0 %
2026/10/09 11:53:38.679, 1, NVIDIA GB300, 211.10 W, 245872 MiB, 0 %
2026/10/09 11:53:39.679, 0, NVIDIA RTX PRO 6000 Blackwell Max-Q Workstation Edition, 19.23 W, 47 MiB, 0 %
2026/10/09 11:53:39.679, 1, NVIDIA GB300, 211.11 W, 245872 MiB, 0 %
2026/10/09 11:53:40.679, 0, NVIDIA RTX PRO 6000 Blackwell Max-Q Workstation Edition, 19.13 W, 47 MiB, 0 %
2026/10/09 11:53:40.679, 1, NVIDIA GB300, 211.12 W, 245872 MiB, 0 %
2026/10/09 11:53:41.679, 0, NVIDIA RTX PRO 6000 Blackwell Max-Q Workstation Edition, 19.30 W, 47 MiB, 0 %
2026/10/09 11:53:41.679, 1, NVIDIA GB300, 211.20 W, 245872 MiB, 0 %
2026/10/09 11:53:42.679, 0, NVIDIA RTX PRO 6000 Blackwell Max-Q Workstation Edition, 23.49 W, 47 MiB, 0 %
2026/10/09 11:53:42.680, 1, NVIDIA GB300, 211.10 W, 245872 MiB, 0 %
2026/10/09 11:53:43.680, 0, NVIDIA RTX PRO 6000 Blackwell Max-Q Workstation Edition, 19.95 W, 47 MiB, 0 %
2026/10/09 11:53:43.680, 1, NVIDIA GB300, 211.12 W, 245872 MiB, 0 %
2026/10/09 11:53:44.680, 0, NVIDIA RTX PRO 6000 Blackwell Max-Q Workstation Edition, 19.08 W, 47 MiB, 0 %
2026/10/09 11:53:44.680, 1, NVIDIA GB300, 211.10 W, 245872 MiB, 0 %
2026/10/09 11:53:45.680, 0, NVIDIA RTX PRO 6000 Blackwell Max-Q Workstation Edition, 19.18 W, 47 MiB, 0 %
2026/10/09 11:53:45.690, 1, NVIDIA GB300, 211.12 W, 245872 MiB, 0 %
2026/10/09 11:53:46.690, 0, NVIDIA RTX PRO 6000 Blackwell Max-Q Workstation Edition, 19.10 W, 47 MiB, 0 %
2026/10/09 11:53:46.690, 1, NVIDIA GB300, 467.13 W, 245872 MiB, 100 %
2026/10/09 11:53:47.690, 0, NVIDIA RTX PRO 6000 Blackwell Max-Q Workstation Edition, 18.74 W, 47 MiB, 0 %
2026/10/09 11:53:47.690, 1, NVIDIA GB300, 643.45 W, 245872 MiB, 100 %
2026/10/09 11:53:48.690, 0, NVIDIA RTX PRO 6000 Blackwell Max-Q Workstation Edition, 18.37 W, 47 MiB, 0 %
2026/10/09 11:53:48.690, 1, NVIDIA GB300, 651.98 W, 245872 MiB, 100 %
2026/10/09 11:53:49.690, 0, NVIDIA RTX PRO 6000 Blackwell Max-Q Workstation Edition, 22.78 W, 47 MiB, 0 %
2026/10/09 11:53:49.690, 1, NVIDIA GB300, 678.70 W, 245872 MiB, 100 %
2026/10/09 11:53:50.690, 0, NVIDIA RTX PRO 6000 Blackwell Max-Q Workstation Edition, 22.92 W, 47 MiB, 0 %
2026/10/09 11:53:50.735, 1, NVIDIA GB300, 667.13 W, 245872 MiB, 100 %
2026/10/09 11:53:51.735, 0, NVIDIA RTX PRO 6000 Blackwell Max-Q Workstation Edition, 18.70 W, 47 MiB, 0 %
2026/10/09 11:53:51.735, 1, NVIDIA GB300, 565.59 W, 245872 MiB, 100 %
2026/10/09 11:53:52.735, 0, NVIDIA RTX PRO 6000 Blackwell Max-Q Workstation Edition, 18.44 W, 47 MiB, 0 %
2026/10/09 11:53:52.735, 1, NVIDIA GB300, 467.21 W, 245872 MiB, 100 %
2026/10/09 11:53:53.735, 0, NVIDIA RTX PRO 6000 Blackwell Max-Q Workstation Edition, 17.91 W, 47 MiB, 0 %
2026/10/09 11:53:53.736, 1, NVIDIA GB300, 471.40 W, 245872 MiB, 100 %
2026/10/09 11:53:54.736, 0, NVIDIA RTX PRO 6000 Blackwell Max-Q Workstation Edition, 17.66 W, 47 MiB, 0 %
2026/10/09 11:53:54.736, 1, NVIDIA GB300, 476.00 W, 245872 MiB, 100 %
2026/10/09 11:53:55.736, 0, NVIDIA RTX PRO 6000 Blackwell Max-Q Workstation Edition, 17.94 W, 47 MiB, 0 %
2026/10/09 11:53:55.736, 1, NVIDIA GB300, 468.80 W, 245872 MiB, 100 %
2026/10/09 11:53:56.736, 0, NVIDIA RTX PRO 6000 Blackwell Max-Q Workstation Edition, 19.96 W, 47 MiB, 0 %
2026/10/09 11:53:56.736, 1, NVIDIA GB300, 460.38 W, 245872 MiB, 100 %
2026/10/09 11:53:57.736, 0, NVIDIA RTX PRO 6000 Blackwell Max-Q Workstation Edition, 22.48 W, 47 MiB, 0 %
2026/10/09 11:53:57.736, 1, NVIDIA GB300, 471.11 W, 245872 MiB, 100 %
2026/10/09 11:53:58.736, 0, NVIDIA RTX PRO 6000 Blackwell Max-Q Workstation Edition, 18.34 W, 47 MiB, 0 %
2026/10/09 11:53:58.736, 1, NVIDIA GB300, 459.98 W, 245872 MiB, 100 %
2026/10/09 11:53:59.736, 0, NVIDIA RTX PRO 6000 Blackwell Max-Q Workstation Edition, 18.33 W, 47 MiB, 0 %
2026/10/09 11:53:59.736, 1, NVIDIA GB300, 463.53 W, 245872 MiB, 100 %
2026/10/09 11:54:00.736, 0, NVIDIA RTX PRO 6000 Blackwell Max-Q Workstation Edition, 18.08 W, 47 MiB, 0 %
2026/10/09 11:54:00.736, 1, NVIDIA GB300, 460.65 W, 245872 MiB, 100 %
2026/10/09 11:54:01.737, 0, NVIDIA RTX PRO 6000 Blackwell Max-Q Workstation Edition, 18.23 W, 47 MiB, 0 %
2026/10/09 11:54:01.737, 1, NVIDIA GB300, 460.13 W, 245872 MiB, 100 %
2026/10/09 11:54:02.737, 0, NVIDIA RTX PRO 6000 Blackwell Max-Q Workstation Edition, 18.46 W, 47 MiB, 0 %
2026/10/09 11:54:02.737, 1, NVIDIA GB300, 460.71 W, 245872 MiB, 100 %
2026/10/09 11:54:03.737, 0, NVIDIA RTX PRO 6000 Blackwell Max-Q Workstation Edition, 19.74 W, 47 MiB, 0 %
2026/10/09 11:54:03.737, 1, NVIDIA GB300, 464.82 W, 245872 MiB, 100 %
2026/10/09 11:54:04.737, 0, NVIDIA RTX PRO 6000 Blackwell Max-Q Workstation Edition, 22.56 W, 47 MiB, 0 %
2026/10/09 11:54:04.737, 1, NVIDIA GB300, 465.85 W, 245872 MiB, 100 %
2026/10/09 11:54:05.737, 0, NVIDIA RTX PRO 6000 Blackwell Max-Q Workstation Edition, 17.82 W, 47 MiB, 0 %
2026/10/09 11:54:05.737, 1, NVIDIA GB300, 465.68 W, 245872 MiB, 100 %
2026/10/09 11:54:06.737, 0, NVIDIA RTX PRO 6000 Blackwell Max-Q Workstation Edition, 17.92 W, 47 MiB, 0 %
2026/10/09 11:54:06.737, 1, NVIDIA GB300, 469.22 W, 245872 MiB, 100 %
2026/10/09 11:54:07.737, 0, NVIDIA RTX PRO 6000 Blackwell Max-Q Workstation Edition, 18.08 W, 47 MiB, 0 %
2026/10/09 11:54:07.737, 1, NVIDIA GB300, 465.25 W, 245872 MiB, 100 %
2026/10/09 11:54:08.737, 0, NVIDIA RTX PRO 6000 Blackwell Max-Q Workstation Edition, 18.10 W, 47 MiB, 0 %
2026/10/09 11:54:08.737, 1, NVIDIA GB300, 460.01 W, 245872 MiB, 100 %
2026/10/09 11:54:09.737, 0, NVIDIA RTX PRO 6000 Blackwell Max-Q Workstation Edition, 18.13 W, 47 MiB, 0 %
2026/10/09 11:54:09.737, 1, NVIDIA GB300, 472.00 W, 245872 MiB, 100 %
2026/10/09 11:54:10.738, 0, NVIDIA RTX PRO 6000 Blackwell Max-Q Workstation Edition, 19.33 W, 47 MiB, 0 %
2026/10/09 11:54:10.738, 1, NVIDIA GB300, 464.94 W, 245872 MiB, 100 %
2026/10/09 11:54:11.738, 0, NVIDIA RTX PRO 6000 Blackwell Max-Q Workstation Edition, 22.98 W, 47 MiB, 0 %
2026/10/09 11:54:11.738, 1, NVIDIA GB300, 467.10 W, 245872 MiB, 100 %
2026/10/09 11:54:12.738, 0, NVIDIA RTX PRO 6000 Blackwell Max-Q Workstation Edition, 18.35 W, 47 MiB, 0 %
2026/10/09 11:54:12.738, 1, NVIDIA GB300, 467.22 W, 245872 MiB, 100 %
2026/10/09 11:54:13.738, 0, NVIDIA RTX PRO 6000 Blackwell Max-Q Workstation Edition, 18.25 W, 47 MiB, 0 %
2026/10/09 11:54:13.738, 1, NVIDIA GB300, 469.84 W, 245872 MiB, 100 %
2026/10/09 11:54:14.738, 0, NVIDIA RTX PRO 6000 Blackwell Max-Q Workstation Edition, 17.94 W, 47 MiB, 0 %
2026/10/09 11:54:14.738, 1, NVIDIA GB300, 464.74 W, 245872 MiB, 100 %
2026/10/09 11:54:15.738, 0, NVIDIA RTX PRO 6000 Blackwell Max-Q Workstation Edition, 17.71 W, 47 MiB, 0 %
2026/10/09 11:54:15.738, 1, NVIDIA GB300, 467.61 W, 245872 MiB, 100 %
2026/10/09 11:54:16.738, 0, NVIDIA RTX PRO 6000 Blackwell Max-Q Workstation Edition, 17.85 W, 47 MiB, 0 %
2026/10/09 11:54:16.738, 1, NVIDIA GB300, 459.81 W, 245872 MiB, 100 %
2026/10/09 11:54:17.738, 0, NVIDIA RTX PRO 6000 Blackwell Max-Q Workstation Edition, 18.69 W, 47 MiB, 0 %
2026/10/09 11:54:17.739, 1, NVIDIA GB300, 531.06 W, 245872 MiB, 100 %
2026/10/09 11:54:18.739, 0, NVIDIA RTX PRO 6000 Blackwell Max-Q Workstation Edition, 22.46 W, 47 MiB, 0 %
2026/10/09 11:54:18.739, 1, NVIDIA GB300, 560.82 W, 245874 MiB, 100 %
2026/10/09 11:54:19.739, 0, NVIDIA RTX PRO 6000 Blackwell Max-Q Workstation Edition, 18.38 W, 47 MiB, 0 %
2026/10/09 11:54:19.739, 1, NVIDIA GB300, 596.73 W, 245874 MiB, 100 %
2026/10/09 11:54:20.739, 0, NVIDIA RTX PRO 6000 Blackwell Max-Q Workstation Edition, 18.17 W, 47 MiB, 0 %
2026/10/09 11:54:20.739, 1, NVIDIA GB300, 523.00 W, 245874 MiB, 100 %
2026/10/09 11:54:21.739, 0, NVIDIA RTX PRO 6000 Blackwell Max-Q Workstation Edition, 18.03 W, 47 MiB, 0 %
2026/10/09 11:54:21.749, 1, NVIDIA GB300, 610.72 W, 245874 MiB, 100 %
2026/10/09 11:54:22.749, 0, NVIDIA RTX PRO 6000 Blackwell Max-Q Workstation Edition, 18.04 W, 47 MiB, 0 %
2026/10/09 11:54:22.749, 1, NVIDIA GB300, 593.66 W, 245874 MiB, 86 %
2026/10/09 11:54:23.749, 0, NVIDIA RTX PRO 6000 Blackwell Max-Q Workstation Edition, 17.85 W, 47 MiB, 0 %
2026/10/09 11:54:23.749, 1, NVIDIA GB300, 570.19 W, 245874 MiB, 100 %
2026/10/09 11:54:24.749, 0, NVIDIA RTX PRO 6000 Blackwell Max-Q Workstation Edition, 18.24 W, 47 MiB, 0 %
2026/10/09 11:54:24.749, 1, NVIDIA GB300, 552.61 W, 245874 MiB, 100 %
2026/10/09 11:54:25.749, 0, NVIDIA RTX PRO 6000 Blackwell Max-Q Workstation Edition, 22.29 W, 47 MiB, 0 %
2026/10/09 11:54:25.749, 1, NVIDIA GB300, 532.82 W, 245874 MiB, 100 %
2026/10/09 11:54:26.749, 0, NVIDIA RTX PRO 6000 Blackwell Max-Q Workstation Edition, 18.09 W, 47 MiB, 0 %
2026/10/09 11:54:26.759, 1, NVIDIA GB300, 591.11 W, 245874 MiB, 100 %
2026/10/09 11:54:27.759, 0, NVIDIA RTX PRO 6000 Blackwell Max-Q Workstation Edition, 17.95 W, 47 MiB, 0 %
2026/10/09 11:54:27.759, 1, NVIDIA GB300, 476.93 W, 245874 MiB, 100 %
2026/10/09 11:54:28.759, 0, NVIDIA RTX PRO 6000 Blackwell Max-Q Workstation Edition, 17.68 W, 47 MiB, 0 %
2026/10/09 11:54:28.759, 1, NVIDIA GB300, 476.60 W, 245874 MiB, 100 %
2026/10/09 11:54:29.759, 0, NVIDIA RTX PRO 6000 Blackwell Max-Q Workstation Edition, 17.60 W, 47 MiB, 0 %
2026/10/09 11:54:29.760, 1, NVIDIA GB300, 465.53 W, 245874 MiB, 100 %
2026/10/09 11:54:30.760, 0, NVIDIA RTX PRO 6000 Blackwell Max-Q Workstation Edition, 17.60 W, 47 MiB, 0 %
2026/10/09 11:54:30.760, 1, NVIDIA GB300, 463.51 W, 245874 MiB, 100 %
2026/10/09 11:54:31.760, 0, NVIDIA RTX PRO 6000 Blackwell Max-Q Workstation Edition, 18.14 W, 47 MiB, 0 %
2026/10/09 11:54:31.760, 1, NVIDIA GB300, 464.42 W, 245874 MiB, 100 %
2026/10/09 11:54:32.760, 0, NVIDIA RTX PRO 6000 Blackwell Max-Q Workstation Edition, 22.88 W, 47 MiB, 0 %
2026/10/09 11:54:32.760, 1, NVIDIA GB300, 464.25 W, 245874 MiB, 100 %
2026/10/09 11:54:33.760, 0, NVIDIA RTX PRO 6000 Blackwell Max-Q Workstation Edition, 18.16 W, 47 MiB, 0 %
2026/10/09 11:54:33.760, 1, NVIDIA GB300, 469.47 W, 245874 MiB, 100 %
2026/10/09 11:54:34.760, 0, NVIDIA RTX PRO 6000 Blackwell Max-Q Workstation Edition, 17.97 W, 47 MiB, 0 %
2026/10/09 11:54:34.760, 1, NVIDIA GB300, 466.83 W, 245874 MiB, 100 %
2026/10/09 11:54:35.760, 0, NVIDIA RTX PRO 6000 Blackwell Max-Q Workstation Edition, 17.85 W, 47 MiB, 0 %
2026/10/09 11:54:35.760, 1, NVIDIA GB300, 472.66 W, 245874 MiB, 100 %
2026/10/09 11:54:36.760, 0, NVIDIA RTX PRO 6000 Blackwell Max-Q Workstation Edition, 17.83 W, 47 MiB, 0 %
2026/10/09 11:54:36.760, 1, NVIDIA GB300, 474.36 W, 245874 MiB, 100 %
2026/10/09 11:54:37.760, 0, NVIDIA RTX PRO 6000 Blackwell Max-Q Workstation Edition, 17.85 W, 47 MiB, 0 %
2026/10/09 11:54:37.760, 1, NVIDIA GB300, 470.96 W, 245874 MiB, 100 %
2026/10/09 11:54:38.760, 0, NVIDIA RTX PRO 6000 Blackwell Max-Q Workstation Edition, 18.19 W, 47 MiB, 0 %
2026/10/09 11:54:38.761, 1, NVIDIA GB300, 472.82 W, 245874 MiB, 100 %
2026/10/09 11:54:39.761, 0, NVIDIA RTX PRO 6000 Blackwell Max-Q Workstation Edition, 20.46 W, 47 MiB, 0 %
2026/10/09 11:54:39.761, 1, NVIDIA GB300, 476.28 W, 245874 MiB, 100 %
2026/10/09 11:54:40.761, 0, NVIDIA RTX PRO 6000 Blackwell Max-Q Workstation Edition, 22.59 W, 47 MiB, 0 %
2026/10/09 11:54:40.761, 1, NVIDIA GB300, 460.24 W, 245874 MiB, 100 %
2026/10/09 11:54:41.761, 0, NVIDIA RTX PRO 6000 Blackwell Max-Q Workstation Edition, 18.19 W, 47 MiB, 0 %
2026/10/09 11:54:41.761, 1, NVIDIA GB300, 471.97 W, 245874 MiB, 100 %
2026/10/09 11:54:42.761, 0, NVIDIA RTX PRO 6000 Blackwell Max-Q Workstation Edition, 17.76 W, 47 MiB, 0 %
2026/10/09 11:54:42.761, 1, NVIDIA GB300, 462.91 W, 245874 MiB, 100 %
2026/10/09 11:54:43.761, 0, NVIDIA RTX PRO 6000 Blackwell Max-Q Workstation Edition, 17.87 W, 47 MiB, 0 %
2026/10/09 11:54:43.761, 1, NVIDIA GB300, 467.93 W, 245874 MiB, 100 %
2026/10/09 11:54:44.761, 0, NVIDIA RTX PRO 6000 Blackwell Max-Q Workstation Edition, 17.92 W, 47 MiB, 0 %
2026/10/09 11:54:44.761, 1, NVIDIA GB300, 465.15 W, 245874 MiB, 100 %
2026/10/09 11:54:45.761, 0, NVIDIA RTX PRO 6000 Blackwell Max-Q Workstation Edition, 17.99 W, 47 MiB, 0 %
2026/10/09 11:54:45.761, 1, NVIDIA GB300, 458.55 W, 245874 MiB, 100 %
2026/10/09 11:54:46.761, 0, NVIDIA RTX PRO 6000 Blackwell Max-Q Workstation Edition, 19.76 W, 47 MiB, 0 %
2026/10/09 11:54:46.761, 1, NVIDIA GB300, 458.92 W, 245874 MiB, 100 %
2026/10/09 11:54:47.762, 0, NVIDIA RTX PRO 6000 Blackwell Max-Q Workstation Edition, 22.30 W, 47 MiB, 0 %
2026/10/09 11:54:47.762, 1, NVIDIA GB300, 460.62 W, 245874 MiB, 100 %
2026/10/09 11:54:48.762, 0, NVIDIA RTX PRO 6000 Blackwell Max-Q Workstation Edition, 17.57 W, 47 MiB, 0 %
2026/10/09 11:54:48.762, 1, NVIDIA GB300, 466.48 W, 245874 MiB, 100 %
2026/10/09 11:54:49.762, 0, NVIDIA RTX PRO 6000 Blackwell Max-Q Workstation Edition, 17.66 W, 47 MiB, 0 %
2026/10/09 11:54:49.762, 1, NVIDIA GB300, 485.86 W, 245874 MiB, 100 %
2026/10/09 11:54:50.762, 0, NVIDIA RTX PRO 6000 Blackwell Max-Q Workstation Edition, 17.88 W, 47 MiB, 0 %
2026/10/09 11:54:50.762, 1, NVIDIA GB300, 572.60 W, 245874 MiB, 100 %
2026/10/09 11:54:51.762, 0, NVIDIA RTX PRO 6000 Blackwell Max-Q Workstation Edition, 18.35 W, 47 MiB, 0 %
2026/10/09 11:54:51.762, 1, NVIDIA GB300, 551.00 W, 245874 MiB, 100 %
2026/10/09 11:54:52.762, 0, NVIDIA RTX PRO 6000 Blackwell Max-Q Workstation Edition, 18.10 W, 47 MiB, 0 %
2026/10/09 11:54:52.762, 1, NVIDIA GB300, 523.21 W, 245874 MiB, 100 %
2026/10/09 11:54:53.762, 0, NVIDIA RTX PRO 6000 Blackwell Max-Q Workstation Edition, 19.70 W, 47 MiB, 0 %
2026/10/09 11:54:53.762, 1, NVIDIA GB300, 527.64 W, 245874 MiB, 100 %
2026/10/09 11:54:54.762, 0, NVIDIA RTX PRO 6000 Blackwell Max-Q Workstation Edition, 22.89 W, 47 MiB, 0 %
2026/10/09 11:54:54.762, 1, NVIDIA GB300, 534.68 W, 245874 MiB, 100 %
2026/10/09 11:54:55.762, 0, NVIDIA RTX PRO 6000 Blackwell Max-Q Workstation Edition, 18.13 W, 47 MiB, 0 %
2026/10/09 11:54:55.762, 1, NVIDIA GB300, 538.28 W, 245874 MiB, 100 %
2026/10/09 11:54:56.763, 0, NVIDIA RTX PRO 6000 Blackwell Max-Q Workstation Edition, 18.25 W, 47 MiB, 0 %
2026/10/09 11:54:56.763, 1, NVIDIA GB300, 616.10 W, 245874 MiB, 100 %
2026/10/09 11:54:57.763, 0, NVIDIA RTX PRO 6000 Blackwell Max-Q Workstation Edition, 18.15 W, 47 MiB, 0 %
2026/10/09 11:54:57.763, 1, NVIDIA GB300, 528.58 W, 245874 MiB, 100 %
2026/10/09 11:54:58.763, 0, NVIDIA RTX PRO 6000 Blackwell Max-Q Workstation Edition, 18.10 W, 47 MiB, 0 %
2026/10/09 11:54:58.763, 1, NVIDIA GB300, 573.04 W, 245874 MiB, 100 %
2026/10/09 11:54:59.763, 0, NVIDIA RTX PRO 6000 Blackwell Max-Q Workstation Edition, 18.10 W, 47 MiB, 0 %
2026/10/09 11:54:59.764, 1, NVIDIA GB300, 566.03 W, 245874 MiB, 100 %
2026/10/09 11:55:00.764, 0, NVIDIA RTX PRO 6000 Blackwell Max-Q Workstation Edition, 18.91 W, 47 MiB, 0 %
2026/10/09 11:55:00.765, 1, NVIDIA GB300, 508.10 W, 245874 MiB, 100 %
2026/10/09 11:55:01.765, 0, NVIDIA RTX PRO 6000 Blackwell Max-Q Workstation Edition, 21.85 W, 47 MiB, 0 %
2026/10/09 11:55:01.765, 1, NVIDIA GB300, 534.71 W, 245874 MiB, 100 %
2026/10/09 11:55:02.765, 0, NVIDIA RTX PRO 6000 Blackwell Max-Q Workstation Edition, 18.02 W, 47 MiB, 0 %
2026/10/09 11:55:02.765, 1, NVIDIA GB300, 526.62 W, 245874 MiB, 100 %
2026/10/09 11:55:03.765, 0, NVIDIA RTX PRO 6000 Blackwell Max-Q Workstation Edition, 17.66 W, 47 MiB, 0 %
2026/10/09 11:55:03.765, 1, NVIDIA GB300, 472.82 W, 245874 MiB, 100 %
2026/10/09 11:55:04.765, 0, NVIDIA RTX PRO 6000 Blackwell Max-Q Workstation Edition, 17.73 W, 47 MiB, 0 %
2026/10/09 11:55:04.765, 1, NVIDIA GB300, 467.77 W, 245874 MiB, 100 %
2026/10/09 11:55:05.765, 0, NVIDIA RTX PRO 6000 Blackwell Max-Q Workstation Edition, 17.85 W, 47 MiB, 0 %
2026/10/09 11:55:05.765, 1, NVIDIA GB300, 467.38 W, 245874 MiB, 100 %
2026/10/09 11:55:06.765, 0, NVIDIA RTX PRO 6000 Blackwell Max-Q Workstation Edition, 17.89 W, 47 MiB, 0 %
2026/10/09 11:55:06.765, 1, NVIDIA GB300, 471.16 W, 245874 MiB, 100 %
2026/10/09 11:55:07.765, 0, NVIDIA RTX PRO 6000 Blackwell Max-Q Workstation Edition, 18.12 W, 47 MiB, 0 %
2026/10/09 11:55:07.765, 1, NVIDIA GB300, 476.03 W, 245874 MiB, 100 %
2026/10/09 11:55:08.765, 0, NVIDIA RTX PRO 6000 Blackwell Max-Q Workstation Edition, 22.29 W, 47 MiB, 0 %
2026/10/09 11:55:08.765, 1, NVIDIA GB300, 476.60 W, 245874 MiB, 100 %
2026/10/09 11:55:09.765, 0, NVIDIA RTX PRO 6000 Blackwell Max-Q Workstation Edition, 17.73 W, 47 MiB, 0 %
2026/10/09 11:55:09.765, 1, NVIDIA GB300, 482.31 W, 245874 MiB, 100 %
2026/10/09 11:55:10.766, 0, NVIDIA RTX PRO 6000 Blackwell Max-Q Workstation Edition, 17.63 W, 47 MiB, 0 %
2026/10/09 11:55:10.766, 1, NVIDIA GB300, 476.35 W, 245874 MiB, 100 %
2026/10/09 11:55:11.766, 0, NVIDIA RTX PRO 6000 Blackwell Max-Q Workstation Edition, 17.61 W, 47 MiB, 0 %
2026/10/09 11:55:11.766, 1, NVIDIA GB300, 468.54 W, 245874 MiB, 100 %
2026/10/09 11:55:12.766, 0, NVIDIA RTX PRO 6000 Blackwell Max-Q Workstation Edition, 17.80 W, 47 MiB, 0 %
2026/10/09 11:55:12.766, 1, NVIDIA GB300, 468.98 W, 245874 MiB, 100 %
2026/10/09 11:55:13.766, 0, NVIDIA RTX PRO 6000 Blackwell Max-Q Workstation Edition, 17.91 W, 47 MiB, 0 %
2026/10/09 11:55:13.766, 1, NVIDIA GB300, 471.85 W, 245874 MiB, 100 %
2026/10/09 11:55:14.766, 0, NVIDIA RTX PRO 6000 Blackwell Max-Q Workstation Edition, 17.79 W, 47 MiB, 0 %
2026/10/09 11:55:14.766, 1, NVIDIA GB300, 476.74 W, 245874 MiB, 100 %
2026/10/09 11:55:15.766, 0, NVIDIA RTX PRO 6000 Blackwell Max-Q Workstation Edition, 22.83 W, 47 MiB, 0 %
2026/10/09 11:55:15.766, 1, NVIDIA GB300, 466.15 W, 245874 MiB, 100 %
2026/10/09 11:55:16.766, 0, NVIDIA RTX PRO 6000 Blackwell Max-Q Workstation Edition, 18.16 W, 47 MiB, 0 %
2026/10/09 11:55:16.766, 1, NVIDIA GB300, 476.56 W, 245874 MiB, 100 %
2026/10/09 11:55:17.766, 0, NVIDIA RTX PRO 6000 Blackwell Max-Q Workstation Edition, 18.00 W, 47 MiB, 0 %
2026/10/09 11:55:17.766, 1, NVIDIA GB300, 468.07 W, 245874 MiB, 100 %
2026/10/09 11:55:18.766, 0, NVIDIA RTX PRO 6000 Blackwell Max-Q Workstation Edition, 17.69 W, 47 MiB, 0 %
2026/10/09 11:55:18.766, 1, NVIDIA GB300, 476.81 W, 245874 MiB, 100 %
2026/10/09 11:55:19.766, 0, NVIDIA RTX PRO 6000 Blackwell Max-Q Workstation Edition, 17.56 W, 47 MiB, 0 %
2026/10/09 11:55:19.766, 1, NVIDIA GB300, 472.87 W, 245874 MiB, 100 %
2026/10/09 11:55:20.767, 0, NVIDIA RTX PRO 6000 Blackwell Max-Q Workstation Edition, 17.58 W, 47 MiB, 0 %
2026/10/09 11:55:20.767, 1, NVIDIA GB300, 467.75 W, 245874 MiB, 100 %
2026/10/09 11:55:21.767, 0, NVIDIA RTX PRO 6000 Blackwell Max-Q Workstation Edition, 18.04 W, 47 MiB, 0 %
2026/10/09 11:55:21.767, 1, NVIDIA GB300, 468.35 W, 245874 MiB, 100 %
2026/10/09 11:55:22.767, 0, NVIDIA RTX PRO 6000 Blackwell Max-Q Workstation Edition, 20.28 W, 47 MiB, 0 %
2026/10/09 11:55:22.767, 1, NVIDIA GB300, 463.83 W, 245874 MiB, 100 %
2026/10/09 11:55:23.767, 0, NVIDIA RTX PRO 6000 Blackwell Max-Q Workstation Edition, 22.71 W, 47 MiB, 0 %
2026/10/09 11:55:23.767, 1, NVIDIA GB300, 536.48 W, 245874 MiB, 100 %
2026/10/09 11:55:24.767, 0, NVIDIA RTX PRO 6000 Blackwell Max-Q Workstation Edition, 18.68 W, 47 MiB, 0 %
2026/10/09 11:55:24.767, 1, NVIDIA GB300, 470.03 W, 245874 MiB, 100 %
2026/10/09 11:55:25.767, 0, NVIDIA RTX PRO 6000 Blackwell Max-Q Workstation Edition, 18.04 W, 47 MiB, 0 %
2026/10/09 11:55:25.767, 1, NVIDIA GB300, 540.81 W, 245874 MiB, 100 %
2026/10/09 11:55:26.767, 0, NVIDIA RTX PRO 6000 Blackwell Max-Q Workstation Edition, 17.93 W, 47 MiB, 0 %
2026/10/09 11:55:26.784, 1, NVIDIA GB300, 593.81 W, 245874 MiB, 100 %
2026/10/09 11:55:27.784, 0, NVIDIA RTX PRO 6000 Blackwell Max-Q Workstation Edition, 18.19 W, 47 MiB, 0 %
2026/10/09 11:55:27.784, 1, NVIDIA GB300, 577.93 W, 245874 MiB, 100 %
2026/10/09 11:55:28.784, 0, NVIDIA RTX PRO 6000 Blackwell Max-Q Workstation Edition, 18.34 W, 47 MiB, 0 %
2026/10/09 11:55:28.784, 1, NVIDIA GB300, 529.52 W, 245874 MiB, 100 %
2026/10/09 11:55:29.784, 0, NVIDIA RTX PRO 6000 Blackwell Max-Q Workstation Edition, 19.86 W, 47 MiB, 0 %
2026/10/09 11:55:29.784, 1, NVIDIA GB300, 530.71 W, 245874 MiB, 100 %
2026/10/09 11:55:30.784, 0, NVIDIA RTX PRO 6000 Blackwell Max-Q Workstation Edition, 22.70 W, 47 MiB, 0 %
2026/10/09 11:55:30.785, 1, NVIDIA GB300, 462.90 W, 245874 MiB, 100 %
2026/10/09 11:55:31.785, 0, NVIDIA RTX PRO 6000 Blackwell Max-Q Workstation Edition, 18.15 W, 47 MiB, 0 %
2026/10/09 11:55:31.785, 1, NVIDIA GB300, 618.93 W, 245874 MiB, 100 %
2026/10/09 11:55:32.785, 0, NVIDIA RTX PRO 6000 Blackwell Max-Q Workstation Edition, 18.70 W, 47 MiB, 0 %
2026/10/09 11:55:32.785, 1, NVIDIA GB300, 613.37 W, 245874 MiB, 100 %
2026/10/09 11:55:33.785, 0, NVIDIA RTX PRO 6000 Blackwell Max-Q Workstation Edition, 18.71 W, 47 MiB, 0 %
2026/10/09 11:55:33.785, 1, NVIDIA GB300, 602.06 W, 245874 MiB, 100 %
2026/10/09 11:55:34.785, 0, NVIDIA RTX PRO 6000 Blackwell Max-Q Workstation Edition, 18.71 W, 47 MiB, 0 %
2026/10/09 11:55:34.785, 1, NVIDIA GB300, 476.18 W, 245874 MiB, 100 %
2026/10/09 11:55:35.785, 0, NVIDIA RTX PRO 6000 Blackwell Max-Q Workstation Edition, 18.43 W, 47 MiB, 0 %
2026/10/09 11:55:35.785, 1, NVIDIA GB300, 461.65 W, 245874 MiB, 100 %
2026/10/09 11:55:36.785, 0, NVIDIA RTX PRO 6000 Blackwell Max-Q Workstation Edition, 19.56 W, 47 MiB, 0 %
2026/10/09 11:55:36.830, 1, NVIDIA GB300, 507.71 W, 245874 MiB, 100 %
2026/10/09 11:55:37.831, 0, NVIDIA RTX PRO 6000 Blackwell Max-Q Workstation Edition, 22.72 W, 47 MiB, 0 %
2026/10/09 11:55:37.831, 1, NVIDIA GB300, 505.88 W, 245874 MiB, 100 %
2026/10/09 11:55:38.831, 0, NVIDIA RTX PRO 6000 Blackwell Max-Q Workstation Edition, 18.38 W, 47 MiB, 0 %
2026/10/09 11:55:38.831, 1, NVIDIA GB300, 463.99 W, 245874 MiB, 100 %
2026/10/09 11:55:39.831, 0, NVIDIA RTX PRO 6000 Blackwell Max-Q Workstation Edition, 17.96 W, 47 MiB, 0 %
2026/10/09 11:55:39.831, 1, NVIDIA GB300, 474.05 W, 245874 MiB, 100 %
2026/10/09 11:55:40.831, 0, NVIDIA RTX PRO 6000 Blackwell Max-Q Workstation Edition, 18.04 W, 47 MiB, 0 %
2026/10/09 11:55:40.831, 1, NVIDIA GB300, 466.86 W, 245874 MiB, 100 %
2026/10/09 11:55:41.831, 0, NVIDIA RTX PRO 6000 Blackwell Max-Q Workstation Edition, 18.03 W, 47 MiB, 0 %
2026/10/09 11:55:41.831, 1, NVIDIA GB300, 474.31 W, 245874 MiB, 100 %
2026/10/09 11:55:42.831, 0, NVIDIA RTX PRO 6000 Blackwell Max-Q Workstation Edition, 17.98 W, 47 MiB, 0 %
2026/10/09 11:55:42.831, 1, NVIDIA GB300, 468.42 W, 245874 MiB, 100 %
2026/10/09 11:55:43.831, 0, NVIDIA RTX PRO 6000 Blackwell Max-Q Workstation Edition, 19.16 W, 47 MiB, 0 %
2026/10/09 11:55:43.831, 1, NVIDIA GB300, 464.79 W, 245874 MiB, 100 %
2026/10/09 11:55:44.831, 0, NVIDIA RTX PRO 6000 Blackwell Max-Q Workstation Edition, 22.46 W, 47 MiB, 0 %
2026/10/09 11:55:44.831, 1, NVIDIA GB300, 465.98 W, 245874 MiB, 100 %
2026/10/09 11:55:45.831, 0, NVIDIA RTX PRO 6000 Blackwell Max-Q Workstation Edition, 17.90 W, 47 MiB, 0 %
2026/10/09 11:55:45.831, 1, NVIDIA GB300, 473.97 W, 245874 MiB, 100 %
2026/10/09 11:55:46.831, 0, NVIDIA RTX PRO 6000 Blackwell Max-Q Workstation Edition, 17.85 W, 47 MiB, 0 %
2026/10/09 11:55:46.831, 1, NVIDIA GB300, 461.45 W, 245874 MiB, 100 %
2026/10/09 11:55:47.832, 0, NVIDIA RTX PRO 6000 Blackwell Max-Q Workstation Edition, 18.04 W, 47 MiB, 0 %
2026/10/09 11:55:47.832, 1, NVIDIA GB300, 462.80 W, 245874 MiB, 100 %
2026/10/09 11:55:48.832, 0, NVIDIA RTX PRO 6000 Blackwell Max-Q Workstation Edition, 18.16 W, 47 MiB, 0 %
2026/10/09 11:55:48.832, 1, NVIDIA GB300, 463.14 W, 245874 MiB, 100 %
2026/10/09 11:55:49.832, 0, NVIDIA RTX PRO 6000 Blackwell Max-Q Workstation Edition, 17.95 W, 47 MiB, 0 %
2026/10/09 11:55:49.832, 1, NVIDIA GB300, 466.11 W, 245874 MiB, 100 %
2026/10/09 11:55:50.832, 0, NVIDIA RTX PRO 6000 Blackwell Max-Q Workstation Edition, 18.46 W, 47 MiB, 0 %
2026/10/09 11:55:50.832, 1, NVIDIA GB300, 470.27 W, 245874 MiB, 100 %
2026/10/09 11:55:51.832, 0, NVIDIA RTX PRO 6000 Blackwell Max-Q Workstation Edition, 22.57 W, 47 MiB, 0 %
2026/10/09 11:55:51.832, 1, NVIDIA GB300, 465.93 W, 245874 MiB, 100 %
2026/10/09 11:55:52.832, 0, NVIDIA RTX PRO 6000 Blackwell Max-Q Workstation Edition, 18.34 W, 47 MiB, 0 %
2026/10/09 11:55:52.832, 1, NVIDIA GB300, 466.34 W, 245874 MiB, 100 %
2026/10/09 11:55:53.832, 0, NVIDIA RTX PRO 6000 Blackwell Max-Q Workstation Edition, 18.15 W, 47 MiB, 0 %
2026/10/09 11:55:53.842, 1, NVIDIA GB300, 462.26 W, 245874 MiB, 100 %
2026/10/09 11:55:54.842, 0, NVIDIA RTX PRO 6000 Blackwell Max-Q Workstation Edition, 18.19 W, 47 MiB, 0 %
2026/10/09 11:55:54.842, 1, NVIDIA GB300, 465.70 W, 245874 MiB, 100 %
2026/10/09 11:55:55.842, 0, NVIDIA RTX PRO 6000 Blackwell Max-Q Workstation Edition, 18.28 W, 47 MiB, 0 %
2026/10/09 11:55:55.842, 1, NVIDIA GB300, 465.09 W, 245874 MiB, 100 %
2026/10/09 11:55:56.842, 0, NVIDIA RTX PRO 6000 Blackwell Max-Q Workstation Edition, 18.28 W, 47 MiB, 0 %
2026/10/09 11:55:56.842, 1, NVIDIA GB300, 526.60 W, 245874 MiB, 100 %
2026/10/09 11:55:57.842, 0, NVIDIA RTX PRO 6000 Blackwell Max-Q Workstation Edition, 18.49 W, 47 MiB, 0 %
2026/10/09 11:55:57.842, 1, NVIDIA GB300, 494.95 W, 245874 MiB, 100 %
2026/10/09 11:55:58.842, 0, NVIDIA RTX PRO 6000 Blackwell Max-Q Workstation Edition, 23.10 W, 47 MiB, 0 %
2026/10/09 11:55:58.852, 1, NVIDIA GB300, 474.74 W, 245874 MiB, 100 %
2026/10/09 11:55:59.852, 0, NVIDIA RTX PRO 6000 Blackwell Max-Q Workstation Edition, 18.82 W, 47 MiB, 0 %
2026/10/09 11:55:59.852, 1, NVIDIA GB300, 599.94 W, 245874 MiB, 100 %
2026/10/09 11:56:00.852, 0, NVIDIA RTX PRO 6000 Blackwell Max-Q Workstation Edition, 18.49 W, 47 MiB, 0 %
2026/10/09 11:56:00.852, 1, NVIDIA GB300, 630.79 W, 245874 MiB, 100 %
2026/10/09 11:56:01.852, 0, NVIDIA RTX PRO 6000 Blackwell Max-Q Workstation Edition, 18.40 W, 47 MiB, 0 %
2026/10/09 11:56:01.852, 1, NVIDIA GB300, 572.97 W, 245874 MiB, 100 %
2026/10/09 11:56:02.852, 0, NVIDIA RTX PRO 6000 Blackwell Max-Q Workstation Edition, 18.34 W, 47 MiB, 0 %
2026/10/09 11:56:02.853, 1, NVIDIA GB300, 531.98 W, 245874 MiB, 100 %
2026/10/09 11:56:03.853, 0, NVIDIA RTX PRO 6000 Blackwell Max-Q Workstation Edition, 18.34 W, 47 MiB, 0 %
2026/10/09 11:56:03.853, 1, NVIDIA GB300, 578.58 W, 245874 MiB, 100 %
2026/10/09 11:56:04.853, 0, NVIDIA RTX PRO 6000 Blackwell Max-Q Workstation Edition, 18.06 W, 47 MiB, 0 %
2026/10/09 11:56:04.853, 1, NVIDIA GB300, 508.49 W, 245874 MiB, 100 %
2026/10/09 11:56:05.853, 0, NVIDIA RTX PRO 6000 Blackwell Max-Q Workstation Edition, 20.24 W, 47 MiB, 0 %
2026/10/09 11:56:05.853, 1, NVIDIA GB300, 521.67 W, 245874 MiB, 100 %
2026/10/09 11:56:06.853, 0, NVIDIA RTX PRO 6000 Blackwell Max-Q Workstation Edition, 22.55 W, 47 MiB, 0 %
2026/10/09 11:56:06.853, 1, NVIDIA GB300, 549.16 W, 245874 MiB, 100 %
2026/10/09 11:56:07.853, 0, NVIDIA RTX PRO 6000 Blackwell Max-Q Workstation Edition, 18.12 W, 47 MiB, 0 %
2026/10/09 11:56:07.853, 1, NVIDIA GB300, 534.59 W, 245874 MiB, 100 %
2026/10/09 11:56:08.853, 0, NVIDIA RTX PRO 6000 Blackwell Max-Q Workstation Edition, 18.08 W, 47 MiB, 0 %
2026/10/09 11:56:08.853, 1, NVIDIA GB300, 583.06 W, 245874 MiB, 100 %
2026/10/09 11:56:09.853, 0, NVIDIA RTX PRO 6000 Blackwell Max-Q Workstation Edition, 18.25 W, 47 MiB, 0 %
2026/10/09 11:56:09.853, 1, NVIDIA GB300, 563.59 W, 245874 MiB, 100 %
2026/10/09 11:56:10.853, 0, NVIDIA RTX PRO 6000 Blackwell Max-Q Workstation Edition, 18.13 W, 47 MiB, 0 %
2026/10/09 11:56:10.853, 1, NVIDIA GB300, 477.62 W, 245874 MiB, 100 %
2026/10/09 11:56:11.854, 0, NVIDIA RTX PRO 6000 Blackwell Max-Q Workstation Edition, 17.81 W, 47 MiB, 0 %
2026/10/09 11:56:11.854, 1, NVIDIA GB300, 480.63 W, 245874 MiB, 100 %
2026/10/09 11:56:12.854, 0, NVIDIA RTX PRO 6000 Blackwell Max-Q Workstation Edition, 20.04 W, 47 MiB, 0 %
2026/10/09 11:56:12.854, 1, NVIDIA GB300, 478.51 W, 245874 MiB, 100 %
2026/10/09 11:56:13.854, 0, NVIDIA RTX PRO 6000 Blackwell Max-Q Workstation Edition, 22.80 W, 47 MiB, 0 %
2026/10/09 11:56:13.854, 1, NVIDIA GB300, 467.37 W, 245874 MiB, 100 %
2026/10/09 11:56:14.854, 0, NVIDIA RTX PRO 6000 Blackwell Max-Q Workstation Edition, 17.90 W, 47 MiB, 0 %
2026/10/09 11:56:14.854, 1, NVIDIA GB300, 468.84 W, 245874 MiB, 100 %
2026/10/09 11:56:15.854, 0, NVIDIA RTX PRO 6000 Blackwell Max-Q Workstation Edition, 18.04 W, 47 MiB, 0 %
2026/10/09 11:56:15.854, 1, NVIDIA GB300, 468.12 W, 245874 MiB, 100 %
2026/10/09 11:56:16.854, 0, NVIDIA RTX PRO 6000 Blackwell Max-Q Workstation Edition, 18.14 W, 47 MiB, 0 %
2026/10/09 11:56:16.854, 1, NVIDIA GB300, 464.31 W, 245874 MiB, 100 %
2026/10/09 11:56:17.854, 0, NVIDIA RTX PRO 6000 Blackwell Max-Q Workstation Edition, 18.22 W, 47 MiB, 0 %
2026/10/09 11:56:17.854, 1, NVIDIA GB300, 467.38 W, 245874 MiB, 100 %
2026/10/09 11:56:18.854, 0, NVIDIA RTX PRO 6000 Blackwell Max-Q Workstation Edition, 18.30 W, 47 MiB, 0 %
2026/10/09 11:56:18.854, 1, NVIDIA GB300, 464.77 W, 245874 MiB, 100 %
2026/10/09 11:56:19.854, 0, NVIDIA RTX PRO 6000 Blackwell Max-Q Workstation Edition, 19.49 W, 47 MiB, 0 %
2026/10/09 11:56:19.854, 1, NVIDIA GB300, 464.40 W, 245874 MiB, 100 %
2026/10/09 11:56:20.854, 0, NVIDIA RTX PRO 6000 Blackwell Max-Q Workstation Edition, 22.56 W, 47 MiB, 0 %
2026/10/09 11:56:20.854, 1, NVIDIA GB300, 471.63 W, 245874 MiB, 100 %
2026/10/09 11:56:21.854, 0, NVIDIA RTX PRO 6000 Blackwell Max-Q Workstation Edition, 18.06 W, 47 MiB, 0 %
2026/10/09 11:56:21.854, 1, NVIDIA GB300, 473.01 W, 245874 MiB, 100 %
2026/10/09 11:56:22.855, 0, NVIDIA RTX PRO 6000 Blackwell Max-Q Workstation Edition, 17.98 W, 47 MiB, 0 %
2026/10/09 11:56:22.855, 1, NVIDIA GB300, 466.68 W, 245874 MiB, 100 %
2026/10/09 11:56:23.855, 0, NVIDIA RTX PRO 6000 Blackwell Max-Q Workstation Edition, 18.01 W, 47 MiB, 0 %
2026/10/09 11:56:23.855, 1, NVIDIA GB300, 469.41 W, 245874 MiB, 100 %
2026/10/09 11:56:24.855, 0, NVIDIA RTX PRO 6000 Blackwell Max-Q Workstation Edition, 17.85 W, 47 MiB, 0 %
2026/10/09 11:56:24.855, 1, NVIDIA GB300, 466.30 W, 245874 MiB, 100 %
2026/10/09 11:56:25.855, 0, NVIDIA RTX PRO 6000 Blackwell Max-Q Workstation Edition, 17.76 W, 47 MiB, 0 %
2026/10/09 11:56:25.855, 1, NVIDIA GB300, 467.50 W, 245874 MiB, 100 %
2026/10/09 11:56:26.855, 0, NVIDIA RTX PRO 6000 Blackwell Max-Q Workstation Edition, 18.81 W, 47 MiB, 0 %
2026/10/09 11:56:26.855, 1, NVIDIA GB300, 473.37 W, 245874 MiB, 100 %
2026/10/09 11:56:27.855, 0, NVIDIA RTX PRO 6000 Blackwell Max-Q Workstation Edition, 22.29 W, 47 MiB, 0 %
2026/10/09 11:56:27.855, 1, NVIDIA GB300, 466.35 W, 245874 MiB, 100 %
2026/10/09 11:56:28.855, 0, NVIDIA RTX PRO 6000 Blackwell Max-Q Workstation Edition, 18.58 W, 47 MiB, 0 %
2026/10/09 11:56:28.855, 1, NVIDIA GB300, 472.01 W, 245874 MiB, 100 %
2026/10/09 11:56:29.855, 0, NVIDIA RTX PRO 6000 Blackwell Max-Q Workstation Edition, 18.27 W, 47 MiB, 0 %
2026/10/09 11:56:29.855, 1, NVIDIA GB300, 471.86 W, 245874 MiB, 100 %
2026/10/09 11:56:30.855, 0, NVIDIA RTX PRO 6000 Blackwell Max-Q Workstation Edition, 17.94 W, 47 MiB, 0 %
2026/10/09 11:56:30.855, 1, NVIDIA GB300, 475.76 W, 245874 MiB, 100 %
2026/10/09 11:56:31.855, 0, NVIDIA RTX PRO 6000 Blackwell Max-Q Workstation Edition, 17.93 W, 47 MiB, 0 %
2026/10/09 11:56:31.855, 1, NVIDIA GB300, 473.35 W, 245874 MiB, 100 %
2026/10/09 11:56:32.856, 0, NVIDIA RTX PRO 6000 Blackwell Max-Q Workstation Edition, 17.76 W, 47 MiB, 0 %
2026/10/09 11:56:32.856, 1, NVIDIA GB300, 475.13 W, 245874 MiB, 100 %
2026/10/09 11:56:33.856, 0, NVIDIA RTX PRO 6000 Blackwell Max-Q Workstation Edition, 18.29 W, 47 MiB, 0 %
2026/10/09 11:56:33.856, 1, NVIDIA GB300, 470.43 W, 245874 MiB, 100 %
2026/10/09 11:56:34.856, 0, NVIDIA RTX PRO 6000 Blackwell Max-Q Workstation Edition, 22.35 W, 47 MiB, 0 %
2026/10/09 11:56:34.856, 1, NVIDIA GB300, 460.32 W, 245874 MiB, 100 %
2026/10/09 11:56:35.856, 0, NVIDIA RTX PRO 6000 Blackwell Max-Q Workstation Edition, 18.32 W, 47 MiB, 0 %
2026/10/09 11:56:35.856, 1, NVIDIA GB300, 458.30 W, 245874 MiB, 100 %

--- arm B long C32: long/power-<host>-long.csv, windows decode-c32-r1 11:57:19.425-12:01:41.578
2026/10/09 11:57:19.868, 0, NVIDIA RTX PRO 6000 Blackwell Max-Q Workstation Edition, 18.54 W, 47 MiB, 0 %
2026/10/09 11:57:19.868, 1, NVIDIA GB300, 330.97 W, 245874 MiB, 0 %
2026/10/09 11:57:20.868, 0, NVIDIA RTX PRO 6000 Blackwell Max-Q Workstation Edition, 19.30 W, 47 MiB, 0 %
2026/10/09 11:57:20.868, 1, NVIDIA GB300, 213.05 W, 245874 MiB, 0 %
2026/10/09 11:57:21.868, 0, NVIDIA RTX PRO 6000 Blackwell Max-Q Workstation Edition, 19.33 W, 47 MiB, 0 %
2026/10/09 11:57:21.868, 1, NVIDIA GB300, 212.98 W, 245874 MiB, 0 %
2026/10/09 11:57:22.868, 0, NVIDIA RTX PRO 6000 Blackwell Max-Q Workstation Edition, 19.46 W, 47 MiB, 0 %
2026/10/09 11:57:22.868, 1, NVIDIA GB300, 212.59 W, 245874 MiB, 0 %
2026/10/09 11:57:23.869, 0, NVIDIA RTX PRO 6000 Blackwell Max-Q Workstation Edition, 19.51 W, 47 MiB, 0 %
2026/10/09 11:57:23.869, 1, NVIDIA GB300, 211.94 W, 245874 MiB, 0 %
2026/10/09 11:57:24.869, 0, NVIDIA RTX PRO 6000 Blackwell Max-Q Workstation Edition, 23.48 W, 47 MiB, 0 %
2026/10/09 11:57:24.869, 1, NVIDIA GB300, 211.72 W, 245874 MiB, 0 %
2026/10/09 11:57:25.869, 0, NVIDIA RTX PRO 6000 Blackwell Max-Q Workstation Edition, 19.39 W, 47 MiB, 0 %
2026/10/09 11:57:25.869, 1, NVIDIA GB300, 211.44 W, 245874 MiB, 0 %
2026/10/09 11:57:26.869, 0, NVIDIA RTX PRO 6000 Blackwell Max-Q Workstation Edition, 19.42 W, 47 MiB, 0 %
2026/10/09 11:57:26.869, 1, NVIDIA GB300, 211.40 W, 245874 MiB, 0 %
2026/10/09 11:57:27.869, 0, NVIDIA RTX PRO 6000 Blackwell Max-Q Workstation Edition, 19.63 W, 47 MiB, 0 %
2026/10/09 11:57:27.869, 1, NVIDIA GB300, 211.26 W, 245874 MiB, 0 %
2026/10/09 11:57:28.869, 0, NVIDIA RTX PRO 6000 Blackwell Max-Q Workstation Edition, 19.62 W, 47 MiB, 0 %
2026/10/09 11:57:28.869, 1, NVIDIA GB300, 211.17 W, 245874 MiB, 0 %
2026/10/09 11:57:29.869, 0, NVIDIA RTX PRO 6000 Blackwell Max-Q Workstation Edition, 19.71 W, 47 MiB, 0 %
2026/10/09 11:57:29.869, 1, NVIDIA GB300, 211.15 W, 245874 MiB, 0 %
2026/10/09 11:57:30.869, 0, NVIDIA RTX PRO 6000 Blackwell Max-Q Workstation Edition, 19.74 W, 47 MiB, 0 %
2026/10/09 11:57:30.869, 1, NVIDIA GB300, 211.10 W, 245874 MiB, 0 %
2026/10/09 11:57:31.869, 0, NVIDIA RTX PRO 6000 Blackwell Max-Q Workstation Edition, 21.64 W, 47 MiB, 0 %
2026/10/09 11:57:31.869, 1, NVIDIA GB300, 520.96 W, 245874 MiB, 100 %
2026/10/09 11:57:32.869, 0, NVIDIA RTX PRO 6000 Blackwell Max-Q Workstation Edition, 23.53 W, 47 MiB, 0 %
2026/10/09 11:57:32.870, 1, NVIDIA GB300, 668.38 W, 245874 MiB, 100 %
2026/10/09 11:57:33.870, 0, NVIDIA RTX PRO 6000 Blackwell Max-Q Workstation Edition, 19.04 W, 47 MiB, 0 %
2026/10/09 11:57:33.870, 1, NVIDIA GB300, 675.41 W, 245874 MiB, 100 %
2026/10/09 11:57:34.870, 0, NVIDIA RTX PRO 6000 Blackwell Max-Q Workstation Edition, 18.91 W, 47 MiB, 0 %
2026/10/09 11:57:34.870, 1, NVIDIA GB300, 669.76 W, 245874 MiB, 100 %
2026/10/09 11:57:35.870, 0, NVIDIA RTX PRO 6000 Blackwell Max-Q Workstation Edition, 18.65 W, 47 MiB, 0 %
2026/10/09 11:57:35.870, 1, NVIDIA GB300, 658.57 W, 245874 MiB, 100 %
2026/10/09 11:57:36.870, 0, NVIDIA RTX PRO 6000 Blackwell Max-Q Workstation Edition, 18.72 W, 47 MiB, 0 %
2026/10/09 11:57:36.870, 1, NVIDIA GB300, 661.14 W, 245874 MiB, 100 %
2026/10/09 11:57:37.870, 0, NVIDIA RTX PRO 6000 Blackwell Max-Q Workstation Edition, 18.92 W, 47 MiB, 0 %
2026/10/09 11:57:37.870, 1, NVIDIA GB300, 650.41 W, 245874 MiB, 100 %
2026/10/09 11:57:38.870, 0, NVIDIA RTX PRO 6000 Blackwell Max-Q Workstation Edition, 20.81 W, 47 MiB, 0 %
2026/10/09 11:57:38.870, 1, NVIDIA GB300, 660.45 W, 245874 MiB, 100 %
2026/10/09 11:57:39.870, 0, NVIDIA RTX PRO 6000 Blackwell Max-Q Workstation Edition, 23.22 W, 47 MiB, 0 %
2026/10/09 11:57:39.870, 1, NVIDIA GB300, 657.09 W, 245874 MiB, 100 %
2026/10/09 11:57:40.871, 0, NVIDIA RTX PRO 6000 Blackwell Max-Q Workstation Edition, 18.97 W, 47 MiB, 0 %
2026/10/09 11:57:40.871, 1, NVIDIA GB300, 669.47 W, 245874 MiB, 100 %
2026/10/09 11:57:41.871, 0, NVIDIA RTX PRO 6000 Blackwell Max-Q Workstation Edition, 18.71 W, 47 MiB, 0 %
2026/10/09 11:57:41.871, 1, NVIDIA GB300, 587.11 W, 245874 MiB, 100 %
2026/10/09 11:57:42.871, 0, NVIDIA RTX PRO 6000 Blackwell Max-Q Workstation Edition, 18.39 W, 47 MiB, 0 %
2026/10/09 11:57:42.871, 1, NVIDIA GB300, 483.55 W, 245874 MiB, 100 %
2026/10/09 11:57:43.871, 0, NVIDIA RTX PRO 6000 Blackwell Max-Q Workstation Edition, 18.02 W, 47 MiB, 0 %
2026/10/09 11:57:43.881, 1, NVIDIA GB300, 471.16 W, 245874 MiB, 100 %
2026/10/09 11:57:44.881, 0, NVIDIA RTX PRO 6000 Blackwell Max-Q Workstation Edition, 17.85 W, 47 MiB, 0 %
2026/10/09 11:57:44.881, 1, NVIDIA GB300, 475.48 W, 245874 MiB, 100 %
2026/10/09 11:57:45.881, 0, NVIDIA RTX PRO 6000 Blackwell Max-Q Workstation Edition, 19.63 W, 47 MiB, 0 %
2026/10/09 11:57:45.881, 1, NVIDIA GB300, 470.80 W, 245874 MiB, 100 %
2026/10/09 11:57:46.881, 0, NVIDIA RTX PRO 6000 Blackwell Max-Q Workstation Edition, 22.76 W, 47 MiB, 0 %
2026/10/09 11:57:46.881, 1, NVIDIA GB300, 468.76 W, 245874 MiB, 100 %
2026/10/09 11:57:47.881, 0, NVIDIA RTX PRO 6000 Blackwell Max-Q Workstation Edition, 18.17 W, 47 MiB, 0 %
2026/10/09 11:57:47.881, 1, NVIDIA GB300, 468.36 W, 245874 MiB, 100 %
2026/10/09 11:57:48.881, 0, NVIDIA RTX PRO 6000 Blackwell Max-Q Workstation Edition, 18.19 W, 47 MiB, 0 %
2026/10/09 11:57:48.927, 1, NVIDIA GB300, 467.30 W, 245874 MiB, 100 %
2026/10/09 11:57:49.927, 0, NVIDIA RTX PRO 6000 Blackwell Max-Q Workstation Edition, 18.04 W, 47 MiB, 0 %
2026/10/09 11:57:49.927, 1, NVIDIA GB300, 460.14 W, 245874 MiB, 100 %
2026/10/09 11:57:50.927, 0, NVIDIA RTX PRO 6000 Blackwell Max-Q Workstation Edition, 17.65 W, 47 MiB, 0 %
2026/10/09 11:57:50.927, 1, NVIDIA GB300, 456.06 W, 245874 MiB, 100 %
2026/10/09 11:57:51.927, 0, NVIDIA RTX PRO 6000 Blackwell Max-Q Workstation Edition, 17.74 W, 47 MiB, 0 %
2026/10/09 11:57:51.927, 1, NVIDIA GB300, 455.94 W, 245874 MiB, 100 %
2026/10/09 11:57:52.927, 0, NVIDIA RTX PRO 6000 Blackwell Max-Q Workstation Edition, 18.82 W, 47 MiB, 0 %
2026/10/09 11:57:52.927, 1, NVIDIA GB300, 455.22 W, 245874 MiB, 100 %
2026/10/09 11:57:53.927, 0, NVIDIA RTX PRO 6000 Blackwell Max-Q Workstation Edition, 22.08 W, 47 MiB, 0 %
2026/10/09 11:57:53.927, 1, NVIDIA GB300, 457.24 W, 245874 MiB, 100 %
2026/10/09 11:57:54.927, 0, NVIDIA RTX PRO 6000 Blackwell Max-Q Workstation Edition, 18.41 W, 47 MiB, 0 %
2026/10/09 11:57:54.927, 1, NVIDIA GB300, 458.36 W, 245874 MiB, 100 %
2026/10/09 11:57:55.927, 0, NVIDIA RTX PRO 6000 Blackwell Max-Q Workstation Edition, 17.66 W, 47 MiB, 0 %
2026/10/09 11:57:55.927, 1, NVIDIA GB300, 460.56 W, 245874 MiB, 100 %
2026/10/09 11:57:56.928, 0, NVIDIA RTX PRO 6000 Blackwell Max-Q Workstation Edition, 17.78 W, 47 MiB, 0 %
2026/10/09 11:57:56.928, 1, NVIDIA GB300, 466.13 W, 245874 MiB, 100 %
2026/10/09 11:57:57.928, 0, NVIDIA RTX PRO 6000 Blackwell Max-Q Workstation Edition, 17.83 W, 47 MiB, 0 %
2026/10/09 11:57:57.928, 1, NVIDIA GB300, 458.52 W, 245874 MiB, 100 %
2026/10/09 11:57:58.928, 0, NVIDIA RTX PRO 6000 Blackwell Max-Q Workstation Edition, 17.89 W, 47 MiB, 0 %
2026/10/09 11:57:58.928, 1, NVIDIA GB300, 459.51 W, 245874 MiB, 100 %
2026/10/09 11:57:59.928, 0, NVIDIA RTX PRO 6000 Blackwell Max-Q Workstation Edition, 18.52 W, 47 MiB, 0 %
2026/10/09 11:57:59.928, 1, NVIDIA GB300, 463.91 W, 245874 MiB, 100 %
2026/10/09 11:58:00.928, 0, NVIDIA RTX PRO 6000 Blackwell Max-Q Workstation Edition, 22.41 W, 47 MiB, 0 %
2026/10/09 11:58:00.928, 1, NVIDIA GB300, 464.70 W, 245874 MiB, 100 %
2026/10/09 11:58:01.928, 0, NVIDIA RTX PRO 6000 Blackwell Max-Q Workstation Edition, 18.16 W, 47 MiB, 0 %
2026/10/09 11:58:01.928, 1, NVIDIA GB300, 459.07 W, 245874 MiB, 100 %
2026/10/09 11:58:02.928, 0, NVIDIA RTX PRO 6000 Blackwell Max-Q Workstation Edition, 18.18 W, 47 MiB, 0 %
2026/10/09 11:58:02.928, 1, NVIDIA GB300, 459.69 W, 245874 MiB, 100 %
2026/10/09 11:58:03.928, 0, NVIDIA RTX PRO 6000 Blackwell Max-Q Workstation Edition, 18.27 W, 47 MiB, 0 %
2026/10/09 11:58:03.928, 1, NVIDIA GB300, 460.55 W, 245874 MiB, 100 %
2026/10/09 11:58:04.928, 0, NVIDIA RTX PRO 6000 Blackwell Max-Q Workstation Edition, 18.32 W, 47 MiB, 0 %
2026/10/09 11:58:04.928, 1, NVIDIA GB300, 461.28 W, 245874 MiB, 100 %
2026/10/09 11:58:05.928, 0, NVIDIA RTX PRO 6000 Blackwell Max-Q Workstation Edition, 18.38 W, 47 MiB, 0 %
2026/10/09 11:58:05.928, 1, NVIDIA GB300, 462.73 W, 245874 MiB, 100 %
2026/10/09 11:58:06.929, 0, NVIDIA RTX PRO 6000 Blackwell Max-Q Workstation Edition, 18.30 W, 47 MiB, 0 %
2026/10/09 11:58:06.929, 1, NVIDIA GB300, 470.75 W, 245874 MiB, 100 %
2026/10/09 11:58:07.929, 0, NVIDIA RTX PRO 6000 Blackwell Max-Q Workstation Edition, 22.66 W, 47 MiB, 0 %
2026/10/09 11:58:07.929, 1, NVIDIA GB300, 459.46 W, 245874 MiB, 100 %
2026/10/09 11:58:08.929, 0, NVIDIA RTX PRO 6000 Blackwell Max-Q Workstation Edition, 18.15 W, 47 MiB, 0 %
2026/10/09 11:58:08.929, 1, NVIDIA GB300, 461.35 W, 245874 MiB, 100 %
2026/10/09 11:58:09.929, 0, NVIDIA RTX PRO 6000 Blackwell Max-Q Workstation Edition, 18.45 W, 47 MiB, 0 %
2026/10/09 11:58:09.929, 1, NVIDIA GB300, 468.22 W, 245874 MiB, 100 %
2026/10/09 11:58:10.929, 0, NVIDIA RTX PRO 6000 Blackwell Max-Q Workstation Edition, 18.44 W, 47 MiB, 0 %
2026/10/09 11:58:10.929, 1, NVIDIA GB300, 464.04 W, 245874 MiB, 100 %
2026/10/09 11:58:11.929, 0, NVIDIA RTX PRO 6000 Blackwell Max-Q Workstation Edition, 18.47 W, 47 MiB, 0 %
2026/10/09 11:58:11.929, 1, NVIDIA GB300, 466.39 W, 245874 MiB, 100 %
2026/10/09 11:58:12.929, 0, NVIDIA RTX PRO 6000 Blackwell Max-Q Workstation Edition, 18.49 W, 47 MiB, 0 %
2026/10/09 11:58:12.929, 1, NVIDIA GB300, 465.73 W, 245874 MiB, 100 %
2026/10/09 11:58:13.929, 0, NVIDIA RTX PRO 6000 Blackwell Max-Q Workstation Edition, 18.39 W, 47 MiB, 0 %
2026/10/09 11:58:13.929, 1, NVIDIA GB300, 460.71 W, 245874 MiB, 100 %
2026/10/09 11:58:14.929, 0, NVIDIA RTX PRO 6000 Blackwell Max-Q Workstation Edition, 20.76 W, 47 MiB, 0 %
2026/10/09 11:58:14.929, 1, NVIDIA GB300, 465.05 W, 245874 MiB, 100 %
2026/10/09 11:58:15.929, 0, NVIDIA RTX PRO 6000 Blackwell Max-Q Workstation Edition, 23.31 W, 47 MiB, 0 %
2026/10/09 11:58:15.930, 1, NVIDIA GB300, 520.24 W, 245874 MiB, 100 %
2026/10/09 11:58:16.930, 0, NVIDIA RTX PRO 6000 Blackwell Max-Q Workstation Edition, 18.85 W, 47 MiB, 0 %
2026/10/09 11:58:16.930, 1, NVIDIA GB300, 464.88 W, 245874 MiB, 100 %
2026/10/09 11:58:17.930, 0, NVIDIA RTX PRO 6000 Blackwell Max-Q Workstation Edition, 18.32 W, 47 MiB, 0 %
2026/10/09 11:58:17.930, 1, NVIDIA GB300, 531.80 W, 245874 MiB, 100 %
2026/10/09 11:58:18.930, 0, NVIDIA RTX PRO 6000 Blackwell Max-Q Workstation Edition, 18.56 W, 47 MiB, 0 %
2026/10/09 11:58:18.930, 1, NVIDIA GB300, 465.53 W, 245874 MiB, 100 %
2026/10/09 11:58:19.930, 0, NVIDIA RTX PRO 6000 Blackwell Max-Q Workstation Edition, 18.62 W, 47 MiB, 0 %
2026/10/09 11:58:19.930, 1, NVIDIA GB300, 586.08 W, 245874 MiB, 97 %
2026/10/09 11:58:20.930, 0, NVIDIA RTX PRO 6000 Blackwell Max-Q Workstation Edition, 18.73 W, 47 MiB, 0 %
2026/10/09 11:58:20.930, 1, NVIDIA GB300, 592.85 W, 245874 MiB, 100 %
2026/10/09 11:58:21.930, 0, NVIDIA RTX PRO 6000 Blackwell Max-Q Workstation Edition, 20.86 W, 47 MiB, 0 %
2026/10/09 11:58:21.930, 1, NVIDIA GB300, 590.16 W, 245876 MiB, 100 %
2026/10/09 11:58:22.930, 0, NVIDIA RTX PRO 6000 Blackwell Max-Q Workstation Edition, 23.55 W, 47 MiB, 0 %
2026/10/09 11:58:22.930, 1, NVIDIA GB300, 581.81 W, 245876 MiB, 100 %
2026/10/09 11:58:23.930, 0, NVIDIA RTX PRO 6000 Blackwell Max-Q Workstation Edition, 19.09 W, 47 MiB, 0 %
2026/10/09 11:58:23.930, 1, NVIDIA GB300, 661.03 W, 245876 MiB, 100 %
2026/10/09 11:58:24.930, 0, NVIDIA RTX PRO 6000 Blackwell Max-Q Workstation Edition, 19.07 W, 47 MiB, 0 %
2026/10/09 11:58:24.930, 1, NVIDIA GB300, 671.19 W, 245876 MiB, 100 %
2026/10/09 11:58:25.931, 0, NVIDIA RTX PRO 6000 Blackwell Max-Q Workstation Edition, 19.00 W, 47 MiB, 0 %
2026/10/09 11:58:25.931, 1, NVIDIA GB300, 655.76 W, 245876 MiB, 100 %
2026/10/09 11:58:26.931, 0, NVIDIA RTX PRO 6000 Blackwell Max-Q Workstation Edition, 18.79 W, 47 MiB, 0 %
2026/10/09 11:58:26.931, 1, NVIDIA GB300, 612.28 W, 245876 MiB, 100 %
2026/10/09 11:58:27.931, 0, NVIDIA RTX PRO 6000 Blackwell Max-Q Workstation Edition, 18.85 W, 47 MiB, 0 %
2026/10/09 11:58:27.931, 1, NVIDIA GB300, 618.32 W, 245876 MiB, 100 %
2026/10/09 11:58:28.931, 0, NVIDIA RTX PRO 6000 Blackwell Max-Q Workstation Edition, 20.36 W, 47 MiB, 0 %
2026/10/09 11:58:28.931, 1, NVIDIA GB300, 621.93 W, 245876 MiB, 100 %
2026/10/09 11:58:29.931, 0, NVIDIA RTX PRO 6000 Blackwell Max-Q Workstation Edition, 22.99 W, 47 MiB, 0 %
2026/10/09 11:58:29.931, 1, NVIDIA GB300, 597.83 W, 245876 MiB, 100 %
2026/10/09 11:58:30.931, 0, NVIDIA RTX PRO 6000 Blackwell Max-Q Workstation Edition, 18.06 W, 47 MiB, 0 %
2026/10/09 11:58:30.931, 1, NVIDIA GB300, 544.52 W, 245876 MiB, 100 %
2026/10/09 11:58:31.931, 0, NVIDIA RTX PRO 6000 Blackwell Max-Q Workstation Edition, 18.28 W, 47 MiB, 0 %
2026/10/09 11:58:31.931, 1, NVIDIA GB300, 608.21 W, 245876 MiB, 100 %
2026/10/09 11:58:32.931, 0, NVIDIA RTX PRO 6000 Blackwell Max-Q Workstation Edition, 18.49 W, 47 MiB, 0 %
2026/10/09 11:58:32.931, 1, NVIDIA GB300, 521.32 W, 245876 MiB, 100 %
2026/10/09 11:58:33.931, 0, NVIDIA RTX PRO 6000 Blackwell Max-Q Workstation Edition, 18.37 W, 47 MiB, 0 %
2026/10/09 11:58:33.931, 1, NVIDIA GB300, 466.62 W, 245876 MiB, 100 %
2026/10/09 11:58:34.931, 0, NVIDIA RTX PRO 6000 Blackwell Max-Q Workstation Edition, 18.21 W, 47 MiB, 0 %
2026/10/09 11:58:34.931, 1, NVIDIA GB300, 473.42 W, 245876 MiB, 100 %
2026/10/09 11:58:35.931, 0, NVIDIA RTX PRO 6000 Blackwell Max-Q Workstation Edition, 19.85 W, 47 MiB, 0 %
2026/10/09 11:58:35.931, 1, NVIDIA GB300, 466.17 W, 245876 MiB, 100 %
2026/10/09 11:58:36.931, 0, NVIDIA RTX PRO 6000 Blackwell Max-Q Workstation Edition, 23.31 W, 47 MiB, 0 %
2026/10/09 11:58:36.931, 1, NVIDIA GB300, 465.53 W, 245876 MiB, 100 %
2026/10/09 11:58:37.932, 0, NVIDIA RTX PRO 6000 Blackwell Max-Q Workstation Edition, 19.05 W, 47 MiB, 0 %
2026/10/09 11:58:37.932, 1, NVIDIA GB300, 467.08 W, 245876 MiB, 100 %
2026/10/09 11:58:38.932, 0, NVIDIA RTX PRO 6000 Blackwell Max-Q Workstation Edition, 18.76 W, 47 MiB, 0 %
2026/10/09 11:58:38.932, 1, NVIDIA GB300, 466.62 W, 245876 MiB, 100 %
2026/10/09 11:58:39.932, 0, NVIDIA RTX PRO 6000 Blackwell Max-Q Workstation Edition, 18.70 W, 47 MiB, 0 %
2026/10/09 11:58:39.932, 1, NVIDIA GB300, 470.01 W, 245876 MiB, 100 %
2026/10/09 11:58:40.932, 0, NVIDIA RTX PRO 6000 Blackwell Max-Q Workstation Edition, 18.60 W, 47 MiB, 0 %
2026/10/09 11:58:40.932, 1, NVIDIA GB300, 463.96 W, 245876 MiB, 100 %
2026/10/09 11:58:41.932, 0, NVIDIA RTX PRO 6000 Blackwell Max-Q Workstation Edition, 18.65 W, 47 MiB, 0 %
2026/10/09 11:58:41.932, 1, NVIDIA GB300, 465.70 W, 245876 MiB, 100 %
2026/10/09 11:58:42.932, 0, NVIDIA RTX PRO 6000 Blackwell Max-Q Workstation Edition, 19.27 W, 47 MiB, 0 %
2026/10/09 11:58:42.932, 1, NVIDIA GB300, 468.17 W, 245876 MiB, 100 %
2026/10/09 11:58:43.932, 0, NVIDIA RTX PRO 6000 Blackwell Max-Q Workstation Edition, 23.31 W, 47 MiB, 0 %
2026/10/09 11:58:43.932, 1, NVIDIA GB300, 467.09 W, 245876 MiB, 100 %
2026/10/09 11:58:44.932, 0, NVIDIA RTX PRO 6000 Blackwell Max-Q Workstation Edition, 19.04 W, 47 MiB, 0 %
2026/10/09 11:58:44.932, 1, NVIDIA GB300, 470.48 W, 245876 MiB, 100 %
2026/10/09 11:58:45.932, 0, NVIDIA RTX PRO 6000 Blackwell Max-Q Workstation Edition, 19.03 W, 47 MiB, 0 %
2026/10/09 11:58:45.932, 1, NVIDIA GB300, 462.44 W, 245876 MiB, 100 %
2026/10/09 11:58:46.932, 0, NVIDIA RTX PRO 6000 Blackwell Max-Q Workstation Edition, 19.03 W, 47 MiB, 0 %
2026/10/09 11:58:46.932, 1, NVIDIA GB300, 466.73 W, 245876 MiB, 100 %
2026/10/09 11:58:47.933, 0, NVIDIA RTX PRO 6000 Blackwell Max-Q Workstation Edition, 18.92 W, 47 MiB, 0 %
2026/10/09 11:58:47.933, 1, NVIDIA GB300, 464.05 W, 245876 MiB, 100 %
2026/10/09 11:58:48.933, 0, NVIDIA RTX PRO 6000 Blackwell Max-Q Workstation Edition, 18.79 W, 47 MiB, 0 %
2026/10/09 11:58:48.933, 1, NVIDIA GB300, 465.18 W, 245876 MiB, 100 %
2026/10/09 11:58:49.933, 0, NVIDIA RTX PRO 6000 Blackwell Max-Q Workstation Edition, 18.96 W, 47 MiB, 0 %
2026/10/09 11:58:49.933, 1, NVIDIA GB300, 464.08 W, 245876 MiB, 100 %
2026/10/09 11:58:50.933, 0, NVIDIA RTX PRO 6000 Blackwell Max-Q Workstation Edition, 23.33 W, 47 MiB, 0 %
2026/10/09 11:58:50.933, 1, NVIDIA GB300, 466.76 W, 245876 MiB, 100 %
2026/10/09 11:58:51.933, 0, NVIDIA RTX PRO 6000 Blackwell Max-Q Workstation Edition, 18.71 W, 47 MiB, 0 %
2026/10/09 11:58:51.933, 1, NVIDIA GB300, 471.34 W, 245876 MiB, 100 %
2026/10/09 11:58:52.933, 0, NVIDIA RTX PRO 6000 Blackwell Max-Q Workstation Edition, 18.30 W, 47 MiB, 0 %
2026/10/09 11:58:52.933, 1, NVIDIA GB300, 464.46 W, 245876 MiB, 100 %
2026/10/09 11:58:53.933, 0, NVIDIA RTX PRO 6000 Blackwell Max-Q Workstation Edition, 18.39 W, 47 MiB, 0 %
2026/10/09 11:58:53.933, 1, NVIDIA GB300, 465.06 W, 245876 MiB, 100 %
2026/10/09 11:58:54.933, 0, NVIDIA RTX PRO 6000 Blackwell Max-Q Workstation Edition, 18.41 W, 47 MiB, 0 %
2026/10/09 11:58:54.933, 1, NVIDIA GB300, 464.64 W, 245876 MiB, 100 %
2026/10/09 11:58:55.933, 0, NVIDIA RTX PRO 6000 Blackwell Max-Q Workstation Edition, 18.56 W, 47 MiB, 0 %
2026/10/09 11:58:55.933, 1, NVIDIA GB300, 464.00 W, 245876 MiB, 100 %
2026/10/09 11:58:56.933, 0, NVIDIA RTX PRO 6000 Blackwell Max-Q Workstation Edition, 18.70 W, 47 MiB, 0 %
2026/10/09 11:58:56.933, 1, NVIDIA GB300, 466.81 W, 245876 MiB, 100 %
2026/10/09 11:58:57.933, 0, NVIDIA RTX PRO 6000 Blackwell Max-Q Workstation Edition, 21.10 W, 47 MiB, 0 %
2026/10/09 11:58:57.933, 1, NVIDIA GB300, 463.82 W, 245876 MiB, 100 %
2026/10/09 11:58:58.933, 0, NVIDIA RTX PRO 6000 Blackwell Max-Q Workstation Edition, 23.54 W, 47 MiB, 0 %
2026/10/09 11:58:58.934, 1, NVIDIA GB300, 466.67 W, 245876 MiB, 100 %
2026/10/09 11:58:59.934, 0, NVIDIA RTX PRO 6000 Blackwell Max-Q Workstation Edition, 19.23 W, 47 MiB, 0 %
2026/10/09 11:58:59.934, 1, NVIDIA GB300, 462.03 W, 245876 MiB, 100 %
2026/10/09 11:59:00.934, 0, NVIDIA RTX PRO 6000 Blackwell Max-Q Workstation Edition, 18.39 W, 47 MiB, 0 %
2026/10/09 11:59:00.934, 1, NVIDIA GB300, 464.09 W, 245876 MiB, 100 %
2026/10/09 11:59:01.934, 0, NVIDIA RTX PRO 6000 Blackwell Max-Q Workstation Edition, 18.40 W, 47 MiB, 0 %
2026/10/09 11:59:01.934, 1, NVIDIA GB300, 463.28 W, 245876 MiB, 100 %
2026/10/09 11:59:02.934, 0, NVIDIA RTX PRO 6000 Blackwell Max-Q Workstation Edition, 18.51 W, 47 MiB, 0 %
2026/10/09 11:59:02.934, 1, NVIDIA GB300, 463.82 W, 245876 MiB, 100 %
2026/10/09 11:59:03.934, 0, NVIDIA RTX PRO 6000 Blackwell Max-Q Workstation Edition, 18.64 W, 47 MiB, 0 %
2026/10/09 11:59:03.934, 1, NVIDIA GB300, 462.18 W, 245876 MiB, 100 %
2026/10/09 11:59:04.934, 0, NVIDIA RTX PRO 6000 Blackwell Max-Q Workstation Edition, 20.72 W, 47 MiB, 0 %
2026/10/09 11:59:04.934, 1, NVIDIA GB300, 496.57 W, 245876 MiB, 100 %
2026/10/09 11:59:05.934, 0, NVIDIA RTX PRO 6000 Blackwell Max-Q Workstation Edition, 23.33 W, 47 MiB, 0 %
2026/10/09 11:59:05.934, 1, NVIDIA GB300, 561.71 W, 245876 MiB, 100 %
2026/10/09 11:59:06.934, 0, NVIDIA RTX PRO 6000 Blackwell Max-Q Workstation Edition, 18.99 W, 47 MiB, 0 %
2026/10/09 11:59:06.934, 1, NVIDIA GB300, 461.37 W, 245876 MiB, 100 %
2026/10/09 11:59:07.934, 0, NVIDIA RTX PRO 6000 Blackwell Max-Q Workstation Edition, 18.38 W, 47 MiB, 0 %
2026/10/09 11:59:07.934, 1, NVIDIA GB300, 469.44 W, 245876 MiB, 100 %
2026/10/09 11:59:08.935, 0, NVIDIA RTX PRO 6000 Blackwell Max-Q Workstation Edition, 18.60 W, 47 MiB, 0 %
2026/10/09 11:59:08.935, 1, NVIDIA GB300, 607.67 W, 245876 MiB, 100 %
2026/10/09 11:59:09.935, 0, NVIDIA RTX PRO 6000 Blackwell Max-Q Workstation Edition, 19.21 W, 47 MiB, 0 %
2026/10/09 11:59:09.935, 1, NVIDIA GB300, 641.67 W, 245876 MiB, 100 %
2026/10/09 11:59:10.935, 0, NVIDIA RTX PRO 6000 Blackwell Max-Q Workstation Edition, 19.12 W, 47 MiB, 0 %
2026/10/09 11:59:10.935, 1, NVIDIA GB300, 652.04 W, 245876 MiB, 100 %
2026/10/09 11:59:11.935, 0, NVIDIA RTX PRO 6000 Blackwell Max-Q Workstation Edition, 20.73 W, 47 MiB, 0 %
2026/10/09 11:59:11.935, 1, NVIDIA GB300, 644.84 W, 245876 MiB, 100 %
2026/10/09 11:59:12.935, 0, NVIDIA RTX PRO 6000 Blackwell Max-Q Workstation Edition, 23.27 W, 47 MiB, 0 %
2026/10/09 11:59:12.935, 1, NVIDIA GB300, 600.36 W, 245876 MiB, 100 %
2026/10/09 11:59:13.935, 0, NVIDIA RTX PRO 6000 Blackwell Max-Q Workstation Edition, 18.78 W, 47 MiB, 0 %
2026/10/09 11:59:13.935, 1, NVIDIA GB300, 630.24 W, 245876 MiB, 100 %
2026/10/09 11:59:14.935, 0, NVIDIA RTX PRO 6000 Blackwell Max-Q Workstation Edition, 18.86 W, 47 MiB, 0 %
2026/10/09 11:59:14.935, 1, NVIDIA GB300, 563.13 W, 245876 MiB, 100 %
2026/10/09 11:59:15.935, 0, NVIDIA RTX PRO 6000 Blackwell Max-Q Workstation Edition, 18.95 W, 47 MiB, 0 %
2026/10/09 11:59:15.935, 1, NVIDIA GB300, 579.08 W, 245876 MiB, 100 %
2026/10/09 11:59:16.935, 0, NVIDIA RTX PRO 6000 Blackwell Max-Q Workstation Edition, 18.88 W, 47 MiB, 0 %
2026/10/09 11:59:16.935, 1, NVIDIA GB300, 582.17 W, 245876 MiB, 100 %
2026/10/09 11:59:17.935, 0, NVIDIA RTX PRO 6000 Blackwell Max-Q Workstation Edition, 19.22 W, 47 MiB, 0 %
2026/10/09 11:59:17.935, 1, NVIDIA GB300, 581.38 W, 245876 MiB, 100 %
2026/10/09 11:59:18.936, 0, NVIDIA RTX PRO 6000 Blackwell Max-Q Workstation Edition, 20.48 W, 47 MiB, 0 %
2026/10/09 11:59:18.936, 1, NVIDIA GB300, 577.34 W, 245876 MiB, 100 %
2026/10/09 11:59:19.936, 0, NVIDIA RTX PRO 6000 Blackwell Max-Q Workstation Edition, 23.71 W, 47 MiB, 0 %
2026/10/09 11:59:19.936, 1, NVIDIA GB300, 627.92 W, 245876 MiB, 100 %
2026/10/09 11:59:20.936, 0, NVIDIA RTX PRO 6000 Blackwell Max-Q Workstation Edition, 18.82 W, 47 MiB, 0 %
2026/10/09 11:59:20.936, 1, NVIDIA GB300, 534.55 W, 245876 MiB, 100 %
2026/10/09 11:59:21.936, 0, NVIDIA RTX PRO 6000 Blackwell Max-Q Workstation Edition, 18.64 W, 47 MiB, 0 %
2026/10/09 11:59:21.936, 1, NVIDIA GB300, 571.93 W, 245876 MiB, 100 %
2026/10/09 11:59:22.936, 0, NVIDIA RTX PRO 6000 Blackwell Max-Q Workstation Edition, 18.32 W, 47 MiB, 0 %
2026/10/09 11:59:22.936, 1, NVIDIA GB300, 537.42 W, 245876 MiB, 100 %
2026/10/09 11:59:23.936, 0, NVIDIA RTX PRO 6000 Blackwell Max-Q Workstation Edition, 18.40 W, 47 MiB, 0 %
2026/10/09 11:59:23.936, 1, NVIDIA GB300, 529.30 W, 245876 MiB, 100 %
2026/10/09 11:59:24.936, 0, NVIDIA RTX PRO 6000 Blackwell Max-Q Workstation Edition, 18.42 W, 47 MiB, 0 %
2026/10/09 11:59:24.936, 1, NVIDIA GB300, 466.30 W, 245876 MiB, 100 %
2026/10/09 11:59:25.936, 0, NVIDIA RTX PRO 6000 Blackwell Max-Q Workstation Edition, 19.29 W, 47 MiB, 0 %
2026/10/09 11:59:25.936, 1, NVIDIA GB300, 467.04 W, 245876 MiB, 100 %
2026/10/09 11:59:26.937, 0, NVIDIA RTX PRO 6000 Blackwell Max-Q Workstation Edition, 23.17 W, 47 MiB, 0 %
2026/10/09 11:59:26.937, 1, NVIDIA GB300, 476.45 W, 245876 MiB, 100 %
2026/10/09 11:59:27.937, 0, NVIDIA RTX PRO 6000 Blackwell Max-Q Workstation Edition, 19.58 W, 47 MiB, 0 %
2026/10/09 11:59:27.937, 1, NVIDIA GB300, 469.07 W, 245876 MiB, 100 %
2026/10/09 11:59:28.937, 0, NVIDIA RTX PRO 6000 Blackwell Max-Q Workstation Edition, 18.62 W, 47 MiB, 0 %
2026/10/09 11:59:28.937, 1, NVIDIA GB300, 471.29 W, 245876 MiB, 100 %
2026/10/09 11:59:29.937, 0, NVIDIA RTX PRO 6000 Blackwell Max-Q Workstation Edition, 18.79 W, 47 MiB, 0 %
2026/10/09 11:59:29.946, 1, NVIDIA GB300, 467.86 W, 245876 MiB, 100 %
2026/10/09 11:59:30.946, 0, NVIDIA RTX PRO 6000 Blackwell Max-Q Workstation Edition, 18.79 W, 47 MiB, 0 %
2026/10/09 11:59:30.946, 1, NVIDIA GB300, 469.21 W, 245876 MiB, 100 %
2026/10/09 11:59:31.946, 0, NVIDIA RTX PRO 6000 Blackwell Max-Q Workstation Edition, 18.80 W, 47 MiB, 0 %
2026/10/09 11:59:31.946, 1, NVIDIA GB300, 466.70 W, 245876 MiB, 100 %
2026/10/09 11:59:32.947, 0, NVIDIA RTX PRO 6000 Blackwell Max-Q Workstation Edition, 19.18 W, 47 MiB, 0 %
2026/10/09 11:59:32.947, 1, NVIDIA GB300, 470.09 W, 245876 MiB, 100 %
2026/10/09 11:59:33.947, 0, NVIDIA RTX PRO 6000 Blackwell Max-Q Workstation Edition, 23.27 W, 47 MiB, 0 %
2026/10/09 11:59:33.947, 1, NVIDIA GB300, 470.89 W, 245876 MiB, 100 %
2026/10/09 11:59:34.947, 0, NVIDIA RTX PRO 6000 Blackwell Max-Q Workstation Edition, 18.88 W, 47 MiB, 0 %
2026/10/09 11:59:34.947, 1, NVIDIA GB300, 473.34 W, 245876 MiB, 100 %
2026/10/09 11:59:35.947, 0, NVIDIA RTX PRO 6000 Blackwell Max-Q Workstation Edition, 18.88 W, 47 MiB, 0 %
2026/10/09 11:59:35.947, 1, NVIDIA GB300, 468.98 W, 245876 MiB, 100 %
2026/10/09 11:59:36.947, 0, NVIDIA RTX PRO 6000 Blackwell Max-Q Workstation Edition, 18.74 W, 47 MiB, 0 %
2026/10/09 11:59:36.947, 1, NVIDIA GB300, 465.34 W, 245876 MiB, 100 %
2026/10/09 11:59:37.947, 0, NVIDIA RTX PRO 6000 Blackwell Max-Q Workstation Edition, 18.73 W, 47 MiB, 0 %
2026/10/09 11:59:37.947, 1, NVIDIA GB300, 472.61 W, 245876 MiB, 100 %
2026/10/09 11:59:38.947, 0, NVIDIA RTX PRO 6000 Blackwell Max-Q Workstation Edition, 18.68 W, 47 MiB, 0 %
2026/10/09 11:59:38.947, 1, NVIDIA GB300, 463.65 W, 245876 MiB, 100 %
2026/10/09 11:59:39.947, 0, NVIDIA RTX PRO 6000 Blackwell Max-Q Workstation Edition, 18.64 W, 47 MiB, 0 %
2026/10/09 11:59:39.947, 1, NVIDIA GB300, 468.64 W, 245876 MiB, 100 %
2026/10/09 11:59:40.947, 0, NVIDIA RTX PRO 6000 Blackwell Max-Q Workstation Edition, 23.48 W, 47 MiB, 0 %
2026/10/09 11:59:40.947, 1, NVIDIA GB300, 467.73 W, 245876 MiB, 100 %
2026/10/09 11:59:41.947, 0, NVIDIA RTX PRO 6000 Blackwell Max-Q Workstation Edition, 18.85 W, 47 MiB, 0 %
2026/10/09 11:59:41.947, 1, NVIDIA GB300, 473.56 W, 245876 MiB, 100 %
2026/10/09 11:59:42.948, 0, NVIDIA RTX PRO 6000 Blackwell Max-Q Workstation Edition, 19.08 W, 47 MiB, 0 %
2026/10/09 11:59:42.948, 1, NVIDIA GB300, 464.10 W, 245876 MiB, 100 %
2026/10/09 11:59:43.948, 0, NVIDIA RTX PRO 6000 Blackwell Max-Q Workstation Edition, 18.65 W, 47 MiB, 0 %
2026/10/09 11:59:43.948, 1, NVIDIA GB300, 467.40 W, 245876 MiB, 100 %
2026/10/09 11:59:44.948, 0, NVIDIA RTX PRO 6000 Blackwell Max-Q Workstation Edition, 18.59 W, 47 MiB, 0 %
2026/10/09 11:59:44.948, 1, NVIDIA GB300, 464.49 W, 245876 MiB, 100 %
2026/10/09 11:59:45.948, 0, NVIDIA RTX PRO 6000 Blackwell Max-Q Workstation Edition, 18.46 W, 47 MiB, 0 %
2026/10/09 11:59:45.948, 1, NVIDIA GB300, 458.12 W, 245876 MiB, 100 %
2026/10/09 11:59:46.948, 0, NVIDIA RTX PRO 6000 Blackwell Max-Q Workstation Edition, 18.60 W, 47 MiB, 0 %
2026/10/09 11:59:46.948, 1, NVIDIA GB300, 469.34 W, 245876 MiB, 100 %
2026/10/09 11:59:47.948, 0, NVIDIA RTX PRO 6000 Blackwell Max-Q Workstation Edition, 20.89 W, 47 MiB, 0 %
2026/10/09 11:59:47.948, 1, NVIDIA GB300, 468.04 W, 245876 MiB, 100 %
2026/10/09 11:59:48.948, 0, NVIDIA RTX PRO 6000 Blackwell Max-Q Workstation Edition, 23.38 W, 47 MiB, 0 %
2026/10/09 11:59:48.948, 1, NVIDIA GB300, 473.02 W, 245876 MiB, 100 %
2026/10/09 11:59:49.948, 0, NVIDIA RTX PRO 6000 Blackwell Max-Q Workstation Edition, 19.09 W, 47 MiB, 0 %
2026/10/09 11:59:49.948, 1, NVIDIA GB300, 463.68 W, 245876 MiB, 100 %
2026/10/09 11:59:50.949, 0, NVIDIA RTX PRO 6000 Blackwell Max-Q Workstation Edition, 18.77 W, 47 MiB, 0 %
2026/10/09 11:59:50.949, 1, NVIDIA GB300, 469.48 W, 245876 MiB, 100 %
2026/10/09 11:59:51.949, 0, NVIDIA RTX PRO 6000 Blackwell Max-Q Workstation Edition, 18.57 W, 47 MiB, 0 %
2026/10/09 11:59:51.949, 1, NVIDIA GB300, 464.88 W, 245876 MiB, 100 %
2026/10/09 11:59:52.949, 0, NVIDIA RTX PRO 6000 Blackwell Max-Q Workstation Edition, 18.50 W, 47 MiB, 0 %
2026/10/09 11:59:52.949, 1, NVIDIA GB300, 468.85 W, 245876 MiB, 100 %
2026/10/09 11:59:53.949, 0, NVIDIA RTX PRO 6000 Blackwell Max-Q Workstation Edition, 18.58 W, 47 MiB, 0 %
2026/10/09 11:59:53.949, 1, NVIDIA GB300, 466.41 W, 245876 MiB, 100 %
2026/10/09 11:59:54.949, 0, NVIDIA RTX PRO 6000 Blackwell Max-Q Workstation Edition, 20.70 W, 47 MiB, 0 %
2026/10/09 11:59:54.949, 1, NVIDIA GB300, 532.25 W, 245876 MiB, 100 %
2026/10/09 11:59:55.949, 0, NVIDIA RTX PRO 6000 Blackwell Max-Q Workstation Edition, 23.40 W, 47 MiB, 0 %
2026/10/09 11:59:55.949, 1, NVIDIA GB300, 524.59 W, 245876 MiB, 100 %
2026/10/09 11:59:56.949, 0, NVIDIA RTX PRO 6000 Blackwell Max-Q Workstation Edition, 18.75 W, 47 MiB, 0 %
2026/10/09 11:59:56.949, 1, NVIDIA GB300, 588.46 W, 245876 MiB, 100 %
2026/10/09 11:59:57.949, 0, NVIDIA RTX PRO 6000 Blackwell Max-Q Workstation Edition, 19.02 W, 47 MiB, 0 %
2026/10/09 11:59:57.949, 1, NVIDIA GB300, 563.07 W, 245876 MiB, 100 %
2026/10/09 11:59:58.949, 0, NVIDIA RTX PRO 6000 Blackwell Max-Q Workstation Edition, 18.84 W, 47 MiB, 0 %
2026/10/09 11:59:58.949, 1, NVIDIA GB300, 505.40 W, 245876 MiB, 100 %
2026/10/09 11:59:59.949, 0, NVIDIA RTX PRO 6000 Blackwell Max-Q Workstation Edition, 18.90 W, 47 MiB, 0 %
2026/10/09 11:59:59.950, 1, NVIDIA GB300, 627.83 W, 245876 MiB, 100 %
2026/10/09 12:00:00.950, 0, NVIDIA RTX PRO 6000 Blackwell Max-Q Workstation Edition, 18.97 W, 47 MiB, 0 %
2026/10/09 12:00:00.950, 1, NVIDIA GB300, 604.30 W, 245876 MiB, 100 %
2026/10/09 12:00:01.950, 0, NVIDIA RTX PRO 6000 Blackwell Max-Q Workstation Edition, 20.23 W, 47 MiB, 0 %
2026/10/09 12:00:01.950, 1, NVIDIA GB300, 657.58 W, 245876 MiB, 100 %
2026/10/09 12:00:02.950, 0, NVIDIA RTX PRO 6000 Blackwell Max-Q Workstation Edition, 23.15 W, 47 MiB, 0 %
2026/10/09 12:00:02.950, 1, NVIDIA GB300, 605.57 W, 245876 MiB, 100 %
2026/10/09 12:00:03.950, 0, NVIDIA RTX PRO 6000 Blackwell Max-Q Workstation Edition, 19.07 W, 47 MiB, 0 %
2026/10/09 12:00:03.950, 1, NVIDIA GB300, 560.39 W, 245876 MiB, 100 %
2026/10/09 12:00:04.950, 0, NVIDIA RTX PRO 6000 Blackwell Max-Q Workstation Edition, 18.94 W, 47 MiB, 0 %
2026/10/09 12:00:04.950, 1, NVIDIA GB300, 593.80 W, 245876 MiB, 100 %
2026/10/09 12:00:05.950, 0, NVIDIA RTX PRO 6000 Blackwell Max-Q Workstation Edition, 18.93 W, 47 MiB, 0 %
2026/10/09 12:00:05.950, 1, NVIDIA GB300, 513.43 W, 245876 MiB, 100 %
2026/10/09 12:00:06.950, 0, NVIDIA RTX PRO 6000 Blackwell Max-Q Workstation Edition, 18.85 W, 47 MiB, 0 %
2026/10/09 12:00:06.950, 1, NVIDIA GB300, 645.62 W, 245876 MiB, 100 %
2026/10/09 12:00:07.951, 0, NVIDIA RTX PRO 6000 Blackwell Max-Q Workstation Edition, 18.81 W, 47 MiB, 0 %
2026/10/09 12:00:07.951, 1, NVIDIA GB300, 581.52 W, 245876 MiB, 100 %
2026/10/09 12:00:08.951, 0, NVIDIA RTX PRO 6000 Blackwell Max-Q Workstation Edition, 19.84 W, 47 MiB, 0 %
2026/10/09 12:00:08.951, 1, NVIDIA GB300, 569.87 W, 245876 MiB, 100 %
2026/10/09 12:00:09.951, 0, NVIDIA RTX PRO 6000 Blackwell Max-Q Workstation Edition, 23.74 W, 47 MiB, 0 %
2026/10/09 12:00:09.951, 1, NVIDIA GB300, 570.90 W, 245876 MiB, 100 %
2026/10/09 12:00:10.951, 0, NVIDIA RTX PRO 6000 Blackwell Max-Q Workstation Edition, 19.57 W, 47 MiB, 0 %
2026/10/09 12:00:10.951, 1, NVIDIA GB300, 612.76 W, 245876 MiB, 100 %
2026/10/09 12:00:11.951, 0, NVIDIA RTX PRO 6000 Blackwell Max-Q Workstation Edition, 19.20 W, 47 MiB, 0 %
2026/10/09 12:00:11.951, 1, NVIDIA GB300, 476.88 W, 245876 MiB, 100 %
2026/10/09 12:00:12.951, 0, NVIDIA RTX PRO 6000 Blackwell Max-Q Workstation Edition, 18.39 W, 47 MiB, 0 %
2026/10/09 12:00:12.951, 1, NVIDIA GB300, 555.11 W, 245876 MiB, 100 %
2026/10/09 12:00:13.951, 0, NVIDIA RTX PRO 6000 Blackwell Max-Q Workstation Edition, 18.58 W, 47 MiB, 0 %
2026/10/09 12:00:13.951, 1, NVIDIA GB300, 531.08 W, 245876 MiB, 100 %
2026/10/09 12:00:14.951, 0, NVIDIA RTX PRO 6000 Blackwell Max-Q Workstation Edition, 18.53 W, 47 MiB, 0 %
2026/10/09 12:00:14.951, 1, NVIDIA GB300, 533.52 W, 245876 MiB, 100 %
2026/10/09 12:00:15.951, 0, NVIDIA RTX PRO 6000 Blackwell Max-Q Workstation Edition, 18.48 W, 47 MiB, 0 %
2026/10/09 12:00:15.951, 1, NVIDIA GB300, 467.29 W, 245876 MiB, 100 %
2026/10/09 12:00:16.951, 0, NVIDIA RTX PRO 6000 Blackwell Max-Q Workstation Edition, 22.86 W, 47 MiB, 0 %
2026/10/09 12:00:16.951, 1, NVIDIA GB300, 471.39 W, 245876 MiB, 100 %
2026/10/09 12:00:17.951, 0, NVIDIA RTX PRO 6000 Blackwell Max-Q Workstation Edition, 18.88 W, 47 MiB, 0 %
2026/10/09 12:00:17.951, 1, NVIDIA GB300, 463.44 W, 245876 MiB, 100 %
2026/10/09 12:00:18.952, 0, NVIDIA RTX PRO 6000 Blackwell Max-Q Workstation Edition, 18.56 W, 47 MiB, 0 %
2026/10/09 12:00:18.952, 1, NVIDIA GB300, 457.88 W, 245876 MiB, 100 %
2026/10/09 12:00:19.952, 0, NVIDIA RTX PRO 6000 Blackwell Max-Q Workstation Edition, 18.57 W, 47 MiB, 0 %
2026/10/09 12:00:19.952, 1, NVIDIA GB300, 465.51 W, 245876 MiB, 100 %
2026/10/09 12:00:20.952, 0, NVIDIA RTX PRO 6000 Blackwell Max-Q Workstation Edition, 18.52 W, 47 MiB, 0 %
2026/10/09 12:00:20.952, 1, NVIDIA GB300, 468.61 W, 245876 MiB, 100 %
2026/10/09 12:00:21.952, 0, NVIDIA RTX PRO 6000 Blackwell Max-Q Workstation Edition, 18.61 W, 47 MiB, 0 %
2026/10/09 12:00:21.952, 1, NVIDIA GB300, 470.29 W, 245876 MiB, 100 %
2026/10/09 12:00:22.952, 0, NVIDIA RTX PRO 6000 Blackwell Max-Q Workstation Edition, 18.57 W, 47 MiB, 0 %
2026/10/09 12:00:22.952, 1, NVIDIA GB300, 469.96 W, 245876 MiB, 100 %
2026/10/09 12:00:23.952, 0, NVIDIA RTX PRO 6000 Blackwell Max-Q Workstation Edition, 23.55 W, 47 MiB, 0 %
2026/10/09 12:00:23.952, 1, NVIDIA GB300, 467.54 W, 245876 MiB, 100 %
2026/10/09 12:00:24.952, 0, NVIDIA RTX PRO 6000 Blackwell Max-Q Workstation Edition, 23.66 W, 47 MiB, 0 %
2026/10/09 12:00:24.962, 1, NVIDIA GB300, 468.83 W, 245876 MiB, 100 %
2026/10/09 12:00:25.962, 0, NVIDIA RTX PRO 6000 Blackwell Max-Q Workstation Edition, 18.46 W, 47 MiB, 0 %
2026/10/09 12:00:25.962, 1, NVIDIA GB300, 472.39 W, 245876 MiB, 100 %
2026/10/09 12:00:26.962, 0, NVIDIA RTX PRO 6000 Blackwell Max-Q Workstation Edition, 18.50 W, 47 MiB, 0 %
2026/10/09 12:00:26.962, 1, NVIDIA GB300, 472.49 W, 245876 MiB, 100 %
2026/10/09 12:00:27.962, 0, NVIDIA RTX PRO 6000 Blackwell Max-Q Workstation Edition, 18.53 W, 47 MiB, 0 %
2026/10/09 12:00:27.962, 1, NVIDIA GB300, 474.03 W, 245876 MiB, 100 %
2026/10/09 12:00:28.962, 0, NVIDIA RTX PRO 6000 Blackwell Max-Q Workstation Edition, 18.40 W, 47 MiB, 0 %
2026/10/09 12:00:28.962, 1, NVIDIA GB300, 472.45 W, 245876 MiB, 100 %
2026/10/09 12:00:29.962, 0, NVIDIA RTX PRO 6000 Blackwell Max-Q Workstation Edition, 18.27 W, 47 MiB, 0 %
2026/10/09 12:00:29.963, 1, NVIDIA GB300, 474.35 W, 245876 MiB, 100 %
2026/10/09 12:00:30.963, 0, NVIDIA RTX PRO 6000 Blackwell Max-Q Workstation Edition, 20.39 W, 47 MiB, 0 %
2026/10/09 12:00:30.963, 1, NVIDIA GB300, 466.06 W, 245876 MiB, 100 %
2026/10/09 12:00:31.963, 0, NVIDIA RTX PRO 6000 Blackwell Max-Q Workstation Edition, 22.99 W, 47 MiB, 0 %
2026/10/09 12:00:31.963, 1, NVIDIA GB300, 466.58 W, 245876 MiB, 100 %
2026/10/09 12:00:32.963, 0, NVIDIA RTX PRO 6000 Blackwell Max-Q Workstation Edition, 18.93 W, 47 MiB, 0 %
2026/10/09 12:00:32.963, 1, NVIDIA GB300, 470.12 W, 245876 MiB, 100 %
2026/10/09 12:00:33.963, 0, NVIDIA RTX PRO 6000 Blackwell Max-Q Workstation Edition, 18.71 W, 47 MiB, 0 %
2026/10/09 12:00:33.963, 1, NVIDIA GB300, 470.80 W, 245876 MiB, 100 %
2026/10/09 12:00:34.963, 0, NVIDIA RTX PRO 6000 Blackwell Max-Q Workstation Edition, 18.68 W, 47 MiB, 0 %
2026/10/09 12:00:35.014, 1, NVIDIA GB300, 469.01 W, 245876 MiB, 100 %
2026/10/09 12:00:36.014, 0, NVIDIA RTX PRO 6000 Blackwell Max-Q Workstation Edition, 19.08 W, 47 MiB, 0 %
2026/10/09 12:00:36.014, 1, NVIDIA GB300, 470.04 W, 245876 MiB, 100 %
2026/10/09 12:00:37.014, 0, NVIDIA RTX PRO 6000 Blackwell Max-Q Workstation Edition, 18.79 W, 47 MiB, 0 %
2026/10/09 12:00:37.014, 1, NVIDIA GB300, 465.46 W, 245876 MiB, 100 %
2026/10/09 12:00:38.014, 0, NVIDIA RTX PRO 6000 Blackwell Max-Q Workstation Edition, 20.31 W, 47 MiB, 0 %
2026/10/09 12:00:38.014, 1, NVIDIA GB300, 464.83 W, 245876 MiB, 100 %
2026/10/09 12:00:39.014, 0, NVIDIA RTX PRO 6000 Blackwell Max-Q Workstation Edition, 22.97 W, 47 MiB, 0 %
2026/10/09 12:00:39.014, 1, NVIDIA GB300, 467.12 W, 245876 MiB, 100 %
2026/10/09 12:00:40.014, 0, NVIDIA RTX PRO 6000 Blackwell Max-Q Workstation Edition, 19.21 W, 47 MiB, 0 %
2026/10/09 12:00:40.014, 1, NVIDIA GB300, 467.25 W, 245876 MiB, 100 %
2026/10/09 12:00:41.014, 0, NVIDIA RTX PRO 6000 Blackwell Max-Q Workstation Edition, 18.95 W, 47 MiB, 0 %
2026/10/09 12:00:41.014, 1, NVIDIA GB300, 472.46 W, 245876 MiB, 100 %
2026/10/09 12:00:42.014, 0, NVIDIA RTX PRO 6000 Blackwell Max-Q Workstation Edition, 18.83 W, 47 MiB, 0 %
2026/10/09 12:00:42.014, 1, NVIDIA GB300, 466.62 W, 245876 MiB, 100 %
2026/10/09 12:00:43.014, 0, NVIDIA RTX PRO 6000 Blackwell Max-Q Workstation Edition, 18.79 W, 47 MiB, 0 %
2026/10/09 12:00:43.014, 1, NVIDIA GB300, 540.01 W, 245876 MiB, 100 %
2026/10/09 12:00:44.015, 0, NVIDIA RTX PRO 6000 Blackwell Max-Q Workstation Edition, 18.75 W, 47 MiB, 0 %
2026/10/09 12:00:44.015, 1, NVIDIA GB300, 550.26 W, 245876 MiB, 100 %
2026/10/09 12:00:45.015, 0, NVIDIA RTX PRO 6000 Blackwell Max-Q Workstation Edition, 19.89 W, 47 MiB, 0 %
2026/10/09 12:00:45.015, 1, NVIDIA GB300, 552.57 W, 245876 MiB, 100 %
2026/10/09 12:00:46.015, 0, NVIDIA RTX PRO 6000 Blackwell Max-Q Workstation Edition, 22.97 W, 47 MiB, 0 %
2026/10/09 12:00:46.015, 1, NVIDIA GB300, 576.26 W, 245876 MiB, 100 %
2026/10/09 12:00:47.015, 0, NVIDIA RTX PRO 6000 Blackwell Max-Q Workstation Edition, 18.64 W, 47 MiB, 0 %
2026/10/09 12:00:47.015, 1, NVIDIA GB300, 569.32 W, 245876 MiB, 100 %
2026/10/09 12:00:48.015, 0, NVIDIA RTX PRO 6000 Blackwell Max-Q Workstation Edition, 18.71 W, 47 MiB, 0 %
2026/10/09 12:00:48.015, 1, NVIDIA GB300, 580.76 W, 245876 MiB, 100 %
2026/10/09 12:00:49.015, 0, NVIDIA RTX PRO 6000 Blackwell Max-Q Workstation Edition, 18.97 W, 47 MiB, 0 %
2026/10/09 12:00:49.015, 1, NVIDIA GB300, 545.22 W, 245876 MiB, 100 %
2026/10/09 12:00:50.015, 0, NVIDIA RTX PRO 6000 Blackwell Max-Q Workstation Edition, 19.19 W, 47 MiB, 0 %
2026/10/09 12:00:50.015, 1, NVIDIA GB300, 523.64 W, 245876 MiB, 100 %
2026/10/09 12:00:51.015, 0, NVIDIA RTX PRO 6000 Blackwell Max-Q Workstation Edition, 18.84 W, 47 MiB, 0 %
2026/10/09 12:00:51.015, 1, NVIDIA GB300, 577.76 W, 245876 MiB, 100 %
2026/10/09 12:00:52.015, 0, NVIDIA RTX PRO 6000 Blackwell Max-Q Workstation Edition, 20.17 W, 47 MiB, 0 %
2026/10/09 12:00:52.015, 1, NVIDIA GB300, 666.95 W, 245876 MiB, 100 %
2026/10/09 12:00:53.015, 0, NVIDIA RTX PRO 6000 Blackwell Max-Q Workstation Edition, 23.57 W, 47 MiB, 0 %
2026/10/09 12:00:53.016, 1, NVIDIA GB300, 555.93 W, 245876 MiB, 100 %
2026/10/09 12:00:54.016, 0, NVIDIA RTX PRO 6000 Blackwell Max-Q Workstation Edition, 18.84 W, 47 MiB, 0 %
2026/10/09 12:00:54.016, 1, NVIDIA GB300, 597.28 W, 245876 MiB, 100 %
2026/10/09 12:00:55.016, 0, NVIDIA RTX PRO 6000 Blackwell Max-Q Workstation Edition, 18.54 W, 47 MiB, 0 %
2026/10/09 12:00:55.016, 1, NVIDIA GB300, 561.25 W, 245876 MiB, 100 %
2026/10/09 12:00:56.016, 0, NVIDIA RTX PRO 6000 Blackwell Max-Q Workstation Edition, 18.81 W, 47 MiB, 0 %
2026/10/09 12:00:56.016, 1, NVIDIA GB300, 582.33 W, 245876 MiB, 100 %
2026/10/09 12:00:57.016, 0, NVIDIA RTX PRO 6000 Blackwell Max-Q Workstation Edition, 19.06 W, 47 MiB, 0 %
2026/10/09 12:00:57.016, 1, NVIDIA GB300, 647.66 W, 245876 MiB, 100 %
2026/10/09 12:00:58.016, 0, NVIDIA RTX PRO 6000 Blackwell Max-Q Workstation Edition, 18.97 W, 47 MiB, 0 %
2026/10/09 12:00:58.016, 1, NVIDIA GB300, 565.10 W, 245876 MiB, 100 %
2026/10/09 12:00:59.016, 0, NVIDIA RTX PRO 6000 Blackwell Max-Q Workstation Edition, 19.41 W, 47 MiB, 0 %
2026/10/09 12:00:59.016, 1, NVIDIA GB300, 619.07 W, 245876 MiB, 100 %
2026/10/09 12:01:00.016, 0, NVIDIA RTX PRO 6000 Blackwell Max-Q Workstation Edition, 23.38 W, 47 MiB, 0 %
2026/10/09 12:01:00.016, 1, NVIDIA GB300, 533.50 W, 245876 MiB, 100 %
2026/10/09 12:01:01.016, 0, NVIDIA RTX PRO 6000 Blackwell Max-Q Workstation Edition, 18.80 W, 47 MiB, 0 %
2026/10/09 12:01:01.016, 1, NVIDIA GB300, 495.94 W, 245876 MiB, 100 %
2026/10/09 12:01:02.016, 0, NVIDIA RTX PRO 6000 Blackwell Max-Q Workstation Edition, 18.75 W, 47 MiB, 0 %
2026/10/09 12:01:02.016, 1, NVIDIA GB300, 499.51 W, 245876 MiB, 100 %
2026/10/09 12:01:03.016, 0, NVIDIA RTX PRO 6000 Blackwell Max-Q Workstation Edition, 18.83 W, 47 MiB, 0 %
2026/10/09 12:01:03.016, 1, NVIDIA GB300, 573.71 W, 245876 MiB, 100 %
2026/10/09 12:01:04.017, 0, NVIDIA RTX PRO 6000 Blackwell Max-Q Workstation Edition, 18.91 W, 47 MiB, 0 %
2026/10/09 12:01:04.017, 1, NVIDIA GB300, 563.92 W, 245876 MiB, 100 %
2026/10/09 12:01:05.017, 0, NVIDIA RTX PRO 6000 Blackwell Max-Q Workstation Edition, 18.60 W, 47 MiB, 0 %
2026/10/09 12:01:05.017, 1, NVIDIA GB300, 471.33 W, 245876 MiB, 100 %
2026/10/09 12:01:06.017, 0, NVIDIA RTX PRO 6000 Blackwell Max-Q Workstation Edition, 18.07 W, 47 MiB, 0 %
2026/10/09 12:01:06.017, 1, NVIDIA GB300, 485.22 W, 245876 MiB, 100 %
2026/10/09 12:01:07.017, 0, NVIDIA RTX PRO 6000 Blackwell Max-Q Workstation Edition, 23.22 W, 47 MiB, 0 %
2026/10/09 12:01:07.017, 1, NVIDIA GB300, 470.08 W, 245876 MiB, 100 %
2026/10/09 12:01:08.017, 0, NVIDIA RTX PRO 6000 Blackwell Max-Q Workstation Edition, 23.32 W, 47 MiB, 0 %
2026/10/09 12:01:08.017, 1, NVIDIA GB300, 465.17 W, 245876 MiB, 100 %
2026/10/09 12:01:09.017, 0, NVIDIA RTX PRO 6000 Blackwell Max-Q Workstation Edition, 18.87 W, 47 MiB, 0 %
2026/10/09 12:01:09.017, 1, NVIDIA GB300, 467.86 W, 245876 MiB, 100 %
2026/10/09 12:01:10.017, 0, NVIDIA RTX PRO 6000 Blackwell Max-Q Workstation Edition, 18.55 W, 47 MiB, 0 %
2026/10/09 12:01:10.017, 1, NVIDIA GB300, 461.71 W, 245876 MiB, 100 %
2026/10/09 12:01:11.017, 0, NVIDIA RTX PRO 6000 Blackwell Max-Q Workstation Edition, 18.73 W, 47 MiB, 0 %
2026/10/09 12:01:11.017, 1, NVIDIA GB300, 463.17 W, 245876 MiB, 100 %
2026/10/09 12:01:12.017, 0, NVIDIA RTX PRO 6000 Blackwell Max-Q Workstation Edition, 18.75 W, 47 MiB, 0 %
2026/10/09 12:01:12.017, 1, NVIDIA GB300, 460.07 W, 245876 MiB, 100 %
2026/10/09 12:01:13.017, 0, NVIDIA RTX PRO 6000 Blackwell Max-Q Workstation Edition, 18.72 W, 47 MiB, 0 %
2026/10/09 12:01:13.017, 1, NVIDIA GB300, 463.34 W, 245876 MiB, 100 %
2026/10/09 12:01:14.018, 0, NVIDIA RTX PRO 6000 Blackwell Max-Q Workstation Edition, 20.65 W, 47 MiB, 0 %
2026/10/09 12:01:14.018, 1, NVIDIA GB300, 463.86 W, 245876 MiB, 100 %
2026/10/09 12:01:15.018, 0, NVIDIA RTX PRO 6000 Blackwell Max-Q Workstation Edition, 23.09 W, 47 MiB, 0 %
2026/10/09 12:01:15.018, 1, NVIDIA GB300, 469.24 W, 245876 MiB, 100 %
2026/10/09 12:01:16.018, 0, NVIDIA RTX PRO 6000 Blackwell Max-Q Workstation Edition, 18.86 W, 47 MiB, 0 %
2026/10/09 12:01:16.018, 1, NVIDIA GB300, 465.37 W, 245876 MiB, 100 %
2026/10/09 12:01:17.018, 0, NVIDIA RTX PRO 6000 Blackwell Max-Q Workstation Edition, 18.68 W, 47 MiB, 0 %
2026/10/09 12:01:17.018, 1, NVIDIA GB300, 468.59 W, 245876 MiB, 100 %
2026/10/09 12:01:18.018, 0, NVIDIA RTX PRO 6000 Blackwell Max-Q Workstation Edition, 18.47 W, 47 MiB, 0 %
2026/10/09 12:01:18.018, 1, NVIDIA GB300, 467.60 W, 245876 MiB, 100 %
2026/10/09 12:01:19.018, 0, NVIDIA RTX PRO 6000 Blackwell Max-Q Workstation Edition, 18.55 W, 47 MiB, 0 %
2026/10/09 12:01:19.018, 1, NVIDIA GB300, 465.84 W, 245876 MiB, 100 %
2026/10/09 12:01:20.018, 0, NVIDIA RTX PRO 6000 Blackwell Max-Q Workstation Edition, 18.56 W, 47 MiB, 0 %
2026/10/09 12:01:20.018, 1, NVIDIA GB300, 462.52 W, 245876 MiB, 100 %
2026/10/09 12:01:21.018, 0, NVIDIA RTX PRO 6000 Blackwell Max-Q Workstation Edition, 20.28 W, 47 MiB, 0 %
2026/10/09 12:01:21.018, 1, NVIDIA GB300, 463.84 W, 245876 MiB, 100 %
2026/10/09 12:01:22.018, 0, NVIDIA RTX PRO 6000 Blackwell Max-Q Workstation Edition, 22.96 W, 47 MiB, 0 %
2026/10/09 12:01:22.018, 1, NVIDIA GB300, 466.04 W, 245876 MiB, 100 %
2026/10/09 12:01:23.018, 0, NVIDIA RTX PRO 6000 Blackwell Max-Q Workstation Edition, 18.64 W, 47 MiB, 0 %
2026/10/09 12:01:23.019, 1, NVIDIA GB300, 466.91 W, 245876 MiB, 100 %
2026/10/09 12:01:24.019, 0, NVIDIA RTX PRO 6000 Blackwell Max-Q Workstation Edition, 18.58 W, 47 MiB, 0 %
2026/10/09 12:01:24.019, 1, NVIDIA GB300, 465.36 W, 245876 MiB, 100 %
2026/10/09 12:01:25.019, 0, NVIDIA RTX PRO 6000 Blackwell Max-Q Workstation Edition, 18.51 W, 47 MiB, 0 %
2026/10/09 12:01:25.019, 1, NVIDIA GB300, 461.62 W, 245876 MiB, 100 %
2026/10/09 12:01:26.019, 0, NVIDIA RTX PRO 6000 Blackwell Max-Q Workstation Edition, 18.41 W, 47 MiB, 0 %
2026/10/09 12:01:26.019, 1, NVIDIA GB300, 464.13 W, 245876 MiB, 100 %
2026/10/09 12:01:27.019, 0, NVIDIA RTX PRO 6000 Blackwell Max-Q Workstation Edition, 18.72 W, 47 MiB, 0 %
2026/10/09 12:01:27.019, 1, NVIDIA GB300, 467.17 W, 245876 MiB, 100 %
2026/10/09 12:01:28.019, 0, NVIDIA RTX PRO 6000 Blackwell Max-Q Workstation Edition, 20.34 W, 47 MiB, 0 %
2026/10/09 12:01:28.019, 1, NVIDIA GB300, 462.98 W, 245876 MiB, 100 %
2026/10/09 12:01:29.019, 0, NVIDIA RTX PRO 6000 Blackwell Max-Q Workstation Edition, 23.08 W, 47 MiB, 0 %
2026/10/09 12:01:29.019, 1, NVIDIA GB300, 466.20 W, 245876 MiB, 100 %
2026/10/09 12:01:30.019, 0, NVIDIA RTX PRO 6000 Blackwell Max-Q Workstation Edition, 18.56 W, 47 MiB, 0 %
2026/10/09 12:01:30.019, 1, NVIDIA GB300, 471.95 W, 245876 MiB, 100 %
2026/10/09 12:01:31.019, 0, NVIDIA RTX PRO 6000 Blackwell Max-Q Workstation Edition, 18.39 W, 47 MiB, 0 %
2026/10/09 12:01:31.019, 1, NVIDIA GB300, 463.11 W, 245876 MiB, 100 %
2026/10/09 12:01:32.019, 0, NVIDIA RTX PRO 6000 Blackwell Max-Q Workstation Edition, 18.17 W, 47 MiB, 0 %
2026/10/09 12:01:32.020, 1, NVIDIA GB300, 463.29 W, 245876 MiB, 100 %
2026/10/09 12:01:33.020, 0, NVIDIA RTX PRO 6000 Blackwell Max-Q Workstation Edition, 18.39 W, 47 MiB, 0 %
2026/10/09 12:01:33.020, 1, NVIDIA GB300, 454.92 W, 245876 MiB, 100 %
2026/10/09 12:01:34.020, 0, NVIDIA RTX PRO 6000 Blackwell Max-Q Workstation Edition, 18.50 W, 47 MiB, 0 %
2026/10/09 12:01:34.020, 1, NVIDIA GB300, 436.65 W, 245876 MiB, 100 %
2026/10/09 12:01:35.020, 0, NVIDIA RTX PRO 6000 Blackwell Max-Q Workstation Edition, 19.99 W, 47 MiB, 0 %
2026/10/09 12:01:35.020, 1, NVIDIA GB300, 432.80 W, 245876 MiB, 100 %
2026/10/09 12:01:36.020, 0, NVIDIA RTX PRO 6000 Blackwell Max-Q Workstation Edition, 23.52 W, 47 MiB, 0 %
2026/10/09 12:01:36.020, 1, NVIDIA GB300, 458.23 W, 245876 MiB, 100 %
2026/10/09 12:01:37.020, 0, NVIDIA RTX PRO 6000 Blackwell Max-Q Workstation Edition, 19.40 W, 47 MiB, 0 %
2026/10/09 12:01:37.020, 1, NVIDIA GB300, 456.05 W, 245876 MiB, 100 %
2026/10/09 12:01:38.020, 0, NVIDIA RTX PRO 6000 Blackwell Max-Q Workstation Edition, 19.20 W, 47 MiB, 0 %
2026/10/09 12:01:38.020, 1, NVIDIA GB300, 455.83 W, 245876 MiB, 100 %
2026/10/09 12:01:39.020, 0, NVIDIA RTX PRO 6000 Blackwell Max-Q Workstation Edition, 19.01 W, 47 MiB, 0 %
2026/10/09 12:01:39.020, 1, NVIDIA GB300, 462.37 W, 245876 MiB, 100 %
2026/10/09 12:01:40.020, 0, NVIDIA RTX PRO 6000 Blackwell Max-Q Workstation Edition, 18.82 W, 47 MiB, 0 %
2026/10/09 12:01:40.020, 1, NVIDIA GB300, 469.31 W, 245876 MiB, 100 %
2026/10/09 12:01:41.020, 0, NVIDIA RTX PRO 6000 Blackwell Max-Q Workstation Edition, 18.85 W, 47 MiB, 0 %
2026/10/09 12:01:41.020, 1, NVIDIA GB300, 454.87 W, 245876 MiB, 100 %

--- arm B short C1: short/power-<host>-short.csv, windows decode-c1-r1 12:02:34.256-12:03:04.900; decode-c1-r2 12:03:14.557-12:03:48.705; decode-c1-r3 12:03:58.452-12:04:27.349
2026/10/09 12:02:35.072, 0, NVIDIA RTX PRO 6000 Blackwell Max-Q Workstation Edition, 18.99 W, 47 MiB, 0 %
2026/10/09 12:02:35.072, 1, NVIDIA GB300, 230.15 W, 245876 MiB, 0 %
2026/10/09 12:02:36.072, 0, NVIDIA RTX PRO 6000 Blackwell Max-Q Workstation Edition, 19.20 W, 47 MiB, 0 %
2026/10/09 12:02:36.072, 1, NVIDIA GB300, 212.97 W, 245876 MiB, 0 %
2026/10/09 12:02:37.073, 0, NVIDIA RTX PRO 6000 Blackwell Max-Q Workstation Edition, 19.11 W, 47 MiB, 0 %
2026/10/09 12:02:37.073, 1, NVIDIA GB300, 212.59 W, 245876 MiB, 0 %
2026/10/09 12:02:38.073, 0, NVIDIA RTX PRO 6000 Blackwell Max-Q Workstation Edition, 19.22 W, 47 MiB, 0 %
2026/10/09 12:02:38.073, 1, NVIDIA GB300, 212.42 W, 245876 MiB, 0 %
2026/10/09 12:02:39.073, 0, NVIDIA RTX PRO 6000 Blackwell Max-Q Workstation Edition, 19.60 W, 47 MiB, 0 %
2026/10/09 12:02:39.073, 1, NVIDIA GB300, 212.19 W, 245876 MiB, 0 %
2026/10/09 12:02:40.073, 0, NVIDIA RTX PRO 6000 Blackwell Max-Q Workstation Edition, 21.64 W, 47 MiB, 0 %
2026/10/09 12:02:40.073, 1, NVIDIA GB300, 212.07 W, 245876 MiB, 0 %
2026/10/09 12:02:41.073, 0, NVIDIA RTX PRO 6000 Blackwell Max-Q Workstation Edition, 23.76 W, 47 MiB, 0 %
2026/10/09 12:02:41.073, 1, NVIDIA GB300, 211.86 W, 245876 MiB, 0 %
2026/10/09 12:02:42.073, 0, NVIDIA RTX PRO 6000 Blackwell Max-Q Workstation Edition, 19.71 W, 47 MiB, 0 %
2026/10/09 12:02:42.073, 1, NVIDIA GB300, 211.90 W, 245876 MiB, 0 %
2026/10/09 12:02:43.073, 0, NVIDIA RTX PRO 6000 Blackwell Max-Q Workstation Edition, 19.45 W, 47 MiB, 0 %
2026/10/09 12:02:43.073, 1, NVIDIA GB300, 211.90 W, 245876 MiB, 0 %
2026/10/09 12:02:44.073, 0, NVIDIA RTX PRO 6000 Blackwell Max-Q Workstation Edition, 19.59 W, 47 MiB, 0 %
2026/10/09 12:02:44.074, 1, NVIDIA GB300, 348.49 W, 245876 MiB, 100 %
2026/10/09 12:02:45.074, 0, NVIDIA RTX PRO 6000 Blackwell Max-Q Workstation Edition, 19.36 W, 47 MiB, 0 %
2026/10/09 12:02:45.074, 1, NVIDIA GB300, 426.93 W, 245876 MiB, 100 %
2026/10/09 12:02:46.074, 0, NVIDIA RTX PRO 6000 Blackwell Max-Q Workstation Edition, 19.00 W, 47 MiB, 0 %
2026/10/09 12:02:46.074, 1, NVIDIA GB300, 422.52 W, 245876 MiB, 100 %
2026/10/09 12:02:47.074, 0, NVIDIA RTX PRO 6000 Blackwell Max-Q Workstation Edition, 20.28 W, 47 MiB, 0 %
2026/10/09 12:02:47.074, 1, NVIDIA GB300, 424.56 W, 245876 MiB, 100 %
2026/10/09 12:02:48.074, 0, NVIDIA RTX PRO 6000 Blackwell Max-Q Workstation Edition, 22.68 W, 47 MiB, 0 %
2026/10/09 12:02:48.084, 1, NVIDIA GB300, 422.70 W, 245876 MiB, 100 %
2026/10/09 12:02:49.084, 0, NVIDIA RTX PRO 6000 Blackwell Max-Q Workstation Edition, 18.78 W, 47 MiB, 0 %
2026/10/09 12:02:49.084, 1, NVIDIA GB300, 426.74 W, 245876 MiB, 100 %
2026/10/09 12:02:50.084, 0, NVIDIA RTX PRO 6000 Blackwell Max-Q Workstation Edition, 18.55 W, 47 MiB, 0 %
2026/10/09 12:02:50.084, 1, NVIDIA GB300, 508.73 W, 245876 MiB, 100 %
2026/10/09 12:02:51.084, 0, NVIDIA RTX PRO 6000 Blackwell Max-Q Workstation Edition, 18.73 W, 47 MiB, 0 %
2026/10/09 12:02:51.084, 1, NVIDIA GB300, 516.34 W, 245876 MiB, 100 %
2026/10/09 12:02:52.084, 0, NVIDIA RTX PRO 6000 Blackwell Max-Q Workstation Edition, 18.81 W, 47 MiB, 0 %
2026/10/09 12:02:52.084, 1, NVIDIA GB300, 514.45 W, 245876 MiB, 100 %
2026/10/09 12:02:53.084, 0, NVIDIA RTX PRO 6000 Blackwell Max-Q Workstation Edition, 19.10 W, 47 MiB, 0 %
2026/10/09 12:02:53.096, 1, NVIDIA GB300, 500.03 W, 245876 MiB, 100 %
2026/10/09 12:02:54.096, 0, NVIDIA RTX PRO 6000 Blackwell Max-Q Workstation Edition, 20.27 W, 47 MiB, 0 %
2026/10/09 12:02:54.096, 1, NVIDIA GB300, 499.44 W, 245876 MiB, 100 %
2026/10/09 12:02:55.096, 0, NVIDIA RTX PRO 6000 Blackwell Max-Q Workstation Edition, 22.96 W, 47 MiB, 0 %
2026/10/09 12:02:55.096, 1, NVIDIA GB300, 498.81 W, 245876 MiB, 100 %
2026/10/09 12:02:56.096, 0, NVIDIA RTX PRO 6000 Blackwell Max-Q Workstation Edition, 18.92 W, 47 MiB, 0 %
2026/10/09 12:02:56.096, 1, NVIDIA GB300, 485.12 W, 245876 MiB, 100 %
2026/10/09 12:02:57.097, 0, NVIDIA RTX PRO 6000 Blackwell Max-Q Workstation Edition, 18.61 W, 47 MiB, 0 %
2026/10/09 12:02:57.097, 1, NVIDIA GB300, 437.24 W, 245876 MiB, 97 %
2026/10/09 12:02:58.097, 0, NVIDIA RTX PRO 6000 Blackwell Max-Q Workstation Edition, 18.66 W, 47 MiB, 0 %
2026/10/09 12:02:58.097, 1, NVIDIA GB300, 424.44 W, 245876 MiB, 100 %
2026/10/09 12:02:59.097, 0, NVIDIA RTX PRO 6000 Blackwell Max-Q Workstation Edition, 18.65 W, 47 MiB, 0 %
2026/10/09 12:02:59.097, 1, NVIDIA GB300, 419.11 W, 245876 MiB, 100 %
2026/10/09 12:03:00.097, 0, NVIDIA RTX PRO 6000 Blackwell Max-Q Workstation Edition, 18.87 W, 47 MiB, 0 %
2026/10/09 12:03:00.097, 1, NVIDIA GB300, 401.73 W, 245876 MiB, 100 %
2026/10/09 12:03:01.097, 0, NVIDIA RTX PRO 6000 Blackwell Max-Q Workstation Edition, 19.75 W, 47 MiB, 0 %
2026/10/09 12:03:01.097, 1, NVIDIA GB300, 409.87 W, 245876 MiB, 100 %
2026/10/09 12:03:02.097, 0, NVIDIA RTX PRO 6000 Blackwell Max-Q Workstation Edition, 23.09 W, 47 MiB, 0 %
2026/10/09 12:03:02.097, 1, NVIDIA GB300, 416.13 W, 245876 MiB, 100 %
2026/10/09 12:03:03.097, 0, NVIDIA RTX PRO 6000 Blackwell Max-Q Workstation Edition, 18.73 W, 47 MiB, 0 %
2026/10/09 12:03:03.097, 1, NVIDIA GB300, 408.77 W, 245876 MiB, 100 %
2026/10/09 12:03:04.097, 0, NVIDIA RTX PRO 6000 Blackwell Max-Q Workstation Edition, 18.66 W, 47 MiB, 0 %
2026/10/09 12:03:04.097, 1, NVIDIA GB300, 412.84 W, 245876 MiB, 100 %
2026/10/09 12:03:15.099, 0, NVIDIA RTX PRO 6000 Blackwell Max-Q Workstation Edition, 19.41 W, 47 MiB, 0 %
2026/10/09 12:03:15.099, 1, NVIDIA GB300, 295.96 W, 245876 MiB, 0 %
2026/10/09 12:03:16.099, 0, NVIDIA RTX PRO 6000 Blackwell Max-Q Workstation Edition, 23.38 W, 47 MiB, 0 %
2026/10/09 12:03:16.099, 1, NVIDIA GB300, 212.70 W, 245876 MiB, 0 %
2026/10/09 12:03:17.099, 0, NVIDIA RTX PRO 6000 Blackwell Max-Q Workstation Edition, 20.13 W, 47 MiB, 0 %
2026/10/09 12:03:17.099, 1, NVIDIA GB300, 212.35 W, 245876 MiB, 0 %
2026/10/09 12:03:18.099, 0, NVIDIA RTX PRO 6000 Blackwell Max-Q Workstation Edition, 19.37 W, 47 MiB, 0 %
2026/10/09 12:03:18.099, 1, NVIDIA GB300, 212.35 W, 245876 MiB, 0 %
2026/10/09 12:03:19.099, 0, NVIDIA RTX PRO 6000 Blackwell Max-Q Workstation Edition, 19.50 W, 47 MiB, 0 %
2026/10/09 12:03:19.099, 1, NVIDIA GB300, 212.29 W, 245876 MiB, 0 %
2026/10/09 12:03:20.099, 0, NVIDIA RTX PRO 6000 Blackwell Max-Q Workstation Edition, 19.40 W, 47 MiB, 0 %
2026/10/09 12:03:20.100, 1, NVIDIA GB300, 211.95 W, 245876 MiB, 0 %
2026/10/09 12:03:21.100, 0, NVIDIA RTX PRO 6000 Blackwell Max-Q Workstation Edition, 19.66 W, 47 MiB, 0 %
2026/10/09 12:03:21.100, 1, NVIDIA GB300, 212.05 W, 245876 MiB, 0 %
2026/10/09 12:03:22.100, 0, NVIDIA RTX PRO 6000 Blackwell Max-Q Workstation Edition, 19.64 W, 47 MiB, 0 %
2026/10/09 12:03:22.100, 1, NVIDIA GB300, 212.01 W, 245876 MiB, 0 %
2026/10/09 12:03:23.100, 0, NVIDIA RTX PRO 6000 Blackwell Max-Q Workstation Edition, 21.85 W, 47 MiB, 0 %
2026/10/09 12:03:23.100, 1, NVIDIA GB300, 212.01 W, 245876 MiB, 0 %
2026/10/09 12:03:24.100, 0, NVIDIA RTX PRO 6000 Blackwell Max-Q Workstation Edition, 24.19 W, 47 MiB, 0 %
2026/10/09 12:03:24.100, 1, NVIDIA GB300, 288.39 W, 245876 MiB, 92 %
2026/10/09 12:03:25.100, 0, NVIDIA RTX PRO 6000 Blackwell Max-Q Workstation Edition, 19.30 W, 47 MiB, 0 %
2026/10/09 12:03:25.100, 1, NVIDIA GB300, 454.83 W, 245876 MiB, 100 %
2026/10/09 12:03:26.100, 0, NVIDIA RTX PRO 6000 Blackwell Max-Q Workstation Edition, 19.09 W, 47 MiB, 0 %
2026/10/09 12:03:26.100, 1, NVIDIA GB300, 452.74 W, 245876 MiB, 100 %
2026/10/09 12:03:27.100, 0, NVIDIA RTX PRO 6000 Blackwell Max-Q Workstation Edition, 18.85 W, 47 MiB, 0 %
2026/10/09 12:03:27.100, 1, NVIDIA GB300, 451.61 W, 245876 MiB, 100 %
2026/10/09 12:03:28.100, 0, NVIDIA RTX PRO 6000 Blackwell Max-Q Workstation Edition, 18.73 W, 47 MiB, 0 %
2026/10/09 12:03:28.100, 1, NVIDIA GB300, 442.15 W, 245876 MiB, 100 %
2026/10/09 12:03:29.101, 0, NVIDIA RTX PRO 6000 Blackwell Max-Q Workstation Edition, 18.92 W, 47 MiB, 0 %
2026/10/09 12:03:29.101, 1, NVIDIA GB300, 446.00 W, 245876 MiB, 100 %
2026/10/09 12:03:30.101, 0, NVIDIA RTX PRO 6000 Blackwell Max-Q Workstation Edition, 20.98 W, 47 MiB, 0 %
2026/10/09 12:03:30.101, 1, NVIDIA GB300, 450.52 W, 245876 MiB, 100 %
2026/10/09 12:03:31.101, 0, NVIDIA RTX PRO 6000 Blackwell Max-Q Workstation Edition, 23.43 W, 47 MiB, 0 %
2026/10/09 12:03:31.101, 1, NVIDIA GB300, 465.32 W, 245876 MiB, 100 %
2026/10/09 12:03:32.101, 0, NVIDIA RTX PRO 6000 Blackwell Max-Q Workstation Edition, 19.24 W, 47 MiB, 0 %
2026/10/09 12:03:32.101, 1, NVIDIA GB300, 457.19 W, 245876 MiB, 100 %
2026/10/09 12:03:33.101, 0, NVIDIA RTX PRO 6000 Blackwell Max-Q Workstation Edition, 19.06 W, 47 MiB, 0 %
2026/10/09 12:03:33.101, 1, NVIDIA GB300, 454.24 W, 245876 MiB, 100 %
2026/10/09 12:03:34.101, 0, NVIDIA RTX PRO 6000 Blackwell Max-Q Workstation Edition, 18.87 W, 47 MiB, 0 %
2026/10/09 12:03:34.101, 1, NVIDIA GB300, 461.90 W, 245876 MiB, 100 %
2026/10/09 12:03:35.101, 0, NVIDIA RTX PRO 6000 Blackwell Max-Q Workstation Edition, 18.74 W, 47 MiB, 0 %
2026/10/09 12:03:35.101, 1, NVIDIA GB300, 450.36 W, 245876 MiB, 100 %
2026/10/09 12:03:36.101, 0, NVIDIA RTX PRO 6000 Blackwell Max-Q Workstation Edition, 18.76 W, 47 MiB, 0 %
2026/10/09 12:03:36.101, 1, NVIDIA GB300, 443.76 W, 245876 MiB, 100 %
2026/10/09 12:03:37.101, 0, NVIDIA RTX PRO 6000 Blackwell Max-Q Workstation Edition, 20.08 W, 47 MiB, 0 %
2026/10/09 12:03:37.101, 1, NVIDIA GB300, 436.60 W, 245876 MiB, 100 %
2026/10/09 12:03:38.101, 0, NVIDIA RTX PRO 6000 Blackwell Max-Q Workstation Edition, 22.66 W, 47 MiB, 0 %
2026/10/09 12:03:38.101, 1, NVIDIA GB300, 428.93 W, 245876 MiB, 100 %
2026/10/09 12:03:39.101, 0, NVIDIA RTX PRO 6000 Blackwell Max-Q Workstation Edition, 18.78 W, 47 MiB, 0 %
2026/10/09 12:03:39.101, 1, NVIDIA GB300, 436.35 W, 245876 MiB, 100 %
2026/10/09 12:03:40.102, 0, NVIDIA RTX PRO 6000 Blackwell Max-Q Workstation Edition, 18.59 W, 47 MiB, 0 %
2026/10/09 12:03:40.102, 1, NVIDIA GB300, 435.37 W, 245876 MiB, 100 %
2026/10/09 12:03:41.102, 0, NVIDIA RTX PRO 6000 Blackwell Max-Q Workstation Edition, 18.72 W, 47 MiB, 0 %
2026/10/09 12:03:41.102, 1, NVIDIA GB300, 437.68 W, 245876 MiB, 100 %
2026/10/09 12:03:42.102, 0, NVIDIA RTX PRO 6000 Blackwell Max-Q Workstation Edition, 18.90 W, 47 MiB, 0 %
2026/10/09 12:03:42.102, 1, NVIDIA GB300, 442.66 W, 245876 MiB, 100 %
2026/10/09 12:03:43.102, 0, NVIDIA RTX PRO 6000 Blackwell Max-Q Workstation Edition, 18.89 W, 47 MiB, 0 %
2026/10/09 12:03:43.102, 1, NVIDIA GB300, 419.12 W, 245876 MiB, 100 %
2026/10/09 12:03:44.102, 0, NVIDIA RTX PRO 6000 Blackwell Max-Q Workstation Edition, 20.42 W, 47 MiB, 0 %
2026/10/09 12:03:44.102, 1, NVIDIA GB300, 426.28 W, 245876 MiB, 100 %
2026/10/09 12:03:45.102, 0, NVIDIA RTX PRO 6000 Blackwell Max-Q Workstation Edition, 23.20 W, 47 MiB, 0 %
2026/10/09 12:03:45.102, 1, NVIDIA GB300, 425.40 W, 245876 MiB, 100 %
2026/10/09 12:03:46.102, 0, NVIDIA RTX PRO 6000 Blackwell Max-Q Workstation Edition, 19.08 W, 47 MiB, 0 %
2026/10/09 12:03:46.102, 1, NVIDIA GB300, 431.66 W, 245876 MiB, 100 %
2026/10/09 12:03:47.102, 0, NVIDIA RTX PRO 6000 Blackwell Max-Q Workstation Edition, 19.12 W, 47 MiB, 0 %
2026/10/09 12:03:47.102, 1, NVIDIA GB300, 425.42 W, 245876 MiB, 100 %
2026/10/09 12:03:48.102, 0, NVIDIA RTX PRO 6000 Blackwell Max-Q Workstation Edition, 19.00 W, 47 MiB, 0 %
2026/10/09 12:03:48.103, 1, NVIDIA GB300, 429.22 W, 245876 MiB, 100 %
2026/10/09 12:03:59.104, 0, NVIDIA RTX PRO 6000 Blackwell Max-Q Workstation Edition, 24.03 W, 47 MiB, 0 %
2026/10/09 12:03:59.104, 1, NVIDIA GB300, 273.07 W, 245876 MiB, 0 %
2026/10/09 12:04:00.104, 0, NVIDIA RTX PRO 6000 Blackwell Max-Q Workstation Edition, 20.42 W, 47 MiB, 0 %
2026/10/09 12:04:00.104, 1, NVIDIA GB300, 213.01 W, 245876 MiB, 0 %
2026/10/09 12:04:01.104, 0, NVIDIA RTX PRO 6000 Blackwell Max-Q Workstation Edition, 19.89 W, 47 MiB, 0 %
2026/10/09 12:04:01.104, 1, NVIDIA GB300, 212.71 W, 245876 MiB, 0 %
2026/10/09 12:04:02.104, 0, NVIDIA RTX PRO 6000 Blackwell Max-Q Workstation Edition, 19.94 W, 47 MiB, 0 %
2026/10/09 12:04:02.104, 1, NVIDIA GB300, 212.58 W, 245876 MiB, 0 %
2026/10/09 12:04:03.104, 0, NVIDIA RTX PRO 6000 Blackwell Max-Q Workstation Edition, 20.16 W, 47 MiB, 0 %
2026/10/09 12:04:03.104, 1, NVIDIA GB300, 212.58 W, 245876 MiB, 0 %
2026/10/09 12:04:04.104, 0, NVIDIA RTX PRO 6000 Blackwell Max-Q Workstation Edition, 19.94 W, 47 MiB, 0 %
2026/10/09 12:04:04.105, 1, NVIDIA GB300, 212.43 W, 245876 MiB, 0 %
2026/10/09 12:04:05.105, 0, NVIDIA RTX PRO 6000 Blackwell Max-Q Workstation Edition, 20.08 W, 47 MiB, 0 %
2026/10/09 12:04:05.105, 1, NVIDIA GB300, 212.35 W, 245876 MiB, 0 %
2026/10/09 12:04:06.105, 0, NVIDIA RTX PRO 6000 Blackwell Max-Q Workstation Edition, 24.40 W, 47 MiB, 0 %
2026/10/09 12:04:06.105, 1, NVIDIA GB300, 212.46 W, 245876 MiB, 0 %
2026/10/09 12:04:07.105, 0, NVIDIA RTX PRO 6000 Blackwell Max-Q Workstation Edition, 24.50 W, 47 MiB, 0 %
2026/10/09 12:04:07.105, 1, NVIDIA GB300, 212.32 W, 245876 MiB, 0 %
2026/10/09 12:04:08.105, 0, NVIDIA RTX PRO 6000 Blackwell Max-Q Workstation Edition, 20.77 W, 47 MiB, 0 %
2026/10/09 12:04:08.105, 1, NVIDIA GB300, 302.39 W, 245876 MiB, 100 %
2026/10/09 12:04:09.105, 0, NVIDIA RTX PRO 6000 Blackwell Max-Q Workstation Edition, 19.77 W, 47 MiB, 0 %
2026/10/09 12:04:09.105, 1, NVIDIA GB300, 431.24 W, 245876 MiB, 100 %
2026/10/09 12:04:10.105, 0, NVIDIA RTX PRO 6000 Blackwell Max-Q Workstation Edition, 19.26 W, 47 MiB, 0 %
2026/10/09 12:04:10.105, 1, NVIDIA GB300, 458.15 W, 245876 MiB, 100 %
2026/10/09 12:04:11.105, 0, NVIDIA RTX PRO 6000 Blackwell Max-Q Workstation Edition, 19.35 W, 47 MiB, 0 %
2026/10/09 12:04:11.105, 1, NVIDIA GB300, 475.50 W, 245876 MiB, 100 %
2026/10/09 12:04:12.105, 0, NVIDIA RTX PRO 6000 Blackwell Max-Q Workstation Edition, 19.40 W, 47 MiB, 0 %
2026/10/09 12:04:12.105, 1, NVIDIA GB300, 476.76 W, 245876 MiB, 100 %
2026/10/09 12:04:13.106, 0, NVIDIA RTX PRO 6000 Blackwell Max-Q Workstation Edition, 21.26 W, 47 MiB, 0 %
2026/10/09 12:04:13.106, 1, NVIDIA GB300, 469.27 W, 245876 MiB, 100 %
2026/10/09 12:04:14.106, 0, NVIDIA RTX PRO 6000 Blackwell Max-Q Workstation Edition, 23.82 W, 47 MiB, 0 %
2026/10/09 12:04:14.106, 1, NVIDIA GB300, 465.69 W, 245876 MiB, 100 %
2026/10/09 12:04:15.106, 0, NVIDIA RTX PRO 6000 Blackwell Max-Q Workstation Edition, 19.84 W, 47 MiB, 0 %
2026/10/09 12:04:15.106, 1, NVIDIA GB300, 464.70 W, 245876 MiB, 100 %
2026/10/09 12:04:16.106, 0, NVIDIA RTX PRO 6000 Blackwell Max-Q Workstation Edition, 19.62 W, 47 MiB, 0 %
2026/10/09 12:04:16.106, 1, NVIDIA GB300, 479.27 W, 245876 MiB, 100 %
2026/10/09 12:04:17.106, 0, NVIDIA RTX PRO 6000 Blackwell Max-Q Workstation Edition, 19.56 W, 47 MiB, 0 %
2026/10/09 12:04:17.106, 1, NVIDIA GB300, 475.73 W, 245876 MiB, 100 %
2026/10/09 12:04:18.106, 0, NVIDIA RTX PRO 6000 Blackwell Max-Q Workstation Edition, 19.52 W, 47 MiB, 0 %
2026/10/09 12:04:18.106, 1, NVIDIA GB300, 478.55 W, 245876 MiB, 100 %
2026/10/09 12:04:19.106, 0, NVIDIA RTX PRO 6000 Blackwell Max-Q Workstation Edition, 19.48 W, 47 MiB, 0 %
2026/10/09 12:04:19.106, 1, NVIDIA GB300, 469.49 W, 245876 MiB, 100 %
2026/10/09 12:04:20.106, 0, NVIDIA RTX PRO 6000 Blackwell Max-Q Workstation Edition, 20.88 W, 47 MiB, 0 %
2026/10/09 12:04:20.116, 1, NVIDIA GB300, 459.44 W, 245876 MiB, 100 %
2026/10/09 12:04:21.116, 0, NVIDIA RTX PRO 6000 Blackwell Max-Q Workstation Edition, 23.43 W, 47 MiB, 0 %
2026/10/09 12:04:21.116, 1, NVIDIA GB300, 443.68 W, 245876 MiB, 100 %
2026/10/09 12:04:22.116, 0, NVIDIA RTX PRO 6000 Blackwell Max-Q Workstation Edition, 19.53 W, 47 MiB, 0 %
2026/10/09 12:04:22.116, 1, NVIDIA GB300, 444.76 W, 245876 MiB, 100 %
2026/10/09 12:04:23.116, 0, NVIDIA RTX PRO 6000 Blackwell Max-Q Workstation Edition, 19.19 W, 47 MiB, 0 %
2026/10/09 12:04:23.116, 1, NVIDIA GB300, 432.95 W, 245876 MiB, 100 %
2026/10/09 12:04:24.116, 0, NVIDIA RTX PRO 6000 Blackwell Max-Q Workstation Edition, 19.22 W, 47 MiB, 0 %
2026/10/09 12:04:24.116, 1, NVIDIA GB300, 442.51 W, 245876 MiB, 94 %
2026/10/09 12:04:25.116, 0, NVIDIA RTX PRO 6000 Blackwell Max-Q Workstation Edition, 18.97 W, 47 MiB, 0 %
2026/10/09 12:04:25.116, 1, NVIDIA GB300, 509.17 W, 245876 MiB, 100 %
2026/10/09 12:04:26.117, 0, NVIDIA RTX PRO 6000 Blackwell Max-Q Workstation Edition, 19.35 W, 47 MiB, 0 %
2026/10/09 12:04:26.117, 1, NVIDIA GB300, 507.80 W, 245876 MiB, 100 %
2026/10/09 12:04:27.117, 0, NVIDIA RTX PRO 6000 Blackwell Max-Q Workstation Edition, 20.50 W, 47 MiB, 0 %
2026/10/09 12:04:27.117, 1, NVIDIA GB300, 503.60 W, 245876 MiB, 100 %

--- arm B short C16: short/power-<host>-short.csv, windows decode-c16-r1 12:04:59.229-12:06:59.105
2026/10/09 12:05:00.120, 0, NVIDIA RTX PRO 6000 Blackwell Max-Q Workstation Edition, 19.07 W, 47 MiB, 0 %
2026/10/09 12:05:00.120, 1, NVIDIA GB300, 237.99 W, 245876 MiB, 0 %
2026/10/09 12:05:01.121, 0, NVIDIA RTX PRO 6000 Blackwell Max-Q Workstation Edition, 19.52 W, 47 MiB, 0 %
2026/10/09 12:05:01.121, 1, NVIDIA GB300, 212.47 W, 245876 MiB, 0 %
2026/10/09 12:05:02.121, 0, NVIDIA RTX PRO 6000 Blackwell Max-Q Workstation Edition, 19.59 W, 47 MiB, 0 %
2026/10/09 12:05:02.121, 1, NVIDIA GB300, 211.76 W, 245876 MiB, 0 %
2026/10/09 12:05:03.121, 0, NVIDIA RTX PRO 6000 Blackwell Max-Q Workstation Edition, 20.99 W, 47 MiB, 0 %
2026/10/09 12:05:03.121, 1, NVIDIA GB300, 211.59 W, 245876 MiB, 0 %
2026/10/09 12:05:04.121, 0, NVIDIA RTX PRO 6000 Blackwell Max-Q Workstation Edition, 23.27 W, 47 MiB, 0 %
2026/10/09 12:05:04.121, 1, NVIDIA GB300, 211.52 W, 245876 MiB, 0 %
2026/10/09 12:05:05.121, 0, NVIDIA RTX PRO 6000 Blackwell Max-Q Workstation Edition, 19.36 W, 47 MiB, 0 %
2026/10/09 12:05:05.121, 1, NVIDIA GB300, 211.32 W, 245876 MiB, 0 %
2026/10/09 12:05:06.121, 0, NVIDIA RTX PRO 6000 Blackwell Max-Q Workstation Edition, 19.33 W, 47 MiB, 0 %
2026/10/09 12:05:06.121, 1, NVIDIA GB300, 211.37 W, 245876 MiB, 0 %
2026/10/09 12:05:07.121, 0, NVIDIA RTX PRO 6000 Blackwell Max-Q Workstation Edition, 19.42 W, 47 MiB, 0 %
2026/10/09 12:05:07.121, 1, NVIDIA GB300, 211.32 W, 245876 MiB, 0 %
2026/10/09 12:05:08.121, 0, NVIDIA RTX PRO 6000 Blackwell Max-Q Workstation Edition, 19.56 W, 47 MiB, 0 %
2026/10/09 12:05:08.121, 1, NVIDIA GB300, 211.49 W, 245876 MiB, 0 %
2026/10/09 12:05:09.121, 0, NVIDIA RTX PRO 6000 Blackwell Max-Q Workstation Edition, 19.37 W, 47 MiB, 0 %
2026/10/09 12:05:09.122, 1, NVIDIA GB300, 395.71 W, 245876 MiB, 100 %
2026/10/09 12:05:10.122, 0, NVIDIA RTX PRO 6000 Blackwell Max-Q Workstation Edition, 19.60 W, 47 MiB, 0 %
2026/10/09 12:05:10.122, 1, NVIDIA GB300, 458.17 W, 245876 MiB, 100 %
2026/10/09 12:05:11.122, 0, NVIDIA RTX PRO 6000 Blackwell Max-Q Workstation Edition, 22.79 W, 47 MiB, 0 %
2026/10/09 12:05:11.122, 1, NVIDIA GB300, 461.42 W, 245876 MiB, 100 %
2026/10/09 12:05:12.122, 0, NVIDIA RTX PRO 6000 Blackwell Max-Q Workstation Edition, 17.91 W, 47 MiB, 0 %
2026/10/09 12:05:12.122, 1, NVIDIA GB300, 456.60 W, 245876 MiB, 100 %
2026/10/09 12:05:13.122, 0, NVIDIA RTX PRO 6000 Blackwell Max-Q Workstation Edition, 18.03 W, 47 MiB, 0 %
2026/10/09 12:05:13.122, 1, NVIDIA GB300, 464.14 W, 245876 MiB, 100 %
2026/10/09 12:05:14.122, 0, NVIDIA RTX PRO 6000 Blackwell Max-Q Workstation Edition, 18.53 W, 47 MiB, 0 %
2026/10/09 12:05:14.122, 1, NVIDIA GB300, 454.22 W, 245876 MiB, 100 %
2026/10/09 12:05:15.122, 0, NVIDIA RTX PRO 6000 Blackwell Max-Q Workstation Edition, 18.41 W, 47 MiB, 0 %
2026/10/09 12:05:15.122, 1, NVIDIA GB300, 453.29 W, 245876 MiB, 100 %
2026/10/09 12:05:16.122, 0, NVIDIA RTX PRO 6000 Blackwell Max-Q Workstation Edition, 18.56 W, 47 MiB, 0 %
2026/10/09 12:05:16.122, 1, NVIDIA GB300, 451.85 W, 245876 MiB, 100 %
2026/10/09 12:05:17.122, 0, NVIDIA RTX PRO 6000 Blackwell Max-Q Workstation Edition, 19.34 W, 47 MiB, 0 %
2026/10/09 12:05:17.122, 1, NVIDIA GB300, 454.62 W, 245876 MiB, 100 %
2026/10/09 12:05:18.123, 0, NVIDIA RTX PRO 6000 Blackwell Max-Q Workstation Edition, 23.08 W, 47 MiB, 0 %
2026/10/09 12:05:18.123, 1, NVIDIA GB300, 461.19 W, 245876 MiB, 100 %
2026/10/09 12:05:19.123, 0, NVIDIA RTX PRO 6000 Blackwell Max-Q Workstation Edition, 18.73 W, 47 MiB, 0 %
2026/10/09 12:05:19.123, 1, NVIDIA GB300, 460.15 W, 245876 MiB, 100 %
2026/10/09 12:05:20.123, 0, NVIDIA RTX PRO 6000 Blackwell Max-Q Workstation Edition, 18.62 W, 47 MiB, 0 %
2026/10/09 12:05:20.123, 1, NVIDIA GB300, 457.46 W, 245876 MiB, 100 %
2026/10/09 12:05:21.123, 0, NVIDIA RTX PRO 6000 Blackwell Max-Q Workstation Edition, 18.33 W, 47 MiB, 0 %
2026/10/09 12:05:21.123, 1, NVIDIA GB300, 475.30 W, 245876 MiB, 100 %
2026/10/09 12:05:22.123, 0, NVIDIA RTX PRO 6000 Blackwell Max-Q Workstation Edition, 18.42 W, 47 MiB, 0 %
2026/10/09 12:05:22.123, 1, NVIDIA GB300, 478.06 W, 245876 MiB, 100 %
2026/10/09 12:05:23.123, 0, NVIDIA RTX PRO 6000 Blackwell Max-Q Workstation Edition, 18.48 W, 47 MiB, 0 %
2026/10/09 12:05:23.123, 1, NVIDIA GB300, 476.80 W, 245876 MiB, 100 %
2026/10/09 12:05:24.123, 0, NVIDIA RTX PRO 6000 Blackwell Max-Q Workstation Edition, 18.64 W, 47 MiB, 0 %
2026/10/09 12:05:24.123, 1, NVIDIA GB300, 491.23 W, 245876 MiB, 100 %
2026/10/09 12:05:25.123, 0, NVIDIA RTX PRO 6000 Blackwell Max-Q Workstation Edition, 22.74 W, 47 MiB, 0 %
2026/10/09 12:05:25.123, 1, NVIDIA GB300, 470.37 W, 245876 MiB, 100 %
2026/10/09 12:05:26.123, 0, NVIDIA RTX PRO 6000 Blackwell Max-Q Workstation Edition, 18.53 W, 47 MiB, 0 %
2026/10/09 12:05:26.123, 1, NVIDIA GB300, 481.21 W, 245876 MiB, 100 %
2026/10/09 12:05:27.123, 0, NVIDIA RTX PRO 6000 Blackwell Max-Q Workstation Edition, 18.56 W, 47 MiB, 0 %
2026/10/09 12:05:27.123, 1, NVIDIA GB300, 477.40 W, 245876 MiB, 100 %
2026/10/09 12:05:28.124, 0, NVIDIA RTX PRO 6000 Blackwell Max-Q Workstation Edition, 18.54 W, 47 MiB, 0 %
2026/10/09 12:05:28.124, 1, NVIDIA GB300, 476.36 W, 245876 MiB, 100 %
2026/10/09 12:05:29.124, 0, NVIDIA RTX PRO 6000 Blackwell Max-Q Workstation Edition, 18.42 W, 47 MiB, 0 %
2026/10/09 12:05:29.124, 1, NVIDIA GB300, 474.67 W, 245876 MiB, 100 %
2026/10/09 12:05:30.124, 0, NVIDIA RTX PRO 6000 Blackwell Max-Q Workstation Edition, 18.27 W, 47 MiB, 0 %
2026/10/09 12:05:30.134, 1, NVIDIA GB300, 475.63 W, 245876 MiB, 100 %
2026/10/09 12:05:31.134, 0, NVIDIA RTX PRO 6000 Blackwell Max-Q Workstation Edition, 18.26 W, 47 MiB, 0 %
2026/10/09 12:05:31.134, 1, NVIDIA GB300, 469.65 W, 245876 MiB, 100 %
2026/10/09 12:05:32.134, 0, NVIDIA RTX PRO 6000 Blackwell Max-Q Workstation Edition, 23.17 W, 47 MiB, 0 %
2026/10/09 12:05:32.134, 1, NVIDIA GB300, 479.83 W, 245876 MiB, 100 %
2026/10/09 12:05:33.134, 0, NVIDIA RTX PRO 6000 Blackwell Max-Q Workstation Edition, 23.31 W, 47 MiB, 0 %
2026/10/09 12:05:33.134, 1, NVIDIA GB300, 484.49 W, 245876 MiB, 100 %
2026/10/09 12:05:34.134, 0, NVIDIA RTX PRO 6000 Blackwell Max-Q Workstation Edition, 18.55 W, 47 MiB, 0 %
2026/10/09 12:05:34.134, 1, NVIDIA GB300, 484.69 W, 245876 MiB, 100 %
2026/10/09 12:05:35.134, 0, NVIDIA RTX PRO 6000 Blackwell Max-Q Workstation Edition, 18.46 W, 47 MiB, 0 %
2026/10/09 12:05:35.134, 1, NVIDIA GB300, 476.00 W, 245876 MiB, 100 %
2026/10/09 12:05:36.134, 0, NVIDIA RTX PRO 6000 Blackwell Max-Q Workstation Edition, 18.43 W, 47 MiB, 0 %
2026/10/09 12:05:36.134, 1, NVIDIA GB300, 478.37 W, 245876 MiB, 100 %
2026/10/09 12:05:37.134, 0, NVIDIA RTX PRO 6000 Blackwell Max-Q Workstation Edition, 18.91 W, 47 MiB, 0 %
2026/10/09 12:05:37.134, 1, NVIDIA GB300, 474.34 W, 245876 MiB, 100 %
2026/10/09 12:05:38.134, 0, NVIDIA RTX PRO 6000 Blackwell Max-Q Workstation Edition, 18.90 W, 47 MiB, 0 %
2026/10/09 12:05:38.134, 1, NVIDIA GB300, 481.08 W, 245876 MiB, 100 %
2026/10/09 12:05:39.135, 0, NVIDIA RTX PRO 6000 Blackwell Max-Q Workstation Edition, 20.89 W, 47 MiB, 0 %
2026/10/09 12:05:39.135, 1, NVIDIA GB300, 484.65 W, 245876 MiB, 100 %
2026/10/09 12:05:40.135, 0, NVIDIA RTX PRO 6000 Blackwell Max-Q Workstation Edition, 23.46 W, 47 MiB, 0 %
2026/10/09 12:05:40.135, 1, NVIDIA GB300, 486.36 W, 245876 MiB, 100 %
2026/10/09 12:05:41.135, 0, NVIDIA RTX PRO 6000 Blackwell Max-Q Workstation Edition, 19.10 W, 47 MiB, 0 %
2026/10/09 12:05:41.135, 1, NVIDIA GB300, 481.96 W, 245876 MiB, 100 %
2026/10/09 12:05:42.135, 0, NVIDIA RTX PRO 6000 Blackwell Max-Q Workstation Edition, 18.45 W, 47 MiB, 0 %
2026/10/09 12:05:42.135, 1, NVIDIA GB300, 482.50 W, 245876 MiB, 100 %
2026/10/09 12:05:43.135, 0, NVIDIA RTX PRO 6000 Blackwell Max-Q Workstation Edition, 18.42 W, 47 MiB, 0 %
2026/10/09 12:05:43.135, 1, NVIDIA GB300, 469.89 W, 245876 MiB, 100 %
2026/10/09 12:05:44.135, 0, NVIDIA RTX PRO 6000 Blackwell Max-Q Workstation Edition, 18.35 W, 47 MiB, 0 %
2026/10/09 12:05:44.135, 1, NVIDIA GB300, 473.57 W, 245876 MiB, 100 %
2026/10/09 12:05:45.135, 0, NVIDIA RTX PRO 6000 Blackwell Max-Q Workstation Edition, 18.28 W, 47 MiB, 0 %
2026/10/09 12:05:45.135, 1, NVIDIA GB300, 478.91 W, 245876 MiB, 100 %
2026/10/09 12:05:46.135, 0, NVIDIA RTX PRO 6000 Blackwell Max-Q Workstation Edition, 20.24 W, 47 MiB, 0 %
2026/10/09 12:05:46.135, 1, NVIDIA GB300, 485.39 W, 245876 MiB, 100 %
2026/10/09 12:05:47.135, 0, NVIDIA RTX PRO 6000 Blackwell Max-Q Workstation Edition, 23.09 W, 47 MiB, 0 %
2026/10/09 12:05:47.135, 1, NVIDIA GB300, 472.76 W, 245876 MiB, 89 %
2026/10/09 12:05:48.135, 0, NVIDIA RTX PRO 6000 Blackwell Max-Q Workstation Edition, 19.23 W, 47 MiB, 0 %
2026/10/09 12:05:48.135, 1, NVIDIA GB300, 469.86 W, 245876 MiB, 100 %
2026/10/09 12:05:49.135, 0, NVIDIA RTX PRO 6000 Blackwell Max-Q Workstation Edition, 19.07 W, 47 MiB, 0 %
2026/10/09 12:05:49.135, 1, NVIDIA GB300, 470.02 W, 245876 MiB, 100 %
2026/10/09 12:05:50.136, 0, NVIDIA RTX PRO 6000 Blackwell Max-Q Workstation Edition, 18.79 W, 47 MiB, 0 %
2026/10/09 12:05:50.136, 1, NVIDIA GB300, 477.31 W, 245876 MiB, 100 %
2026/10/09 12:05:51.136, 0, NVIDIA RTX PRO 6000 Blackwell Max-Q Workstation Edition, 18.76 W, 47 MiB, 0 %
2026/10/09 12:05:51.136, 1, NVIDIA GB300, 482.11 W, 245876 MiB, 100 %
2026/10/09 12:05:52.136, 0, NVIDIA RTX PRO 6000 Blackwell Max-Q Workstation Edition, 18.48 W, 47 MiB, 0 %
2026/10/09 12:05:52.136, 1, NVIDIA GB300, 478.09 W, 245876 MiB, 100 %
2026/10/09 12:05:53.136, 0, NVIDIA RTX PRO 6000 Blackwell Max-Q Workstation Edition, 20.13 W, 47 MiB, 0 %
2026/10/09 12:05:53.136, 1, NVIDIA GB300, 476.51 W, 245876 MiB, 100 %
2026/10/09 12:05:54.136, 0, NVIDIA RTX PRO 6000 Blackwell Max-Q Workstation Edition, 23.34 W, 47 MiB, 0 %
2026/10/09 12:05:54.136, 1, NVIDIA GB300, 469.52 W, 245876 MiB, 100 %
2026/10/09 12:05:55.136, 0, NVIDIA RTX PRO 6000 Blackwell Max-Q Workstation Edition, 18.61 W, 47 MiB, 0 %
2026/10/09 12:05:55.136, 1, NVIDIA GB300, 472.78 W, 245876 MiB, 100 %
2026/10/09 12:05:56.136, 0, NVIDIA RTX PRO 6000 Blackwell Max-Q Workstation Edition, 18.55 W, 47 MiB, 0 %
2026/10/09 12:05:56.136, 1, NVIDIA GB300, 474.72 W, 245876 MiB, 100 %
2026/10/09 12:05:57.136, 0, NVIDIA RTX PRO 6000 Blackwell Max-Q Workstation Edition, 18.30 W, 47 MiB, 0 %
2026/10/09 12:05:57.136, 1, NVIDIA GB300, 472.60 W, 245876 MiB, 100 %
2026/10/09 12:05:58.136, 0, NVIDIA RTX PRO 6000 Blackwell Max-Q Workstation Edition, 18.45 W, 47 MiB, 0 %
2026/10/09 12:05:58.136, 1, NVIDIA GB300, 468.86 W, 245876 MiB, 100 %
2026/10/09 12:05:59.136, 0, NVIDIA RTX PRO 6000 Blackwell Max-Q Workstation Edition, 18.93 W, 47 MiB, 0 %
2026/10/09 12:05:59.136, 1, NVIDIA GB300, 473.46 W, 245876 MiB, 100 %
2026/10/09 12:06:00.137, 0, NVIDIA RTX PRO 6000 Blackwell Max-Q Workstation Edition, 19.66 W, 47 MiB, 0 %
2026/10/09 12:06:00.137, 1, NVIDIA GB300, 474.44 W, 245876 MiB, 100 %
2026/10/09 12:06:01.137, 0, NVIDIA RTX PRO 6000 Blackwell Max-Q Workstation Edition, 23.61 W, 47 MiB, 0 %
2026/10/09 12:06:01.137, 1, NVIDIA GB300, 470.55 W, 245876 MiB, 100 %
2026/10/09 12:06:02.137, 0, NVIDIA RTX PRO 6000 Blackwell Max-Q Workstation Edition, 18.58 W, 47 MiB, 0 %
2026/10/09 12:06:02.137, 1, NVIDIA GB300, 473.26 W, 245876 MiB, 100 %
2026/10/09 12:06:03.137, 0, NVIDIA RTX PRO 6000 Blackwell Max-Q Workstation Edition, 18.60 W, 47 MiB, 0 %
2026/10/09 12:06:03.137, 1, NVIDIA GB300, 471.79 W, 245876 MiB, 100 %
2026/10/09 12:06:04.137, 0, NVIDIA RTX PRO 6000 Blackwell Max-Q Workstation Edition, 18.45 W, 47 MiB, 0 %
2026/10/09 12:06:04.137, 1, NVIDIA GB300, 477.46 W, 245876 MiB, 100 %
2026/10/09 12:06:05.137, 0, NVIDIA RTX PRO 6000 Blackwell Max-Q Workstation Edition, 18.50 W, 47 MiB, 0 %
2026/10/09 12:06:05.137, 1, NVIDIA GB300, 485.90 W, 245876 MiB, 100 %
2026/10/09 12:06:06.137, 0, NVIDIA RTX PRO 6000 Blackwell Max-Q Workstation Edition, 18.55 W, 47 MiB, 0 %
2026/10/09 12:06:06.137, 1, NVIDIA GB300, 477.45 W, 245876 MiB, 100 %
2026/10/09 12:06:07.137, 0, NVIDIA RTX PRO 6000 Blackwell Max-Q Workstation Edition, 19.22 W, 47 MiB, 0 %
2026/10/09 12:06:07.137, 1, NVIDIA GB300, 485.39 W, 245876 MiB, 100 %
2026/10/09 12:06:08.137, 0, NVIDIA RTX PRO 6000 Blackwell Max-Q Workstation Edition, 23.55 W, 47 MiB, 0 %
2026/10/09 12:06:08.137, 1, NVIDIA GB300, 474.41 W, 245876 MiB, 100 %
2026/10/09 12:06:09.137, 0, NVIDIA RTX PRO 6000 Blackwell Max-Q Workstation Edition, 18.69 W, 47 MiB, 0 %
2026/10/09 12:06:09.137, 1, NVIDIA GB300, 480.88 W, 245876 MiB, 100 %
2026/10/09 12:06:10.137, 0, NVIDIA RTX PRO 6000 Blackwell Max-Q Workstation Edition, 18.11 W, 47 MiB, 0 %
2026/10/09 12:06:10.138, 1, NVIDIA GB300, 475.60 W, 245876 MiB, 100 %
2026/10/09 12:06:11.138, 0, NVIDIA RTX PRO 6000 Blackwell Max-Q Workstation Edition, 18.36 W, 47 MiB, 0 %
2026/10/09 12:06:11.138, 1, NVIDIA GB300, 465.86 W, 245876 MiB, 100 %
2026/10/09 12:06:12.138, 0, NVIDIA RTX PRO 6000 Blackwell Max-Q Workstation Edition, 18.43 W, 47 MiB, 0 %
2026/10/09 12:06:12.138, 1, NVIDIA GB300, 471.34 W, 245876 MiB, 100 %
2026/10/09 12:06:13.138, 0, NVIDIA RTX PRO 6000 Blackwell Max-Q Workstation Edition, 18.47 W, 47 MiB, 0 %
2026/10/09 12:06:13.138, 1, NVIDIA GB300, 467.32 W, 245876 MiB, 100 %
2026/10/09 12:06:14.138, 0, NVIDIA RTX PRO 6000 Blackwell Max-Q Workstation Edition, 18.33 W, 47 MiB, 0 %
2026/10/09 12:06:14.138, 1, NVIDIA GB300, 467.73 W, 245876 MiB, 100 %
2026/10/09 12:06:15.138, 0, NVIDIA RTX PRO 6000 Blackwell Max-Q Workstation Edition, 22.89 W, 47 MiB, 0 %
2026/10/09 12:06:15.138, 1, NVIDIA GB300, 471.38 W, 245876 MiB, 100 %
2026/10/09 12:06:16.138, 0, NVIDIA RTX PRO 6000 Blackwell Max-Q Workstation Edition, 18.39 W, 47 MiB, 0 %
2026/10/09 12:06:16.138, 1, NVIDIA GB300, 475.15 W, 245876 MiB, 100 %
2026/10/09 12:06:17.138, 0, NVIDIA RTX PRO 6000 Blackwell Max-Q Workstation Edition, 18.37 W, 47 MiB, 0 %
2026/10/09 12:06:17.138, 1, NVIDIA GB300, 469.78 W, 245876 MiB, 100 %
2026/10/09 12:06:18.138, 0, NVIDIA RTX PRO 6000 Blackwell Max-Q Workstation Edition, 18.44 W, 47 MiB, 0 %
2026/10/09 12:06:18.138, 1, NVIDIA GB300, 465.83 W, 245876 MiB, 100 %
2026/10/09 12:06:19.138, 0, NVIDIA RTX PRO 6000 Blackwell Max-Q Workstation Edition, 18.63 W, 47 MiB, 0 %
2026/10/09 12:06:19.138, 1, NVIDIA GB300, 461.95 W, 245876 MiB, 100 %
2026/10/09 12:06:20.139, 0, NVIDIA RTX PRO 6000 Blackwell Max-Q Workstation Edition, 18.87 W, 47 MiB, 0 %
2026/10/09 12:06:20.139, 1, NVIDIA GB300, 471.41 W, 245876 MiB, 100 %
2026/10/09 12:06:21.139, 0, NVIDIA RTX PRO 6000 Blackwell Max-Q Workstation Edition, 18.57 W, 47 MiB, 0 %
2026/10/09 12:06:21.139, 1, NVIDIA GB300, 468.38 W, 245876 MiB, 100 %
2026/10/09 12:06:22.139, 0, NVIDIA RTX PRO 6000 Blackwell Max-Q Workstation Edition, 20.78 W, 47 MiB, 0 %
2026/10/09 12:06:22.139, 1, NVIDIA GB300, 477.20 W, 245876 MiB, 100 %
2026/10/09 12:06:23.139, 0, NVIDIA RTX PRO 6000 Blackwell Max-Q Workstation Edition, 23.12 W, 47 MiB, 0 %
2026/10/09 12:06:23.139, 1, NVIDIA GB300, 472.78 W, 245876 MiB, 100 %
2026/10/09 12:06:24.139, 0, NVIDIA RTX PRO 6000 Blackwell Max-Q Workstation Edition, 18.53 W, 47 MiB, 0 %
2026/10/09 12:06:24.139, 1, NVIDIA GB300, 473.65 W, 245876 MiB, 100 %
2026/10/09 12:06:25.139, 0, NVIDIA RTX PRO 6000 Blackwell Max-Q Workstation Edition, 18.45 W, 47 MiB, 0 %
2026/10/09 12:06:25.139, 1, NVIDIA GB300, 482.90 W, 245876 MiB, 100 %
2026/10/09 12:06:26.139, 0, NVIDIA RTX PRO 6000 Blackwell Max-Q Workstation Edition, 18.41 W, 47 MiB, 0 %
2026/10/09 12:06:26.139, 1, NVIDIA GB300, 492.46 W, 245876 MiB, 100 %
2026/10/09 12:06:27.139, 0, NVIDIA RTX PRO 6000 Blackwell Max-Q Workstation Edition, 18.13 W, 47 MiB, 0 %
2026/10/09 12:06:27.139, 1, NVIDIA GB300, 490.77 W, 245876 MiB, 100 %
2026/10/09 12:06:28.139, 0, NVIDIA RTX PRO 6000 Blackwell Max-Q Workstation Edition, 18.31 W, 47 MiB, 0 %
2026/10/09 12:06:28.139, 1, NVIDIA GB300, 486.17 W, 245876 MiB, 100 %
2026/10/09 12:06:29.139, 0, NVIDIA RTX PRO 6000 Blackwell Max-Q Workstation Edition, 20.44 W, 47 MiB, 0 %
2026/10/09 12:06:29.139, 1, NVIDIA GB300, 483.83 W, 245876 MiB, 100 %
2026/10/09 12:06:30.140, 0, NVIDIA RTX PRO 6000 Blackwell Max-Q Workstation Edition, 23.06 W, 47 MiB, 0 %
2026/10/09 12:06:30.140, 1, NVIDIA GB300, 499.50 W, 245876 MiB, 100 %
2026/10/09 12:06:31.140, 0, NVIDIA RTX PRO 6000 Blackwell Max-Q Workstation Edition, 18.64 W, 47 MiB, 0 %
2026/10/09 12:06:31.140, 1, NVIDIA GB300, 493.01 W, 245876 MiB, 100 %
2026/10/09 12:06:32.140, 0, NVIDIA RTX PRO 6000 Blackwell Max-Q Workstation Edition, 18.55 W, 47 MiB, 0 %
2026/10/09 12:06:32.140, 1, NVIDIA GB300, 493.97 W, 245876 MiB, 100 %
2026/10/09 12:06:33.140, 0, NVIDIA RTX PRO 6000 Blackwell Max-Q Workstation Edition, 18.33 W, 47 MiB, 0 %
2026/10/09 12:06:33.140, 1, NVIDIA GB300, 487.61 W, 245876 MiB, 100 %
2026/10/09 12:06:34.140, 0, NVIDIA RTX PRO 6000 Blackwell Max-Q Workstation Edition, 18.15 W, 47 MiB, 0 %
2026/10/09 12:06:34.186, 1, NVIDIA GB300, 490.80 W, 245876 MiB, 100 %
2026/10/09 12:06:35.186, 0, NVIDIA RTX PRO 6000 Blackwell Max-Q Workstation Edition, 18.23 W, 47 MiB, 0 %
2026/10/09 12:06:35.186, 1, NVIDIA GB300, 490.26 W, 245876 MiB, 100 %
2026/10/09 12:06:36.186, 0, NVIDIA RTX PRO 6000 Blackwell Max-Q Workstation Edition, 20.16 W, 47 MiB, 0 %
2026/10/09 12:06:36.186, 1, NVIDIA GB300, 498.31 W, 245876 MiB, 100 %
2026/10/09 12:06:37.186, 0, NVIDIA RTX PRO 6000 Blackwell Max-Q Workstation Edition, 22.89 W, 47 MiB, 0 %
2026/10/09 12:06:37.186, 1, NVIDIA GB300, 489.42 W, 245876 MiB, 100 %
2026/10/09 12:06:38.186, 0, NVIDIA RTX PRO 6000 Blackwell Max-Q Workstation Edition, 18.62 W, 47 MiB, 0 %
2026/10/09 12:06:38.186, 1, NVIDIA GB300, 508.14 W, 245876 MiB, 100 %
2026/10/09 12:06:39.186, 0, NVIDIA RTX PRO 6000 Blackwell Max-Q Workstation Edition, 18.40 W, 47 MiB, 0 %
2026/10/09 12:06:39.186, 1, NVIDIA GB300, 502.98 W, 245876 MiB, 100 %
2026/10/09 12:06:40.186, 0, NVIDIA RTX PRO 6000 Blackwell Max-Q Workstation Edition, 18.25 W, 47 MiB, 0 %
2026/10/09 12:06:40.186, 1, NVIDIA GB300, 494.20 W, 245876 MiB, 100 %
2026/10/09 12:06:41.187, 0, NVIDIA RTX PRO 6000 Blackwell Max-Q Workstation Edition, 18.26 W, 47 MiB, 0 %
2026/10/09 12:06:41.187, 1, NVIDIA GB300, 492.42 W, 245876 MiB, 100 %
2026/10/09 12:06:42.187, 0, NVIDIA RTX PRO 6000 Blackwell Max-Q Workstation Edition, 18.59 W, 47 MiB, 0 %
2026/10/09 12:06:42.187, 1, NVIDIA GB300, 486.73 W, 245876 MiB, 100 %
2026/10/09 12:06:43.187, 0, NVIDIA RTX PRO 6000 Blackwell Max-Q Workstation Edition, 19.91 W, 47 MiB, 0 %
2026/10/09 12:06:43.187, 1, NVIDIA GB300, 493.23 W, 245876 MiB, 100 %
2026/10/09 12:06:44.187, 0, NVIDIA RTX PRO 6000 Blackwell Max-Q Workstation Edition, 23.08 W, 47 MiB, 0 %
2026/10/09 12:06:44.197, 1, NVIDIA GB300, 496.02 W, 245876 MiB, 100 %
2026/10/09 12:06:45.197, 0, NVIDIA RTX PRO 6000 Blackwell Max-Q Workstation Edition, 18.56 W, 47 MiB, 0 %
2026/10/09 12:06:45.197, 1, NVIDIA GB300, 488.94 W, 245876 MiB, 100 %
2026/10/09 12:06:46.197, 0, NVIDIA RTX PRO 6000 Blackwell Max-Q Workstation Edition, 18.54 W, 47 MiB, 0 %
2026/10/09 12:06:46.197, 1, NVIDIA GB300, 497.93 W, 245876 MiB, 100 %
2026/10/09 12:06:47.197, 0, NVIDIA RTX PRO 6000 Blackwell Max-Q Workstation Edition, 18.47 W, 47 MiB, 0 %
2026/10/09 12:06:47.197, 1, NVIDIA GB300, 484.12 W, 245876 MiB, 100 %
2026/10/09 12:06:48.197, 0, NVIDIA RTX PRO 6000 Blackwell Max-Q Workstation Edition, 18.42 W, 47 MiB, 0 %
2026/10/09 12:06:48.197, 1, NVIDIA GB300, 484.69 W, 245876 MiB, 100 %
2026/10/09 12:06:49.197, 0, NVIDIA RTX PRO 6000 Blackwell Max-Q Workstation Edition, 18.03 W, 47 MiB, 0 %
2026/10/09 12:06:49.197, 1, NVIDIA GB300, 492.22 W, 245876 MiB, 100 %
2026/10/09 12:06:50.197, 0, NVIDIA RTX PRO 6000 Blackwell Max-Q Workstation Edition, 18.77 W, 47 MiB, 0 %
2026/10/09 12:06:50.197, 1, NVIDIA GB300, 497.38 W, 245876 MiB, 100 %
2026/10/09 12:06:51.197, 0, NVIDIA RTX PRO 6000 Blackwell Max-Q Workstation Edition, 22.78 W, 47 MiB, 0 %
2026/10/09 12:06:51.197, 1, NVIDIA GB300, 486.61 W, 245876 MiB, 100 %
2026/10/09 12:06:52.197, 0, NVIDIA RTX PRO 6000 Blackwell Max-Q Workstation Edition, 18.67 W, 47 MiB, 0 %
2026/10/09 12:06:52.197, 1, NVIDIA GB300, 477.75 W, 245876 MiB, 100 %
2026/10/09 12:06:53.197, 0, NVIDIA RTX PRO 6000 Blackwell Max-Q Workstation Edition, 18.58 W, 47 MiB, 0 %
2026/10/09 12:06:53.197, 1, NVIDIA GB300, 473.55 W, 245876 MiB, 100 %
2026/10/09 12:06:54.198, 0, NVIDIA RTX PRO 6000 Blackwell Max-Q Workstation Edition, 18.85 W, 47 MiB, 0 %
2026/10/09 12:06:54.198, 1, NVIDIA GB300, 463.33 W, 245876 MiB, 100 %
2026/10/09 12:06:55.198, 0, NVIDIA RTX PRO 6000 Blackwell Max-Q Workstation Edition, 18.82 W, 47 MiB, 0 %
2026/10/09 12:06:55.198, 1, NVIDIA GB300, 469.04 W, 245876 MiB, 100 %
2026/10/09 12:06:56.198, 0, NVIDIA RTX PRO 6000 Blackwell Max-Q Workstation Edition, 18.82 W, 47 MiB, 0 %
2026/10/09 12:06:56.198, 1, NVIDIA GB300, 471.20 W, 245876 MiB, 100 %
2026/10/09 12:06:57.198, 0, NVIDIA RTX PRO 6000 Blackwell Max-Q Workstation Edition, 18.82 W, 47 MiB, 0 %
2026/10/09 12:06:57.198, 1, NVIDIA GB300, 456.61 W, 245876 MiB, 100 %
2026/10/09 12:06:58.198, 0, NVIDIA RTX PRO 6000 Blackwell Max-Q Workstation Edition, 23.04 W, 47 MiB, 0 %
2026/10/09 12:06:58.198, 1, NVIDIA GB300, 451.67 W, 245876 MiB, 100 %

--- arm B short C32: short/power-<host>-short.csv, windows decode-c32-r1 12:07:36.062-12:10:52.955
2026/10/09 12:07:36.202, 0, NVIDIA RTX PRO 6000 Blackwell Max-Q Workstation Edition, 19.55 W, 47 MiB, 0 %
2026/10/09 12:07:36.202, 1, NVIDIA GB300, 427.30 W, 245876 MiB, 0 %
2026/10/09 12:07:37.202, 0, NVIDIA RTX PRO 6000 Blackwell Max-Q Workstation Edition, 20.26 W, 47 MiB, 0 %
2026/10/09 12:07:37.202, 1, NVIDIA GB300, 213.54 W, 245876 MiB, 0 %
2026/10/09 12:07:38.202, 0, NVIDIA RTX PRO 6000 Blackwell Max-Q Workstation Edition, 20.10 W, 47 MiB, 0 %
2026/10/09 12:07:38.202, 1, NVIDIA GB300, 213.20 W, 245876 MiB, 0 %
2026/10/09 12:07:39.202, 0, NVIDIA RTX PRO 6000 Blackwell Max-Q Workstation Edition, 20.07 W, 47 MiB, 0 %
2026/10/09 12:07:39.202, 1, NVIDIA GB300, 213.05 W, 245876 MiB, 0 %
2026/10/09 12:07:40.202, 0, NVIDIA RTX PRO 6000 Blackwell Max-Q Workstation Edition, 20.39 W, 47 MiB, 0 %
2026/10/09 12:07:40.203, 1, NVIDIA GB300, 213.05 W, 245876 MiB, 0 %
2026/10/09 12:07:41.203, 0, NVIDIA RTX PRO 6000 Blackwell Max-Q Workstation Edition, 24.31 W, 47 MiB, 0 %
2026/10/09 12:07:41.203, 1, NVIDIA GB300, 213.05 W, 245876 MiB, 0 %
2026/10/09 12:07:42.203, 0, NVIDIA RTX PRO 6000 Blackwell Max-Q Workstation Edition, 20.58 W, 47 MiB, 0 %
2026/10/09 12:07:42.203, 1, NVIDIA GB300, 213.05 W, 245876 MiB, 0 %
2026/10/09 12:07:43.203, 0, NVIDIA RTX PRO 6000 Blackwell Max-Q Workstation Edition, 20.26 W, 47 MiB, 0 %
2026/10/09 12:07:43.203, 1, NVIDIA GB300, 213.13 W, 245876 MiB, 0 %
2026/10/09 12:07:44.203, 0, NVIDIA RTX PRO 6000 Blackwell Max-Q Workstation Edition, 20.03 W, 47 MiB, 0 %
2026/10/09 12:07:44.203, 1, NVIDIA GB300, 213.05 W, 245876 MiB, 0 %
2026/10/09 12:07:45.203, 0, NVIDIA RTX PRO 6000 Blackwell Max-Q Workstation Edition, 20.14 W, 47 MiB, 0 %
2026/10/09 12:07:45.203, 1, NVIDIA GB300, 213.01 W, 245876 MiB, 0 %
2026/10/09 12:07:46.203, 0, NVIDIA RTX PRO 6000 Blackwell Max-Q Workstation Edition, 19.52 W, 47 MiB, 0 %
2026/10/09 12:07:46.203, 1, NVIDIA GB300, 399.12 W, 245876 MiB, 100 %
2026/10/09 12:07:47.203, 0, NVIDIA RTX PRO 6000 Blackwell Max-Q Workstation Edition, 19.21 W, 47 MiB, 0 %
2026/10/09 12:07:47.203, 1, NVIDIA GB300, 476.16 W, 245876 MiB, 100 %
2026/10/09 12:07:48.203, 0, NVIDIA RTX PRO 6000 Blackwell Max-Q Workstation Edition, 21.20 W, 47 MiB, 0 %
2026/10/09 12:07:48.204, 1, NVIDIA GB300, 476.69 W, 245876 MiB, 100 %
2026/10/09 12:07:49.204, 0, NVIDIA RTX PRO 6000 Blackwell Max-Q Workstation Edition, 23.64 W, 47 MiB, 0 %
2026/10/09 12:07:49.204, 1, NVIDIA GB300, 474.47 W, 245876 MiB, 100 %
2026/10/09 12:07:50.204, 0, NVIDIA RTX PRO 6000 Blackwell Max-Q Workstation Edition, 19.21 W, 47 MiB, 0 %
2026/10/09 12:07:50.204, 1, NVIDIA GB300, 472.87 W, 245876 MiB, 100 %
2026/10/09 12:07:51.204, 0, NVIDIA RTX PRO 6000 Blackwell Max-Q Workstation Edition, 18.92 W, 47 MiB, 0 %
2026/10/09 12:07:51.204, 1, NVIDIA GB300, 474.25 W, 245876 MiB, 100 %
2026/10/09 12:07:52.204, 0, NVIDIA RTX PRO 6000 Blackwell Max-Q Workstation Edition, 19.02 W, 47 MiB, 0 %
2026/10/09 12:07:52.204, 1, NVIDIA GB300, 476.54 W, 245876 MiB, 100 %
2026/10/09 12:07:53.204, 0, NVIDIA RTX PRO 6000 Blackwell Max-Q Workstation Edition, 19.12 W, 47 MiB, 0 %
2026/10/09 12:07:53.204, 1, NVIDIA GB300, 465.01 W, 245876 MiB, 100 %
2026/10/09 12:07:54.204, 0, NVIDIA RTX PRO 6000 Blackwell Max-Q Workstation Edition, 19.32 W, 47 MiB, 0 %
2026/10/09 12:07:54.204, 1, NVIDIA GB300, 475.06 W, 245876 MiB, 100 %
2026/10/09 12:07:55.204, 0, NVIDIA RTX PRO 6000 Blackwell Max-Q Workstation Edition, 21.11 W, 47 MiB, 0 %
2026/10/09 12:07:55.204, 1, NVIDIA GB300, 475.10 W, 245876 MiB, 100 %
2026/10/09 12:07:56.204, 0, NVIDIA RTX PRO 6000 Blackwell Max-Q Workstation Edition, 23.71 W, 47 MiB, 0 %
2026/10/09 12:07:56.204, 1, NVIDIA GB300, 466.74 W, 245876 MiB, 100 %
2026/10/09 12:07:57.204, 0, NVIDIA RTX PRO 6000 Blackwell Max-Q Workstation Edition, 19.32 W, 47 MiB, 0 %
2026/10/09 12:07:57.204, 1, NVIDIA GB300, 479.60 W, 245876 MiB, 100 %
2026/10/09 12:07:58.204, 0, NVIDIA RTX PRO 6000 Blackwell Max-Q Workstation Edition, 19.31 W, 47 MiB, 0 %
2026/10/09 12:07:58.204, 1, NVIDIA GB300, 476.67 W, 245876 MiB, 100 %
2026/10/09 12:07:59.204, 0, NVIDIA RTX PRO 6000 Blackwell Max-Q Workstation Edition, 19.19 W, 47 MiB, 0 %
2026/10/09 12:07:59.204, 1, NVIDIA GB300, 461.42 W, 245876 MiB, 100 %
2026/10/09 12:08:00.205, 0, NVIDIA RTX PRO 6000 Blackwell Max-Q Workstation Edition, 19.07 W, 47 MiB, 0 %
2026/10/09 12:08:00.205, 1, NVIDIA GB300, 468.01 W, 245876 MiB, 100 %
2026/10/09 12:08:01.205, 0, NVIDIA RTX PRO 6000 Blackwell Max-Q Workstation Edition, 19.08 W, 47 MiB, 0 %
2026/10/09 12:08:01.205, 1, NVIDIA GB300, 470.13 W, 245876 MiB, 100 %
2026/10/09 12:08:02.205, 0, NVIDIA RTX PRO 6000 Blackwell Max-Q Workstation Edition, 20.39 W, 47 MiB, 0 %
2026/10/09 12:08:02.205, 1, NVIDIA GB300, 469.54 W, 245876 MiB, 100 %
2026/10/09 12:08:03.205, 0, NVIDIA RTX PRO 6000 Blackwell Max-Q Workstation Edition, 23.15 W, 47 MiB, 0 %
2026/10/09 12:08:03.205, 1, NVIDIA GB300, 473.33 W, 245876 MiB, 100 %
2026/10/09 12:08:04.205, 0, NVIDIA RTX PRO 6000 Blackwell Max-Q Workstation Edition, 19.20 W, 47 MiB, 0 %
2026/10/09 12:08:04.205, 1, NVIDIA GB300, 458.83 W, 245876 MiB, 100 %
2026/10/09 12:08:05.205, 0, NVIDIA RTX PRO 6000 Blackwell Max-Q Workstation Edition, 19.07 W, 47 MiB, 0 %
2026/10/09 12:08:05.205, 1, NVIDIA GB300, 466.06 W, 245876 MiB, 100 %
2026/10/09 12:08:06.205, 0, NVIDIA RTX PRO 6000 Blackwell Max-Q Workstation Edition, 18.70 W, 47 MiB, 0 %
2026/10/09 12:08:06.205, 1, NVIDIA GB300, 475.89 W, 245876 MiB, 100 %
2026/10/09 12:08:07.205, 0, NVIDIA RTX PRO 6000 Blackwell Max-Q Workstation Edition, 18.85 W, 47 MiB, 0 %
2026/10/09 12:08:07.205, 1, NVIDIA GB300, 468.44 W, 245876 MiB, 100 %
2026/10/09 12:08:08.205, 0, NVIDIA RTX PRO 6000 Blackwell Max-Q Workstation Edition, 18.94 W, 47 MiB, 0 %
2026/10/09 12:08:08.205, 1, NVIDIA GB300, 472.22 W, 245876 MiB, 100 %
2026/10/09 12:08:09.206, 0, NVIDIA RTX PRO 6000 Blackwell Max-Q Workstation Edition, 19.73 W, 47 MiB, 0 %
2026/10/09 12:08:09.206, 1, NVIDIA GB300, 475.41 W, 245876 MiB, 100 %
2026/10/09 12:08:10.206, 0, NVIDIA RTX PRO 6000 Blackwell Max-Q Workstation Edition, 23.24 W, 47 MiB, 0 %
2026/10/09 12:08:10.206, 1, NVIDIA GB300, 475.67 W, 245876 MiB, 100 %
2026/10/09 12:08:11.206, 0, NVIDIA RTX PRO 6000 Blackwell Max-Q Workstation Edition, 18.70 W, 47 MiB, 0 %
2026/10/09 12:08:11.206, 1, NVIDIA GB300, 470.45 W, 245876 MiB, 100 %
2026/10/09 12:08:12.206, 0, NVIDIA RTX PRO 6000 Blackwell Max-Q Workstation Edition, 18.77 W, 47 MiB, 0 %
2026/10/09 12:08:12.206, 1, NVIDIA GB300, 465.56 W, 245876 MiB, 100 %
2026/10/09 12:08:13.206, 0, NVIDIA RTX PRO 6000 Blackwell Max-Q Workstation Edition, 19.16 W, 47 MiB, 0 %
2026/10/09 12:08:13.206, 1, NVIDIA GB300, 465.80 W, 245876 MiB, 100 %
2026/10/09 12:08:14.206, 0, NVIDIA RTX PRO 6000 Blackwell Max-Q Workstation Edition, 19.05 W, 47 MiB, 0 %
2026/10/09 12:08:14.206, 1, NVIDIA GB300, 460.88 W, 245876 MiB, 100 %
2026/10/09 12:08:15.206, 0, NVIDIA RTX PRO 6000 Blackwell Max-Q Workstation Edition, 18.71 W, 47 MiB, 0 %
2026/10/09 12:08:15.206, 1, NVIDIA GB300, 464.09 W, 245876 MiB, 100 %
2026/10/09 12:08:16.206, 0, NVIDIA RTX PRO 6000 Blackwell Max-Q Workstation Edition, 19.56 W, 47 MiB, 0 %
2026/10/09 12:08:16.206, 1, NVIDIA GB300, 472.92 W, 245876 MiB, 100 %
2026/10/09 12:08:17.207, 0, NVIDIA RTX PRO 6000 Blackwell Max-Q Workstation Edition, 23.67 W, 47 MiB, 0 %
2026/10/09 12:08:17.207, 1, NVIDIA GB300, 471.50 W, 245876 MiB, 100 %
2026/10/09 12:08:18.207, 0, NVIDIA RTX PRO 6000 Blackwell Max-Q Workstation Edition, 19.07 W, 47 MiB, 0 %
2026/10/09 12:08:18.207, 1, NVIDIA GB300, 473.57 W, 245876 MiB, 100 %
2026/10/09 12:08:19.207, 0, NVIDIA RTX PRO 6000 Blackwell Max-Q Workstation Edition, 18.87 W, 47 MiB, 0 %
2026/10/09 12:08:19.207, 1, NVIDIA GB300, 458.15 W, 245876 MiB, 100 %
2026/10/09 12:08:20.207, 0, NVIDIA RTX PRO 6000 Blackwell Max-Q Workstation Edition, 18.91 W, 47 MiB, 0 %
2026/10/09 12:08:20.252, 1, NVIDIA GB300, 477.67 W, 245876 MiB, 100 %
2026/10/09 12:08:21.252, 0, NVIDIA RTX PRO 6000 Blackwell Max-Q Workstation Edition, 19.12 W, 47 MiB, 0 %
2026/10/09 12:08:21.253, 1, NVIDIA GB300, 481.28 W, 245876 MiB, 100 %
2026/10/09 12:08:22.253, 0, NVIDIA RTX PRO 6000 Blackwell Max-Q Workstation Edition, 19.06 W, 47 MiB, 0 %
2026/10/09 12:08:22.253, 1, NVIDIA GB300, 476.77 W, 245876 MiB, 100 %
2026/10/09 12:08:23.253, 0, NVIDIA RTX PRO 6000 Blackwell Max-Q Workstation Edition, 19.56 W, 47 MiB, 0 %
2026/10/09 12:08:23.253, 1, NVIDIA GB300, 479.67 W, 245876 MiB, 100 %
2026/10/09 12:08:24.253, 0, NVIDIA RTX PRO 6000 Blackwell Max-Q Workstation Edition, 23.37 W, 47 MiB, 0 %
2026/10/09 12:08:24.253, 1, NVIDIA GB300, 469.88 W, 245876 MiB, 100 %
2026/10/09 12:08:25.253, 0, NVIDIA RTX PRO 6000 Blackwell Max-Q Workstation Edition, 18.91 W, 47 MiB, 0 %
2026/10/09 12:08:25.253, 1, NVIDIA GB300, 475.55 W, 245876 MiB, 100 %
2026/10/09 12:08:26.253, 0, NVIDIA RTX PRO 6000 Blackwell Max-Q Workstation Edition, 19.00 W, 47 MiB, 0 %
2026/10/09 12:08:26.253, 1, NVIDIA GB300, 472.89 W, 245876 MiB, 100 %
2026/10/09 12:08:27.253, 0, NVIDIA RTX PRO 6000 Blackwell Max-Q Workstation Edition, 18.42 W, 47 MiB, 0 %
2026/10/09 12:08:27.253, 1, NVIDIA GB300, 473.85 W, 245876 MiB, 100 %
2026/10/09 12:08:28.253, 0, NVIDIA RTX PRO 6000 Blackwell Max-Q Workstation Edition, 18.73 W, 47 MiB, 0 %
2026/10/09 12:08:28.253, 1, NVIDIA GB300, 469.97 W, 245876 MiB, 100 %
2026/10/09 12:08:29.253, 0, NVIDIA RTX PRO 6000 Blackwell Max-Q Workstation Edition, 18.61 W, 47 MiB, 0 %
2026/10/09 12:08:29.253, 1, NVIDIA GB300, 474.71 W, 245876 MiB, 100 %
2026/10/09 12:08:30.253, 0, NVIDIA RTX PRO 6000 Blackwell Max-Q Workstation Edition, 18.76 W, 47 MiB, 0 %
2026/10/09 12:08:30.294, 1, NVIDIA GB300, 477.29 W, 245876 MiB, 100 %
2026/10/09 12:08:31.294, 0, NVIDIA RTX PRO 6000 Blackwell Max-Q Workstation Edition, 23.16 W, 47 MiB, 0 %
2026/10/09 12:08:31.294, 1, NVIDIA GB300, 465.83 W, 245876 MiB, 100 %
2026/10/09 12:08:32.294, 0, NVIDIA RTX PRO 6000 Blackwell Max-Q Workstation Edition, 23.28 W, 47 MiB, 0 %
2026/10/09 12:08:32.294, 1, NVIDIA GB300, 471.97 W, 245876 MiB, 100 %
2026/10/09 12:08:33.294, 0, NVIDIA RTX PRO 6000 Blackwell Max-Q Workstation Edition, 19.39 W, 47 MiB, 0 %
2026/10/09 12:08:33.295, 1, NVIDIA GB300, 470.10 W, 245876 MiB, 100 %
2026/10/09 12:08:34.295, 0, NVIDIA RTX PRO 6000 Blackwell Max-Q Workstation Edition, 18.72 W, 47 MiB, 0 %
2026/10/09 12:08:34.295, 1, NVIDIA GB300, 465.70 W, 245876 MiB, 100 %
2026/10/09 12:08:35.295, 0, NVIDIA RTX PRO 6000 Blackwell Max-Q Workstation Edition, 18.75 W, 47 MiB, 0 %
2026/10/09 12:08:35.295, 1, NVIDIA GB300, 452.23 W, 245876 MiB, 100 %
2026/10/09 12:08:36.295, 0, NVIDIA RTX PRO 6000 Blackwell Max-Q Workstation Edition, 18.74 W, 47 MiB, 0 %
2026/10/09 12:08:36.295, 1, NVIDIA GB300, 466.00 W, 245876 MiB, 100 %
2026/10/09 12:08:37.295, 0, NVIDIA RTX PRO 6000 Blackwell Max-Q Workstation Edition, 18.81 W, 47 MiB, 0 %
2026/10/09 12:08:37.295, 1, NVIDIA GB300, 463.29 W, 245876 MiB, 100 %
2026/10/09 12:08:38.295, 0, NVIDIA RTX PRO 6000 Blackwell Max-Q Workstation Edition, 20.77 W, 47 MiB, 0 %
2026/10/09 12:08:38.295, 1, NVIDIA GB300, 468.23 W, 245876 MiB, 100 %
2026/10/09 12:08:39.295, 0, NVIDIA RTX PRO 6000 Blackwell Max-Q Workstation Edition, 23.31 W, 47 MiB, 0 %
2026/10/09 12:08:39.295, 1, NVIDIA GB300, 462.77 W, 245876 MiB, 100 %
2026/10/09 12:08:40.295, 0, NVIDIA RTX PRO 6000 Blackwell Max-Q Workstation Edition, 19.75 W, 47 MiB, 0 %
2026/10/09 12:08:40.341, 1, NVIDIA GB300, 466.87 W, 245876 MiB, 100 %
2026/10/09 12:08:41.341, 0, NVIDIA RTX PRO 6000 Blackwell Max-Q Workstation Edition, 18.76 W, 47 MiB, 0 %
2026/10/09 12:08:41.341, 1, NVIDIA GB300, 471.66 W, 245876 MiB, 100 %
2026/10/09 12:08:42.341, 0, NVIDIA RTX PRO 6000 Blackwell Max-Q Workstation Edition, 18.89 W, 47 MiB, 0 %
2026/10/09 12:08:42.341, 1, NVIDIA GB300, 473.66 W, 245876 MiB, 100 %
2026/10/09 12:08:43.341, 0, NVIDIA RTX PRO 6000 Blackwell Max-Q Workstation Edition, 18.86 W, 47 MiB, 0 %
2026/10/09 12:08:43.341, 1, NVIDIA GB300, 469.01 W, 245876 MiB, 100 %
2026/10/09 12:08:44.341, 0, NVIDIA RTX PRO 6000 Blackwell Max-Q Workstation Edition, 18.99 W, 47 MiB, 0 %
2026/10/09 12:08:44.342, 1, NVIDIA GB300, 467.44 W, 245876 MiB, 100 %
2026/10/09 12:08:45.342, 0, NVIDIA RTX PRO 6000 Blackwell Max-Q Workstation Edition, 20.73 W, 47 MiB, 0 %
2026/10/09 12:08:45.342, 1, NVIDIA GB300, 476.11 W, 245876 MiB, 100 %
2026/10/09 12:08:46.342, 0, NVIDIA RTX PRO 6000 Blackwell Max-Q Workstation Edition, 23.41 W, 47 MiB, 0 %
2026/10/09 12:08:46.342, 1, NVIDIA GB300, 468.68 W, 245876 MiB, 100 %
2026/10/09 12:08:47.342, 0, NVIDIA RTX PRO 6000 Blackwell Max-Q Workstation Edition, 19.42 W, 47 MiB, 0 %
2026/10/09 12:08:47.342, 1, NVIDIA GB300, 462.61 W, 245876 MiB, 100 %
2026/10/09 12:08:48.342, 0, NVIDIA RTX PRO 6000 Blackwell Max-Q Workstation Edition, 19.28 W, 47 MiB, 0 %
2026/10/09 12:08:48.342, 1, NVIDIA GB300, 466.54 W, 245876 MiB, 100 %
2026/10/09 12:08:49.342, 0, NVIDIA RTX PRO 6000 Blackwell Max-Q Workstation Edition, 19.02 W, 47 MiB, 0 %
2026/10/09 12:08:49.342, 1, NVIDIA GB300, 469.73 W, 245876 MiB, 100 %
2026/10/09 12:08:50.342, 0, NVIDIA RTX PRO 6000 Blackwell Max-Q Workstation Edition, 18.94 W, 47 MiB, 0 %
2026/10/09 12:08:50.342, 1, NVIDIA GB300, 465.22 W, 245876 MiB, 100 %
2026/10/09 12:08:51.342, 0, NVIDIA RTX PRO 6000 Blackwell Max-Q Workstation Edition, 19.21 W, 47 MiB, 0 %
2026/10/09 12:08:51.342, 1, NVIDIA GB300, 475.75 W, 245876 MiB, 100 %
2026/10/09 12:08:52.343, 0, NVIDIA RTX PRO 6000 Blackwell Max-Q Workstation Edition, 20.32 W, 47 MiB, 0 %
2026/10/09 12:08:52.343, 1, NVIDIA GB300, 471.94 W, 245876 MiB, 100 %
2026/10/09 12:08:53.343, 0, NVIDIA RTX PRO 6000 Blackwell Max-Q Workstation Edition, 23.34 W, 47 MiB, 0 %
2026/10/09 12:08:53.343, 1, NVIDIA GB300, 466.11 W, 245876 MiB, 100 %
2026/10/09 12:08:54.343, 0, NVIDIA RTX PRO 6000 Blackwell Max-Q Workstation Edition, 18.68 W, 47 MiB, 0 %
2026/10/09 12:08:54.343, 1, NVIDIA GB300, 476.34 W, 245876 MiB, 100 %
2026/10/09 12:08:55.343, 0, NVIDIA RTX PRO 6000 Blackwell Max-Q Workstation Edition, 18.82 W, 47 MiB, 0 %
2026/10/09 12:08:55.343, 1, NVIDIA GB300, 468.93 W, 245876 MiB, 100 %
2026/10/09 12:08:56.343, 0, NVIDIA RTX PRO 6000 Blackwell Max-Q Workstation Edition, 18.74 W, 47 MiB, 0 %
2026/10/09 12:08:56.343, 1, NVIDIA GB300, 471.53 W, 245876 MiB, 100 %
2026/10/09 12:08:57.343, 0, NVIDIA RTX PRO 6000 Blackwell Max-Q Workstation Edition, 18.73 W, 47 MiB, 0 %
2026/10/09 12:08:57.343, 1, NVIDIA GB300, 469.46 W, 245876 MiB, 100 %
2026/10/09 12:08:58.343, 0, NVIDIA RTX PRO 6000 Blackwell Max-Q Workstation Edition, 18.49 W, 47 MiB, 0 %
2026/10/09 12:08:58.343, 1, NVIDIA GB300, 459.53 W, 245876 MiB, 100 %
2026/10/09 12:08:59.343, 0, NVIDIA RTX PRO 6000 Blackwell Max-Q Workstation Edition, 19.54 W, 47 MiB, 0 %
2026/10/09 12:08:59.343, 1, NVIDIA GB300, 457.50 W, 245876 MiB, 100 %
2026/10/09 12:09:00.343, 0, NVIDIA RTX PRO 6000 Blackwell Max-Q Workstation Edition, 23.37 W, 47 MiB, 0 %
2026/10/09 12:09:00.344, 1, NVIDIA GB300, 468.58 W, 245876 MiB, 100 %
2026/10/09 12:09:01.344, 0, NVIDIA RTX PRO 6000 Blackwell Max-Q Workstation Edition, 19.08 W, 47 MiB, 0 %
2026/10/09 12:09:01.344, 1, NVIDIA GB300, 455.61 W, 245876 MiB, 100 %
2026/10/09 12:09:02.344, 0, NVIDIA RTX PRO 6000 Blackwell Max-Q Workstation Edition, 18.88 W, 47 MiB, 0 %
2026/10/09 12:09:02.344, 1, NVIDIA GB300, 466.20 W, 245876 MiB, 100 %
2026/10/09 12:09:03.344, 0, NVIDIA RTX PRO 6000 Blackwell Max-Q Workstation Edition, 18.70 W, 47 MiB, 0 %
2026/10/09 12:09:03.344, 1, NVIDIA GB300, 462.63 W, 245876 MiB, 100 %
2026/10/09 12:09:04.344, 0, NVIDIA RTX PRO 6000 Blackwell Max-Q Workstation Edition, 18.77 W, 47 MiB, 0 %
2026/10/09 12:09:04.344, 1, NVIDIA GB300, 456.97 W, 245876 MiB, 100 %
2026/10/09 12:09:05.344, 0, NVIDIA RTX PRO 6000 Blackwell Max-Q Workstation Edition, 18.77 W, 47 MiB, 0 %
2026/10/09 12:09:05.344, 1, NVIDIA GB300, 458.28 W, 245876 MiB, 100 %
2026/10/09 12:09:06.344, 0, NVIDIA RTX PRO 6000 Blackwell Max-Q Workstation Edition, 18.95 W, 47 MiB, 0 %
2026/10/09 12:09:06.344, 1, NVIDIA GB300, 448.81 W, 245876 MiB, 100 %
2026/10/09 12:09:07.344, 0, NVIDIA RTX PRO 6000 Blackwell Max-Q Workstation Edition, 22.77 W, 47 MiB, 0 %
2026/10/09 12:09:07.344, 1, NVIDIA GB300, 457.67 W, 245876 MiB, 100 %
2026/10/09 12:09:08.344, 0, NVIDIA RTX PRO 6000 Blackwell Max-Q Workstation Edition, 18.94 W, 47 MiB, 0 %
2026/10/09 12:09:08.345, 1, NVIDIA GB300, 455.77 W, 245876 MiB, 100 %
2026/10/09 12:09:09.345, 0, NVIDIA RTX PRO 6000 Blackwell Max-Q Workstation Edition, 18.77 W, 47 MiB, 0 %
2026/10/09 12:09:09.345, 1, NVIDIA GB300, 462.48 W, 245876 MiB, 100 %
2026/10/09 12:09:10.345, 0, NVIDIA RTX PRO 6000 Blackwell Max-Q Workstation Edition, 18.71 W, 47 MiB, 0 %
2026/10/09 12:09:10.345, 1, NVIDIA GB300, 460.76 W, 245876 MiB, 100 %
2026/10/09 12:09:11.345, 0, NVIDIA RTX PRO 6000 Blackwell Max-Q Workstation Edition, 18.65 W, 47 MiB, 0 %
2026/10/09 12:09:11.345, 1, NVIDIA GB300, 465.60 W, 245876 MiB, 100 %
2026/10/09 12:09:12.345, 0, NVIDIA RTX PRO 6000 Blackwell Max-Q Workstation Edition, 18.73 W, 47 MiB, 0 %
2026/10/09 12:09:12.345, 1, NVIDIA GB300, 455.47 W, 245876 MiB, 100 %
2026/10/09 12:09:13.345, 0, NVIDIA RTX PRO 6000 Blackwell Max-Q Workstation Edition, 18.83 W, 47 MiB, 0 %
2026/10/09 12:09:13.345, 1, NVIDIA GB300, 451.81 W, 245876 MiB, 100 %
2026/10/09 12:09:14.345, 0, NVIDIA RTX PRO 6000 Blackwell Max-Q Workstation Edition, 23.31 W, 47 MiB, 0 %
2026/10/09 12:09:14.345, 1, NVIDIA GB300, 454.18 W, 245876 MiB, 100 %
2026/10/09 12:09:15.345, 0, NVIDIA RTX PRO 6000 Blackwell Max-Q Workstation Edition, 23.41 W, 47 MiB, 0 %
2026/10/09 12:09:15.345, 1, NVIDIA GB300, 457.58 W, 245876 MiB, 100 %
2026/10/09 12:09:16.346, 0, NVIDIA RTX PRO 6000 Blackwell Max-Q Workstation Edition, 18.99 W, 47 MiB, 0 %
2026/10/09 12:09:16.346, 1, NVIDIA GB300, 446.89 W, 245876 MiB, 100 %
2026/10/09 12:09:17.346, 0, NVIDIA RTX PRO 6000 Blackwell Max-Q Workstation Edition, 18.78 W, 47 MiB, 0 %
2026/10/09 12:09:17.346, 1, NVIDIA GB300, 456.78 W, 245876 MiB, 100 %
2026/10/09 12:09:18.346, 0, NVIDIA RTX PRO 6000 Blackwell Max-Q Workstation Edition, 18.85 W, 47 MiB, 0 %
2026/10/09 12:09:18.346, 1, NVIDIA GB300, 459.34 W, 245876 MiB, 100 %
2026/10/09 12:09:19.346, 0, NVIDIA RTX PRO 6000 Blackwell Max-Q Workstation Edition, 18.73 W, 47 MiB, 0 %
2026/10/09 12:09:19.346, 1, NVIDIA GB300, 464.51 W, 245876 MiB, 100 %
2026/10/09 12:09:20.346, 0, NVIDIA RTX PRO 6000 Blackwell Max-Q Workstation Edition, 18.40 W, 47 MiB, 0 %
2026/10/09 12:09:20.346, 1, NVIDIA GB300, 459.70 W, 245876 MiB, 100 %
2026/10/09 12:09:21.346, 0, NVIDIA RTX PRO 6000 Blackwell Max-Q Workstation Edition, 20.85 W, 47 MiB, 0 %
2026/10/09 12:09:21.346, 1, NVIDIA GB300, 469.65 W, 245876 MiB, 100 %
2026/10/09 12:09:22.346, 0, NVIDIA RTX PRO 6000 Blackwell Max-Q Workstation Edition, 23.41 W, 47 MiB, 0 %
2026/10/09 12:09:22.346, 1, NVIDIA GB300, 462.68 W, 245876 MiB, 100 %
2026/10/09 12:09:23.346, 0, NVIDIA RTX PRO 6000 Blackwell Max-Q Workstation Edition, 18.75 W, 47 MiB, 0 %
2026/10/09 12:09:23.346, 1, NVIDIA GB300, 462.30 W, 245876 MiB, 100 %
2026/10/09 12:09:24.346, 0, NVIDIA RTX PRO 6000 Blackwell Max-Q Workstation Edition, 18.90 W, 47 MiB, 0 %
2026/10/09 12:09:24.346, 1, NVIDIA GB300, 467.67 W, 245876 MiB, 100 %
2026/10/09 12:09:25.347, 0, NVIDIA RTX PRO 6000 Blackwell Max-Q Workstation Edition, 18.55 W, 47 MiB, 0 %
2026/10/09 12:09:25.347, 1, NVIDIA GB300, 461.35 W, 245876 MiB, 100 %
2026/10/09 12:09:26.347, 0, NVIDIA RTX PRO 6000 Blackwell Max-Q Workstation Edition, 18.62 W, 47 MiB, 0 %
2026/10/09 12:09:26.347, 1, NVIDIA GB300, 458.82 W, 245876 MiB, 100 %
2026/10/09 12:09:27.347, 0, NVIDIA RTX PRO 6000 Blackwell Max-Q Workstation Edition, 18.78 W, 47 MiB, 0 %
2026/10/09 12:09:27.347, 1, NVIDIA GB300, 462.08 W, 245876 MiB, 100 %
2026/10/09 12:09:28.347, 0, NVIDIA RTX PRO 6000 Blackwell Max-Q Workstation Edition, 20.68 W, 47 MiB, 0 %
2026/10/09 12:09:28.347, 1, NVIDIA GB300, 464.08 W, 245876 MiB, 100 %
2026/10/09 12:09:29.347, 0, NVIDIA RTX PRO 6000 Blackwell Max-Q Workstation Edition, 23.92 W, 47 MiB, 0 %
2026/10/09 12:09:29.347, 1, NVIDIA GB300, 455.77 W, 245876 MiB, 100 %
2026/10/09 12:09:30.347, 0, NVIDIA RTX PRO 6000 Blackwell Max-Q Workstation Edition, 19.22 W, 47 MiB, 0 %
2026/10/09 12:09:30.347, 1, NVIDIA GB300, 457.57 W, 245876 MiB, 100 %
2026/10/09 12:09:31.347, 0, NVIDIA RTX PRO 6000 Blackwell Max-Q Workstation Edition, 18.89 W, 47 MiB, 0 %
2026/10/09 12:09:31.347, 1, NVIDIA GB300, 463.54 W, 245876 MiB, 100 %
2026/10/09 12:09:32.347, 0, NVIDIA RTX PRO 6000 Blackwell Max-Q Workstation Edition, 18.70 W, 47 MiB, 0 %
2026/10/09 12:09:32.347, 1, NVIDIA GB300, 460.81 W, 245876 MiB, 100 %
2026/10/09 12:09:33.348, 0, NVIDIA RTX PRO 6000 Blackwell Max-Q Workstation Edition, 18.61 W, 47 MiB, 0 %
2026/10/09 12:09:33.348, 1, NVIDIA GB300, 453.75 W, 245876 MiB, 100 %
2026/10/09 12:09:34.348, 0, NVIDIA RTX PRO 6000 Blackwell Max-Q Workstation Edition, 18.68 W, 47 MiB, 0 %
2026/10/09 12:09:34.348, 1, NVIDIA GB300, 451.65 W, 245876 MiB, 100 %
2026/10/09 12:09:35.348, 0, NVIDIA RTX PRO 6000 Blackwell Max-Q Workstation Edition, 20.07 W, 47 MiB, 0 %
2026/10/09 12:09:35.348, 1, NVIDIA GB300, 453.77 W, 245876 MiB, 100 %
2026/10/09 12:09:36.348, 0, NVIDIA RTX PRO 6000 Blackwell Max-Q Workstation Edition, 23.17 W, 47 MiB, 0 %
2026/10/09 12:09:36.348, 1, NVIDIA GB300, 452.67 W, 245876 MiB, 100 %
2026/10/09 12:09:37.348, 0, NVIDIA RTX PRO 6000 Blackwell Max-Q Workstation Edition, 18.47 W, 47 MiB, 0 %
2026/10/09 12:09:37.348, 1, NVIDIA GB300, 459.33 W, 245876 MiB, 100 %
2026/10/09 12:09:38.348, 0, NVIDIA RTX PRO 6000 Blackwell Max-Q Workstation Edition, 18.60 W, 47 MiB, 0 %
2026/10/09 12:09:38.348, 1, NVIDIA GB300, 463.94 W, 245876 MiB, 100 %
2026/10/09 12:09:39.348, 0, NVIDIA RTX PRO 6000 Blackwell Max-Q Workstation Edition, 18.67 W, 47 MiB, 0 %
2026/10/09 12:09:39.348, 1, NVIDIA GB300, 465.09 W, 245876 MiB, 100 %
2026/10/09 12:09:40.348, 0, NVIDIA RTX PRO 6000 Blackwell Max-Q Workstation Edition, 18.75 W, 47 MiB, 0 %
2026/10/09 12:09:40.394, 1, NVIDIA GB300, 455.78 W, 245876 MiB, 100 %
2026/10/09 12:09:41.394, 0, NVIDIA RTX PRO 6000 Blackwell Max-Q Workstation Edition, 18.64 W, 47 MiB, 0 %
2026/10/09 12:09:41.394, 1, NVIDIA GB300, 449.72 W, 245876 MiB, 100 %
2026/10/09 12:09:42.394, 0, NVIDIA RTX PRO 6000 Blackwell Max-Q Workstation Edition, 19.23 W, 47 MiB, 0 %
2026/10/09 12:09:42.394, 1, NVIDIA GB300, 461.48 W, 245876 MiB, 100 %
2026/10/09 12:09:43.394, 0, NVIDIA RTX PRO 6000 Blackwell Max-Q Workstation Edition, 23.22 W, 47 MiB, 0 %
2026/10/09 12:09:43.394, 1, NVIDIA GB300, 453.41 W, 245876 MiB, 100 %
2026/10/09 12:09:44.394, 0, NVIDIA RTX PRO 6000 Blackwell Max-Q Workstation Edition, 18.58 W, 47 MiB, 0 %
2026/10/09 12:09:44.394, 1, NVIDIA GB300, 453.41 W, 245876 MiB, 100 %
2026/10/09 12:09:45.394, 0, NVIDIA RTX PRO 6000 Blackwell Max-Q Workstation Edition, 18.67 W, 47 MiB, 0 %
2026/10/09 12:09:45.404, 1, NVIDIA GB300, 455.98 W, 245876 MiB, 100 %
2026/10/09 12:09:46.404, 0, NVIDIA RTX PRO 6000 Blackwell Max-Q Workstation Edition, 18.65 W, 47 MiB, 0 %
2026/10/09 12:09:46.404, 1, NVIDIA GB300, 455.61 W, 245876 MiB, 100 %
2026/10/09 12:09:47.404, 0, NVIDIA RTX PRO 6000 Blackwell Max-Q Workstation Edition, 18.96 W, 47 MiB, 0 %
2026/10/09 12:09:47.404, 1, NVIDIA GB300, 453.68 W, 245876 MiB, 100 %
2026/10/09 12:09:48.404, 0, NVIDIA RTX PRO 6000 Blackwell Max-Q Workstation Edition, 19.00 W, 47 MiB, 0 %
2026/10/09 12:09:48.404, 1, NVIDIA GB300, 454.92 W, 245876 MiB, 100 %
2026/10/09 12:09:49.404, 0, NVIDIA RTX PRO 6000 Blackwell Max-Q Workstation Edition, 19.12 W, 47 MiB, 0 %
2026/10/09 12:09:49.404, 1, NVIDIA GB300, 460.66 W, 245876 MiB, 100 %
2026/10/09 12:09:50.405, 0, NVIDIA RTX PRO 6000 Blackwell Max-Q Workstation Edition, 23.43 W, 47 MiB, 0 %
2026/10/09 12:09:50.411, 1, NVIDIA GB300, 464.02 W, 245876 MiB, 100 %
2026/10/09 12:09:51.411, 0, NVIDIA RTX PRO 6000 Blackwell Max-Q Workstation Edition, 19.06 W, 47 MiB, 0 %
2026/10/09 12:09:51.411, 1, NVIDIA GB300, 468.57 W, 245876 MiB, 100 %
2026/10/09 12:09:52.412, 0, NVIDIA RTX PRO 6000 Blackwell Max-Q Workstation Edition, 19.04 W, 47 MiB, 0 %
2026/10/09 12:09:52.412, 1, NVIDIA GB300, 470.13 W, 245876 MiB, 100 %
2026/10/09 12:09:53.412, 0, NVIDIA RTX PRO 6000 Blackwell Max-Q Workstation Edition, 19.27 W, 47 MiB, 0 %
2026/10/09 12:09:53.412, 1, NVIDIA GB300, 463.78 W, 245876 MiB, 100 %
2026/10/09 12:09:54.412, 0, NVIDIA RTX PRO 6000 Blackwell Max-Q Workstation Edition, 18.89 W, 47 MiB, 0 %
2026/10/09 12:09:54.412, 1, NVIDIA GB300, 468.07 W, 245876 MiB, 100 %
2026/10/09 12:09:55.412, 0, NVIDIA RTX PRO 6000 Blackwell Max-Q Workstation Edition, 18.84 W, 47 MiB, 0 %
2026/10/09 12:09:55.412, 1, NVIDIA GB300, 467.86 W, 245876 MiB, 100 %
2026/10/09 12:09:56.412, 0, NVIDIA RTX PRO 6000 Blackwell Max-Q Workstation Edition, 18.69 W, 47 MiB, 0 %
2026/10/09 12:09:56.412, 1, NVIDIA GB300, 463.16 W, 245876 MiB, 100 %
2026/10/09 12:09:57.412, 0, NVIDIA RTX PRO 6000 Blackwell Max-Q Workstation Edition, 23.08 W, 47 MiB, 0 %
2026/10/09 12:09:57.412, 1, NVIDIA GB300, 464.60 W, 245876 MiB, 100 %
2026/10/09 12:09:58.412, 0, NVIDIA RTX PRO 6000 Blackwell Max-Q Workstation Edition, 23.20 W, 47 MiB, 0 %
2026/10/09 12:09:58.412, 1, NVIDIA GB300, 458.07 W, 245876 MiB, 100 %
2026/10/09 12:09:59.412, 0, NVIDIA RTX PRO 6000 Blackwell Max-Q Workstation Edition, 18.90 W, 47 MiB, 0 %
2026/10/09 12:09:59.412, 1, NVIDIA GB300, 464.81 W, 245876 MiB, 100 %
2026/10/09 12:10:00.413, 0, NVIDIA RTX PRO 6000 Blackwell Max-Q Workstation Edition, 18.66 W, 47 MiB, 0 %
2026/10/09 12:10:00.413, 1, NVIDIA GB300, 466.78 W, 245876 MiB, 100 %
2026/10/09 12:10:01.413, 0, NVIDIA RTX PRO 6000 Blackwell Max-Q Workstation Edition, 18.80 W, 47 MiB, 0 %
2026/10/09 12:10:01.413, 1, NVIDIA GB300, 465.03 W, 245876 MiB, 100 %
2026/10/09 12:10:02.413, 0, NVIDIA RTX PRO 6000 Blackwell Max-Q Workstation Edition, 18.89 W, 47 MiB, 0 %
2026/10/09 12:10:02.413, 1, NVIDIA GB300, 464.74 W, 245876 MiB, 100 %
2026/10/09 12:10:03.413, 0, NVIDIA RTX PRO 6000 Blackwell Max-Q Workstation Edition, 18.92 W, 47 MiB, 0 %
2026/10/09 12:10:03.413, 1, NVIDIA GB300, 465.94 W, 245876 MiB, 100 %
2026/10/09 12:10:04.413, 0, NVIDIA RTX PRO 6000 Blackwell Max-Q Workstation Edition, 21.10 W, 47 MiB, 0 %
2026/10/09 12:10:04.413, 1, NVIDIA GB300, 457.84 W, 245876 MiB, 100 %
2026/10/09 12:10:05.413, 0, NVIDIA RTX PRO 6000 Blackwell Max-Q Workstation Edition, 23.74 W, 47 MiB, 0 %
2026/10/09 12:10:05.413, 1, NVIDIA GB300, 462.79 W, 245876 MiB, 100 %
2026/10/09 12:10:06.413, 0, NVIDIA RTX PRO 6000 Blackwell Max-Q Workstation Edition, 18.50 W, 47 MiB, 0 %
2026/10/09 12:10:06.413, 1, NVIDIA GB300, 467.18 W, 245876 MiB, 100 %
2026/10/09 12:10:07.413, 0, NVIDIA RTX PRO 6000 Blackwell Max-Q Workstation Edition, 18.84 W, 47 MiB, 0 %
2026/10/09 12:10:07.413, 1, NVIDIA GB300, 465.42 W, 245876 MiB, 100 %
2026/10/09 12:10:08.413, 0, NVIDIA RTX PRO 6000 Blackwell Max-Q Workstation Edition, 19.15 W, 47 MiB, 0 %
2026/10/09 12:10:08.414, 1, NVIDIA GB300, 480.18 W, 245876 MiB, 100 %
2026/10/09 12:10:09.414, 0, NVIDIA RTX PRO 6000 Blackwell Max-Q Workstation Edition, 19.06 W, 47 MiB, 0 %
2026/10/09 12:10:09.414, 1, NVIDIA GB300, 463.31 W, 245876 MiB, 100 %
2026/10/09 12:10:10.414, 0, NVIDIA RTX PRO 6000 Blackwell Max-Q Workstation Edition, 18.94 W, 47 MiB, 0 %
2026/10/09 12:10:10.414, 1, NVIDIA GB300, 467.31 W, 245876 MiB, 100 %
2026/10/09 12:10:11.414, 0, NVIDIA RTX PRO 6000 Blackwell Max-Q Workstation Edition, 20.70 W, 47 MiB, 0 %
2026/10/09 12:10:11.414, 1, NVIDIA GB300, 466.62 W, 245876 MiB, 100 %
2026/10/09 12:10:12.414, 0, NVIDIA RTX PRO 6000 Blackwell Max-Q Workstation Edition, 23.57 W, 47 MiB, 0 %
2026/10/09 12:10:12.414, 1, NVIDIA GB300, 465.55 W, 245876 MiB, 100 %
2026/10/09 12:10:13.414, 0, NVIDIA RTX PRO 6000 Blackwell Max-Q Workstation Edition, 18.95 W, 47 MiB, 0 %
2026/10/09 12:10:13.414, 1, NVIDIA GB300, 478.61 W, 245876 MiB, 100 %
2026/10/09 12:10:14.414, 0, NVIDIA RTX PRO 6000 Blackwell Max-Q Workstation Edition, 18.69 W, 47 MiB, 0 %
2026/10/09 12:10:14.414, 1, NVIDIA GB300, 479.13 W, 245876 MiB, 100 %
2026/10/09 12:10:15.414, 0, NVIDIA RTX PRO 6000 Blackwell Max-Q Workstation Edition, 18.81 W, 47 MiB, 0 %
2026/10/09 12:10:15.414, 1, NVIDIA GB300, 474.12 W, 245876 MiB, 100 %
2026/10/09 12:10:16.414, 0, NVIDIA RTX PRO 6000 Blackwell Max-Q Workstation Edition, 18.91 W, 47 MiB, 0 %
2026/10/09 12:10:16.414, 1, NVIDIA GB300, 480.19 W, 245876 MiB, 100 %
2026/10/09 12:10:17.414, 0, NVIDIA RTX PRO 6000 Blackwell Max-Q Workstation Edition, 18.88 W, 47 MiB, 0 %
2026/10/09 12:10:17.415, 1, NVIDIA GB300, 477.94 W, 245876 MiB, 100 %
2026/10/09 12:10:18.415, 0, NVIDIA RTX PRO 6000 Blackwell Max-Q Workstation Edition, 20.27 W, 47 MiB, 0 %
2026/10/09 12:10:18.415, 1, NVIDIA GB300, 472.57 W, 245876 MiB, 100 %
2026/10/09 12:10:19.415, 0, NVIDIA RTX PRO 6000 Blackwell Max-Q Workstation Edition, 23.32 W, 47 MiB, 0 %
2026/10/09 12:10:19.415, 1, NVIDIA GB300, 475.05 W, 245876 MiB, 100 %
2026/10/09 12:10:20.415, 0, NVIDIA RTX PRO 6000 Blackwell Max-Q Workstation Edition, 18.91 W, 47 MiB, 0 %
2026/10/09 12:10:20.415, 1, NVIDIA GB300, 468.02 W, 245876 MiB, 100 %
2026/10/09 12:10:21.415, 0, NVIDIA RTX PRO 6000 Blackwell Max-Q Workstation Edition, 18.91 W, 47 MiB, 0 %
2026/10/09 12:10:21.415, 1, NVIDIA GB300, 454.10 W, 245876 MiB, 100 %
2026/10/09 12:10:22.415, 0, NVIDIA RTX PRO 6000 Blackwell Max-Q Workstation Edition, 18.90 W, 47 MiB, 0 %
2026/10/09 12:10:22.419, 1, NVIDIA GB300, 461.79 W, 245876 MiB, 100 %
2026/10/09 12:10:23.419, 0, NVIDIA RTX PRO 6000 Blackwell Max-Q Workstation Edition, 18.66 W, 47 MiB, 0 %
2026/10/09 12:10:23.419, 1, NVIDIA GB300, 447.84 W, 245876 MiB, 100 %
2026/10/09 12:10:24.419, 0, NVIDIA RTX PRO 6000 Blackwell Max-Q Workstation Edition, 18.72 W, 47 MiB, 0 %
2026/10/09 12:10:24.419, 1, NVIDIA GB300, 437.18 W, 245876 MiB, 100 %
2026/10/09 12:10:25.419, 0, NVIDIA RTX PRO 6000 Blackwell Max-Q Workstation Edition, 19.32 W, 47 MiB, 0 %
2026/10/09 12:10:25.419, 1, NVIDIA GB300, 439.19 W, 245876 MiB, 100 %
2026/10/09 12:10:26.419, 0, NVIDIA RTX PRO 6000 Blackwell Max-Q Workstation Edition, 23.24 W, 47 MiB, 0 %
2026/10/09 12:10:26.419, 1, NVIDIA GB300, 443.16 W, 245876 MiB, 100 %
2026/10/09 12:10:27.419, 0, NVIDIA RTX PRO 6000 Blackwell Max-Q Workstation Edition, 18.64 W, 47 MiB, 0 %
2026/10/09 12:10:27.427, 1, NVIDIA GB300, 485.06 W, 245876 MiB, 100 %
2026/10/09 12:10:28.427, 0, NVIDIA RTX PRO 6000 Blackwell Max-Q Workstation Edition, 18.50 W, 47 MiB, 0 %
2026/10/09 12:10:28.428, 1, NVIDIA GB300, 474.74 W, 245876 MiB, 100 %
2026/10/09 12:10:29.428, 0, NVIDIA RTX PRO 6000 Blackwell Max-Q Workstation Edition, 18.69 W, 47 MiB, 0 %
2026/10/09 12:10:29.428, 1, NVIDIA GB300, 468.38 W, 245876 MiB, 100 %
2026/10/09 12:10:30.428, 0, NVIDIA RTX PRO 6000 Blackwell Max-Q Workstation Edition, 18.62 W, 47 MiB, 0 %
2026/10/09 12:10:30.428, 1, NVIDIA GB300, 468.38 W, 245876 MiB, 100 %
2026/10/09 12:10:31.428, 0, NVIDIA RTX PRO 6000 Blackwell Max-Q Workstation Edition, 18.47 W, 47 MiB, 0 %
2026/10/09 12:10:31.428, 1, NVIDIA GB300, 477.38 W, 245876 MiB, 100 %
2026/10/09 12:10:32.428, 0, NVIDIA RTX PRO 6000 Blackwell Max-Q Workstation Edition, 18.88 W, 47 MiB, 0 %
2026/10/09 12:10:32.472, 1, NVIDIA GB300, 478.36 W, 245876 MiB, 100 %
2026/10/09 12:10:33.472, 0, NVIDIA RTX PRO 6000 Blackwell Max-Q Workstation Edition, 23.55 W, 47 MiB, 0 %
2026/10/09 12:10:33.472, 1, NVIDIA GB300, 452.30 W, 245876 MiB, 100 %
2026/10/09 12:10:34.472, 0, NVIDIA RTX PRO 6000 Blackwell Max-Q Workstation Edition, 19.21 W, 47 MiB, 0 %
2026/10/09 12:10:34.472, 1, NVIDIA GB300, 460.03 W, 245876 MiB, 100 %
2026/10/09 12:10:35.473, 0, NVIDIA RTX PRO 6000 Blackwell Max-Q Workstation Edition, 18.41 W, 47 MiB, 0 %
2026/10/09 12:10:35.473, 1, NVIDIA GB300, 473.89 W, 245876 MiB, 100 %
2026/10/09 12:10:36.473, 0, NVIDIA RTX PRO 6000 Blackwell Max-Q Workstation Edition, 18.29 W, 47 MiB, 0 %
2026/10/09 12:10:36.473, 1, NVIDIA GB300, 493.83 W, 245876 MiB, 100 %
2026/10/09 12:10:37.473, 0, NVIDIA RTX PRO 6000 Blackwell Max-Q Workstation Edition, 18.38 W, 47 MiB, 0 %
2026/10/09 12:10:37.473, 1, NVIDIA GB300, 489.73 W, 245876 MiB, 100 %
2026/10/09 12:10:38.473, 0, NVIDIA RTX PRO 6000 Blackwell Max-Q Workstation Edition, 18.57 W, 47 MiB, 0 %
2026/10/09 12:10:38.473, 1, NVIDIA GB300, 476.89 W, 245876 MiB, 100 %
2026/10/09 12:10:39.473, 0, NVIDIA RTX PRO 6000 Blackwell Max-Q Workstation Edition, 18.56 W, 47 MiB, 0 %
2026/10/09 12:10:39.473, 1, NVIDIA GB300, 476.67 W, 245876 MiB, 100 %
2026/10/09 12:10:40.473, 0, NVIDIA RTX PRO 6000 Blackwell Max-Q Workstation Edition, 22.82 W, 47 MiB, 0 %
2026/10/09 12:10:40.473, 1, NVIDIA GB300, 475.51 W, 245876 MiB, 100 %
2026/10/09 12:10:41.473, 0, NVIDIA RTX PRO 6000 Blackwell Max-Q Workstation Edition, 18.75 W, 47 MiB, 0 %
2026/10/09 12:10:41.473, 1, NVIDIA GB300, 509.64 W, 245876 MiB, 100 %
2026/10/09 12:10:42.473, 0, NVIDIA RTX PRO 6000 Blackwell Max-Q Workstation Edition, 18.14 W, 47 MiB, 0 %
2026/10/09 12:10:42.473, 1, NVIDIA GB300, 463.44 W, 245876 MiB, 100 %
2026/10/09 12:10:43.474, 0, NVIDIA RTX PRO 6000 Blackwell Max-Q Workstation Edition, 18.45 W, 47 MiB, 0 %
2026/10/09 12:10:43.474, 1, NVIDIA GB300, 465.01 W, 245876 MiB, 100 %
2026/10/09 12:10:44.474, 0, NVIDIA RTX PRO 6000 Blackwell Max-Q Workstation Edition, 18.30 W, 47 MiB, 0 %
2026/10/09 12:10:44.474, 1, NVIDIA GB300, 475.05 W, 245876 MiB, 100 %
2026/10/09 12:10:45.474, 0, NVIDIA RTX PRO 6000 Blackwell Max-Q Workstation Edition, 17.93 W, 47 MiB, 0 %
2026/10/09 12:10:45.474, 1, NVIDIA GB300, 492.37 W, 245876 MiB, 100 %
2026/10/09 12:10:46.474, 0, NVIDIA RTX PRO 6000 Blackwell Max-Q Workstation Edition, 18.07 W, 47 MiB, 0 %
2026/10/09 12:10:46.474, 1, NVIDIA GB300, 483.45 W, 245876 MiB, 100 %
2026/10/09 12:10:47.474, 0, NVIDIA RTX PRO 6000 Blackwell Max-Q Workstation Edition, 20.46 W, 47 MiB, 0 %
2026/10/09 12:10:47.474, 1, NVIDIA GB300, 474.02 W, 245876 MiB, 100 %
2026/10/09 12:10:48.474, 0, NVIDIA RTX PRO 6000 Blackwell Max-Q Workstation Edition, 22.87 W, 47 MiB, 0 %
2026/10/09 12:10:48.474, 1, NVIDIA GB300, 465.82 W, 245876 MiB, 100 %
2026/10/09 12:10:49.474, 0, NVIDIA RTX PRO 6000 Blackwell Max-Q Workstation Edition, 18.26 W, 47 MiB, 0 %
2026/10/09 12:10:49.474, 1, NVIDIA GB300, 478.01 W, 245876 MiB, 100 %
2026/10/09 12:10:50.474, 0, NVIDIA RTX PRO 6000 Blackwell Max-Q Workstation Edition, 18.22 W, 47 MiB, 0 %
2026/10/09 12:10:50.474, 1, NVIDIA GB300, 479.06 W, 245876 MiB, 100 %
2026/10/09 12:10:51.474, 0, NVIDIA RTX PRO 6000 Blackwell Max-Q Workstation Edition, 18.27 W, 47 MiB, 0 %
2026/10/09 12:10:51.474, 1, NVIDIA GB300, 492.76 W, 245876 MiB, 100 %
2026/10/09 12:10:52.474, 0, NVIDIA RTX PRO 6000 Blackwell Max-Q Workstation Edition, 18.72 W, 47 MiB, 0 %
2026/10/09 12:10:52.474, 1, NVIDIA GB300, 467.93 W, 245876 MiB, 100 %

--- arm B random C1: random/power-<host>-random.csv, windows decode-c1-r1 12:11:55.811-12:12:35.419; decode-c1-r2 12:12:45.619-12:13:26.878; decode-c1-r3 12:13:37.121-12:14:08.232
2026/10/09 12:11:56.389, 0, NVIDIA RTX PRO 6000 Blackwell Max-Q Workstation Edition, 19.56 W, 47 MiB, 0 %
2026/10/09 12:11:56.396, 1, NVIDIA GB300, 285.21 W, 245876 MiB, 0 %
2026/10/09 12:11:57.396, 0, NVIDIA RTX PRO 6000 Blackwell Max-Q Workstation Edition, 19.67 W, 47 MiB, 0 %
2026/10/09 12:11:57.396, 1, NVIDIA GB300, 213.05 W, 245876 MiB, 0 %
2026/10/09 12:11:58.397, 0, NVIDIA RTX PRO 6000 Blackwell Max-Q Workstation Edition, 20.12 W, 47 MiB, 0 %
2026/10/09 12:11:58.397, 1, NVIDIA GB300, 212.97 W, 245876 MiB, 0 %
2026/10/09 12:11:59.397, 0, NVIDIA RTX PRO 6000 Blackwell Max-Q Workstation Edition, 23.58 W, 47 MiB, 0 %
2026/10/09 12:11:59.397, 1, NVIDIA GB300, 212.81 W, 245876 MiB, 0 %
2026/10/09 12:12:00.397, 0, NVIDIA RTX PRO 6000 Blackwell Max-Q Workstation Edition, 19.95 W, 47 MiB, 0 %
2026/10/09 12:12:00.397, 1, NVIDIA GB300, 212.62 W, 245876 MiB, 0 %
2026/10/09 12:12:01.397, 0, NVIDIA RTX PRO 6000 Blackwell Max-Q Workstation Edition, 19.77 W, 47 MiB, 0 %
2026/10/09 12:12:01.397, 1, NVIDIA GB300, 212.32 W, 245876 MiB, 0 %
2026/10/09 12:12:02.397, 0, NVIDIA RTX PRO 6000 Blackwell Max-Q Workstation Edition, 19.58 W, 47 MiB, 0 %
2026/10/09 12:12:02.397, 1, NVIDIA GB300, 212.23 W, 245876 MiB, 0 %
2026/10/09 12:12:03.397, 0, NVIDIA RTX PRO 6000 Blackwell Max-Q Workstation Edition, 19.44 W, 47 MiB, 0 %
2026/10/09 12:12:03.397, 1, NVIDIA GB300, 211.91 W, 245876 MiB, 0 %
2026/10/09 12:12:04.397, 0, NVIDIA RTX PRO 6000 Blackwell Max-Q Workstation Edition, 19.49 W, 47 MiB, 0 %
2026/10/09 12:12:04.397, 1, NVIDIA GB300, 211.78 W, 245876 MiB, 0 %
2026/10/09 12:12:05.397, 0, NVIDIA RTX PRO 6000 Blackwell Max-Q Workstation Edition, 19.41 W, 47 MiB, 0 %
2026/10/09 12:12:05.397, 1, NVIDIA GB300, 211.68 W, 245876 MiB, 0 %
2026/10/09 12:12:06.398, 0, NVIDIA RTX PRO 6000 Blackwell Max-Q Workstation Edition, 22.89 W, 47 MiB, 0 %
2026/10/09 12:12:06.398, 1, NVIDIA GB300, 417.55 W, 245876 MiB, 100 %
2026/10/09 12:12:07.398, 0, NVIDIA RTX PRO 6000 Blackwell Max-Q Workstation Edition, 18.63 W, 47 MiB, 0 %
2026/10/09 12:12:07.398, 1, NVIDIA GB300, 400.38 W, 245876 MiB, 100 %
2026/10/09 12:12:08.398, 0, NVIDIA RTX PRO 6000 Blackwell Max-Q Workstation Edition, 18.57 W, 47 MiB, 0 %
2026/10/09 12:12:08.398, 1, NVIDIA GB300, 398.04 W, 245876 MiB, 100 %
2026/10/09 12:12:09.398, 0, NVIDIA RTX PRO 6000 Blackwell Max-Q Workstation Edition, 18.42 W, 47 MiB, 0 %
2026/10/09 12:12:09.398, 1, NVIDIA GB300, 467.74 W, 245876 MiB, 100 %
2026/10/09 12:12:10.398, 0, NVIDIA RTX PRO 6000 Blackwell Max-Q Workstation Edition, 18.09 W, 47 MiB, 0 %
2026/10/09 12:12:10.398, 1, NVIDIA GB300, 405.34 W, 245876 MiB, 100 %
2026/10/09 12:12:11.398, 0, NVIDIA RTX PRO 6000 Blackwell Max-Q Workstation Edition, 18.15 W, 47 MiB, 0 %
2026/10/09 12:12:11.398, 1, NVIDIA GB300, 406.48 W, 245876 MiB, 100 %
2026/10/09 12:12:12.398, 0, NVIDIA RTX PRO 6000 Blackwell Max-Q Workstation Edition, 18.50 W, 47 MiB, 0 %
2026/10/09 12:12:12.398, 1, NVIDIA GB300, 407.17 W, 245876 MiB, 100 %
2026/10/09 12:12:13.398, 0, NVIDIA RTX PRO 6000 Blackwell Max-Q Workstation Edition, 20.78 W, 47 MiB, 0 %
2026/10/09 12:12:13.398, 1, NVIDIA GB300, 449.79 W, 245876 MiB, 100 %
2026/10/09 12:12:14.398, 0, NVIDIA RTX PRO 6000 Blackwell Max-Q Workstation Edition, 23.24 W, 47 MiB, 0 %
2026/10/09 12:12:14.398, 1, NVIDIA GB300, 363.85 W, 245876 MiB, 100 %
2026/10/09 12:12:15.398, 0, NVIDIA RTX PRO 6000 Blackwell Max-Q Workstation Edition, 18.83 W, 47 MiB, 0 %
2026/10/09 12:12:15.398, 1, NVIDIA GB300, 363.39 W, 245876 MiB, 100 %
2026/10/09 12:12:16.399, 0, NVIDIA RTX PRO 6000 Blackwell Max-Q Workstation Edition, 18.42 W, 47 MiB, 0 %
2026/10/09 12:12:16.399, 1, NVIDIA GB300, 359.75 W, 245876 MiB, 100 %
2026/10/09 12:12:17.399, 0, NVIDIA RTX PRO 6000 Blackwell Max-Q Workstation Edition, 18.44 W, 47 MiB, 0 %
2026/10/09 12:12:17.399, 1, NVIDIA GB300, 362.04 W, 245876 MiB, 100 %
2026/10/09 12:12:18.399, 0, NVIDIA RTX PRO 6000 Blackwell Max-Q Workstation Edition, 18.27 W, 47 MiB, 0 %
2026/10/09 12:12:18.399, 1, NVIDIA GB300, 364.80 W, 245876 MiB, 100 %
2026/10/09 12:12:19.399, 0, NVIDIA RTX PRO 6000 Blackwell Max-Q Workstation Edition, 18.42 W, 47 MiB, 0 %
2026/10/09 12:12:19.399, 1, NVIDIA GB300, 385.84 W, 245876 MiB, 100 %
2026/10/09 12:12:20.399, 0, NVIDIA RTX PRO 6000 Blackwell Max-Q Workstation Edition, 20.39 W, 47 MiB, 0 %
2026/10/09 12:12:20.399, 1, NVIDIA GB300, 391.72 W, 245876 MiB, 100 %
2026/10/09 12:12:21.399, 0, NVIDIA RTX PRO 6000 Blackwell Max-Q Workstation Edition, 23.13 W, 47 MiB, 0 %
2026/10/09 12:12:21.399, 1, NVIDIA GB300, 457.23 W, 245876 MiB, 100 %
2026/10/09 12:12:22.399, 0, NVIDIA RTX PRO 6000 Blackwell Max-Q Workstation Edition, 18.58 W, 47 MiB, 0 %
2026/10/09 12:12:22.399, 1, NVIDIA GB300, 342.08 W, 245876 MiB, 100 %
2026/10/09 12:12:23.399, 0, NVIDIA RTX PRO 6000 Blackwell Max-Q Workstation Edition, 18.59 W, 47 MiB, 0 %
2026/10/09 12:12:23.399, 1, NVIDIA GB300, 354.91 W, 245876 MiB, 100 %
2026/10/09 12:12:24.399, 0, NVIDIA RTX PRO 6000 Blackwell Max-Q Workstation Edition, 18.61 W, 47 MiB, 0 %
2026/10/09 12:12:24.399, 1, NVIDIA GB300, 355.67 W, 245876 MiB, 100 %
2026/10/09 12:12:25.399, 0, NVIDIA RTX PRO 6000 Blackwell Max-Q Workstation Edition, 18.58 W, 47 MiB, 0 %
2026/10/09 12:12:25.399, 1, NVIDIA GB300, 352.58 W, 245876 MiB, 100 %
2026/10/09 12:12:26.400, 0, NVIDIA RTX PRO 6000 Blackwell Max-Q Workstation Edition, 18.76 W, 47 MiB, 0 %
2026/10/09 12:12:26.400, 1, NVIDIA GB300, 355.60 W, 245876 MiB, 100 %
2026/10/09 12:12:27.400, 0, NVIDIA RTX PRO 6000 Blackwell Max-Q Workstation Edition, 19.91 W, 47 MiB, 0 %
2026/10/09 12:12:27.400, 1, NVIDIA GB300, 359.61 W, 245876 MiB, 100 %
2026/10/09 12:12:28.400, 0, NVIDIA RTX PRO 6000 Blackwell Max-Q Workstation Edition, 22.86 W, 47 MiB, 0 %
2026/10/09 12:12:28.400, 1, NVIDIA GB300, 357.42 W, 245876 MiB, 100 %
2026/10/09 12:12:29.400, 0, NVIDIA RTX PRO 6000 Blackwell Max-Q Workstation Edition, 18.67 W, 47 MiB, 0 %
2026/10/09 12:12:29.400, 1, NVIDIA GB300, 360.52 W, 245876 MiB, 100 %
2026/10/09 12:12:30.400, 0, NVIDIA RTX PRO 6000 Blackwell Max-Q Workstation Edition, 18.55 W, 47 MiB, 0 %
2026/10/09 12:12:30.400, 1, NVIDIA GB300, 356.10 W, 245876 MiB, 100 %
2026/10/09 12:12:31.400, 0, NVIDIA RTX PRO 6000 Blackwell Max-Q Workstation Edition, 18.62 W, 47 MiB, 0 %
2026/10/09 12:12:31.400, 1, NVIDIA GB300, 340.89 W, 245876 MiB, 100 %
2026/10/09 12:12:32.400, 0, NVIDIA RTX PRO 6000 Blackwell Max-Q Workstation Edition, 18.62 W, 47 MiB, 0 %
2026/10/09 12:12:32.400, 1, NVIDIA GB300, 444.43 W, 245876 MiB, 100 %
2026/10/09 12:12:33.400, 0, NVIDIA RTX PRO 6000 Blackwell Max-Q Workstation Edition, 18.53 W, 47 MiB, 0 %
2026/10/09 12:12:33.400, 1, NVIDIA GB300, 417.90 W, 245876 MiB, 100 %
2026/10/09 12:12:34.400, 0, NVIDIA RTX PRO 6000 Blackwell Max-Q Workstation Edition, 19.52 W, 47 MiB, 0 %
2026/10/09 12:12:34.400, 1, NVIDIA GB300, 413.34 W, 245876 MiB, 100 %
2026/10/09 12:12:35.400, 0, NVIDIA RTX PRO 6000 Blackwell Max-Q Workstation Edition, 22.58 W, 47 MiB, 0 %
2026/10/09 12:12:35.401, 1, NVIDIA GB300, 407.23 W, 245876 MiB, 100 %
2026/10/09 12:12:46.402, 0, NVIDIA RTX PRO 6000 Blackwell Max-Q Workstation Edition, 19.68 W, 47 MiB, 0 %
2026/10/09 12:12:46.402, 1, NVIDIA GB300, 241.29 W, 245876 MiB, 0 %
2026/10/09 12:12:47.402, 0, NVIDIA RTX PRO 6000 Blackwell Max-Q Workstation Edition, 20.21 W, 47 MiB, 0 %
2026/10/09 12:12:47.402, 1, NVIDIA GB300, 211.85 W, 245876 MiB, 0 %
2026/10/09 12:12:48.402, 0, NVIDIA RTX PRO 6000 Blackwell Max-Q Workstation Edition, 19.49 W, 47 MiB, 0 %
2026/10/09 12:12:48.402, 1, NVIDIA GB300, 211.41 W, 245876 MiB, 0 %
2026/10/09 12:12:49.402, 0, NVIDIA RTX PRO 6000 Blackwell Max-Q Workstation Edition, 23.68 W, 47 MiB, 0 %
2026/10/09 12:12:49.402, 1, NVIDIA GB300, 211.47 W, 245876 MiB, 0 %
2026/10/09 12:12:50.402, 0, NVIDIA RTX PRO 6000 Blackwell Max-Q Workstation Edition, 19.85 W, 47 MiB, 0 %
2026/10/09 12:12:50.402, 1, NVIDIA GB300, 211.44 W, 245876 MiB, 0 %
2026/10/09 12:12:51.402, 0, NVIDIA RTX PRO 6000 Blackwell Max-Q Workstation Edition, 19.97 W, 47 MiB, 0 %
2026/10/09 12:12:51.402, 1, NVIDIA GB300, 211.40 W, 245876 MiB, 0 %
2026/10/09 12:12:52.403, 0, NVIDIA RTX PRO 6000 Blackwell Max-Q Workstation Edition, 19.89 W, 47 MiB, 0 %
2026/10/09 12:12:52.403, 1, NVIDIA GB300, 211.52 W, 245876 MiB, 0 %
2026/10/09 12:12:53.403, 0, NVIDIA RTX PRO 6000 Blackwell Max-Q Workstation Edition, 19.90 W, 47 MiB, 0 %
2026/10/09 12:12:53.403, 1, NVIDIA GB300, 211.36 W, 245876 MiB, 0 %
2026/10/09 12:12:54.403, 0, NVIDIA RTX PRO 6000 Blackwell Max-Q Workstation Edition, 19.69 W, 47 MiB, 0 %
2026/10/09 12:12:54.403, 1, NVIDIA GB300, 211.37 W, 245876 MiB, 0 %
2026/10/09 12:12:55.403, 0, NVIDIA RTX PRO 6000 Blackwell Max-Q Workstation Edition, 19.62 W, 47 MiB, 0 %
2026/10/09 12:12:55.403, 1, NVIDIA GB300, 211.32 W, 245876 MiB, 0 %
2026/10/09 12:12:56.403, 0, NVIDIA RTX PRO 6000 Blackwell Max-Q Workstation Edition, 21.32 W, 47 MiB, 0 %
2026/10/09 12:12:56.403, 1, NVIDIA GB300, 442.90 W, 245876 MiB, 100 %
2026/10/09 12:12:57.403, 0, NVIDIA RTX PRO 6000 Blackwell Max-Q Workstation Edition, 23.28 W, 47 MiB, 0 %
2026/10/09 12:12:57.403, 1, NVIDIA GB300, 348.36 W, 245876 MiB, 100 %
2026/10/09 12:12:58.403, 0, NVIDIA RTX PRO 6000 Blackwell Max-Q Workstation Edition, 18.70 W, 47 MiB, 0 %
2026/10/09 12:12:58.403, 1, NVIDIA GB300, 348.34 W, 245876 MiB, 100 %
2026/10/09 12:12:59.403, 0, NVIDIA RTX PRO 6000 Blackwell Max-Q Workstation Edition, 18.65 W, 47 MiB, 0 %
2026/10/09 12:12:59.403, 1, NVIDIA GB300, 365.55 W, 245876 MiB, 100 %
2026/10/09 12:13:00.403, 0, NVIDIA RTX PRO 6000 Blackwell Max-Q Workstation Edition, 18.66 W, 47 MiB, 0 %
2026/10/09 12:13:00.403, 1, NVIDIA GB300, 367.74 W, 245876 MiB, 100 %
2026/10/09 12:13:01.403, 0, NVIDIA RTX PRO 6000 Blackwell Max-Q Workstation Edition, 18.76 W, 47 MiB, 0 %
2026/10/09 12:13:01.403, 1, NVIDIA GB300, 372.03 W, 245876 MiB, 100 %
2026/10/09 12:13:02.404, 0, NVIDIA RTX PRO 6000 Blackwell Max-Q Workstation Edition, 18.75 W, 47 MiB, 0 %
2026/10/09 12:13:02.404, 1, NVIDIA GB300, 452.27 W, 245876 MiB, 100 %
2026/10/09 12:13:03.404, 0, NVIDIA RTX PRO 6000 Blackwell Max-Q Workstation Edition, 20.25 W, 47 MiB, 0 %
2026/10/09 12:13:03.404, 1, NVIDIA GB300, 400.47 W, 245876 MiB, 100 %
2026/10/09 12:13:04.404, 0, NVIDIA RTX PRO 6000 Blackwell Max-Q Workstation Edition, 22.47 W, 47 MiB, 0 %
2026/10/09 12:13:04.404, 1, NVIDIA GB300, 401.95 W, 245876 MiB, 100 %
2026/10/09 12:13:05.404, 0, NVIDIA RTX PRO 6000 Blackwell Max-Q Workstation Edition, 18.22 W, 47 MiB, 0 %
2026/10/09 12:13:05.404, 1, NVIDIA GB300, 398.75 W, 245876 MiB, 100 %
2026/10/09 12:13:06.404, 0, NVIDIA RTX PRO 6000 Blackwell Max-Q Workstation Edition, 18.25 W, 47 MiB, 0 %
2026/10/09 12:13:06.404, 1, NVIDIA GB300, 474.76 W, 245876 MiB, 100 %
2026/10/09 12:13:07.404, 0, NVIDIA RTX PRO 6000 Blackwell Max-Q Workstation Edition, 18.45 W, 47 MiB, 0 %
2026/10/09 12:13:07.404, 1, NVIDIA GB300, 404.58 W, 245876 MiB, 100 %
2026/10/09 12:13:08.404, 0, NVIDIA RTX PRO 6000 Blackwell Max-Q Workstation Edition, 18.49 W, 47 MiB, 0 %
2026/10/09 12:13:08.404, 1, NVIDIA GB300, 403.89 W, 245876 MiB, 100 %
2026/10/09 12:13:09.404, 0, NVIDIA RTX PRO 6000 Blackwell Max-Q Workstation Edition, 18.87 W, 47 MiB, 0 %
2026/10/09 12:13:09.404, 1, NVIDIA GB300, 457.55 W, 245876 MiB, 100 %
2026/10/09 12:13:10.404, 0, NVIDIA RTX PRO 6000 Blackwell Max-Q Workstation Edition, 20.56 W, 47 MiB, 0 %
2026/10/09 12:13:10.404, 1, NVIDIA GB300, 361.08 W, 245876 MiB, 100 %
2026/10/09 12:13:11.405, 0, NVIDIA RTX PRO 6000 Blackwell Max-Q Workstation Edition, 23.42 W, 47 MiB, 0 %
2026/10/09 12:13:11.405, 1, NVIDIA GB300, 343.69 W, 245876 MiB, 100 %
2026/10/09 12:13:12.405, 0, NVIDIA RTX PRO 6000 Blackwell Max-Q Workstation Edition, 18.85 W, 47 MiB, 0 %
2026/10/09 12:13:12.405, 1, NVIDIA GB300, 343.77 W, 245876 MiB, 100 %
2026/10/09 12:13:13.405, 0, NVIDIA RTX PRO 6000 Blackwell Max-Q Workstation Edition, 18.39 W, 47 MiB, 0 %
2026/10/09 12:13:13.405, 1, NVIDIA GB300, 343.36 W, 245876 MiB, 100 %
2026/10/09 12:13:14.405, 0, NVIDIA RTX PRO 6000 Blackwell Max-Q Workstation Edition, 18.45 W, 47 MiB, 0 %
2026/10/09 12:13:14.405, 1, NVIDIA GB300, 341.39 W, 245876 MiB, 100 %
2026/10/09 12:13:15.405, 0, NVIDIA RTX PRO 6000 Blackwell Max-Q Workstation Edition, 18.54 W, 47 MiB, 0 %
2026/10/09 12:13:15.450, 1, NVIDIA GB300, 346.54 W, 245876 MiB, 100 %
2026/10/09 12:13:16.450, 0, NVIDIA RTX PRO 6000 Blackwell Max-Q Workstation Edition, 18.42 W, 47 MiB, 0 %
2026/10/09 12:13:16.450, 1, NVIDIA GB300, 347.80 W, 245876 MiB, 100 %
2026/10/09 12:13:17.450, 0, NVIDIA RTX PRO 6000 Blackwell Max-Q Workstation Edition, 19.95 W, 47 MiB, 0 %
2026/10/09 12:13:17.450, 1, NVIDIA GB300, 345.28 W, 245876 MiB, 100 %
2026/10/09 12:13:18.450, 0, NVIDIA RTX PRO 6000 Blackwell Max-Q Workstation Edition, 23.29 W, 47 MiB, 0 %
2026/10/09 12:13:18.450, 1, NVIDIA GB300, 341.75 W, 245876 MiB, 100 %
2026/10/09 12:13:19.450, 0, NVIDIA RTX PRO 6000 Blackwell Max-Q Workstation Edition, 18.92 W, 47 MiB, 0 %
2026/10/09 12:13:19.450, 1, NVIDIA GB300, 342.50 W, 245876 MiB, 100 %
2026/10/09 12:13:20.450, 0, NVIDIA RTX PRO 6000 Blackwell Max-Q Workstation Edition, 18.74 W, 47 MiB, 0 %
2026/10/09 12:13:20.460, 1, NVIDIA GB300, 344.20 W, 245876 MiB, 100 %
2026/10/09 12:13:21.460, 0, NVIDIA RTX PRO 6000 Blackwell Max-Q Workstation Edition, 18.85 W, 47 MiB, 0 %
2026/10/09 12:13:21.460, 1, NVIDIA GB300, 342.30 W, 245876 MiB, 100 %
2026/10/09 12:13:22.460, 0, NVIDIA RTX PRO 6000 Blackwell Max-Q Workstation Edition, 18.79 W, 47 MiB, 0 %
2026/10/09 12:13:22.460, 1, NVIDIA GB300, 346.30 W, 245876 MiB, 100 %
2026/10/09 12:13:23.460, 0, NVIDIA RTX PRO 6000 Blackwell Max-Q Workstation Edition, 18.87 W, 47 MiB, 0 %
2026/10/09 12:13:23.460, 1, NVIDIA GB300, 434.12 W, 245876 MiB, 100 %
2026/10/09 12:13:24.461, 0, NVIDIA RTX PRO 6000 Blackwell Max-Q Workstation Edition, 19.76 W, 47 MiB, 0 %
2026/10/09 12:13:24.461, 1, NVIDIA GB300, 421.03 W, 245876 MiB, 100 %
2026/10/09 12:13:25.461, 0, NVIDIA RTX PRO 6000 Blackwell Max-Q Workstation Edition, 23.55 W, 47 MiB, 0 %
2026/10/09 12:13:25.461, 1, NVIDIA GB300, 415.46 W, 245876 MiB, 100 %
2026/10/09 12:13:26.461, 0, NVIDIA RTX PRO 6000 Blackwell Max-Q Workstation Edition, 19.35 W, 47 MiB, 0 %
2026/10/09 12:13:26.461, 1, NVIDIA GB300, 419.27 W, 245876 MiB, 100 %
2026/10/09 12:13:37.462, 0, NVIDIA RTX PRO 6000 Blackwell Max-Q Workstation Edition, 18.91 W, 47 MiB, 0 %
2026/10/09 12:13:37.462, 1, NVIDIA GB300, 324.29 W, 245876 MiB, 0 %
2026/10/09 12:13:38.462, 0, NVIDIA RTX PRO 6000 Blackwell Max-Q Workstation Edition, 19.12 W, 47 MiB, 0 %
2026/10/09 12:13:38.462, 1, NVIDIA GB300, 211.76 W, 245876 MiB, 0 %
2026/10/09 12:13:39.462, 0, NVIDIA RTX PRO 6000 Blackwell Max-Q Workstation Edition, 23.40 W, 47 MiB, 0 %
2026/10/09 12:13:39.462, 1, NVIDIA GB300, 211.43 W, 245876 MiB, 0 %
2026/10/09 12:13:40.462, 0, NVIDIA RTX PRO 6000 Blackwell Max-Q Workstation Edition, 23.53 W, 47 MiB, 0 %
2026/10/09 12:13:40.462, 1, NVIDIA GB300, 211.40 W, 245876 MiB, 0 %
2026/10/09 12:13:41.463, 0, NVIDIA RTX PRO 6000 Blackwell Max-Q Workstation Edition, 19.44 W, 47 MiB, 0 %
2026/10/09 12:13:41.463, 1, NVIDIA GB300, 211.29 W, 245876 MiB, 0 %
2026/10/09 12:13:42.463, 0, NVIDIA RTX PRO 6000 Blackwell Max-Q Workstation Edition, 19.36 W, 47 MiB, 0 %
2026/10/09 12:13:42.463, 1, NVIDIA GB300, 211.25 W, 245876 MiB, 0 %
2026/10/09 12:13:43.463, 0, NVIDIA RTX PRO 6000 Blackwell Max-Q Workstation Edition, 19.59 W, 47 MiB, 0 %
2026/10/09 12:13:43.463, 1, NVIDIA GB300, 211.28 W, 245876 MiB, 0 %
2026/10/09 12:13:44.463, 0, NVIDIA RTX PRO 6000 Blackwell Max-Q Workstation Edition, 19.65 W, 47 MiB, 0 %
2026/10/09 12:13:44.463, 1, NVIDIA GB300, 211.21 W, 245876 MiB, 0 %
2026/10/09 12:13:45.463, 0, NVIDIA RTX PRO 6000 Blackwell Max-Q Workstation Edition, 19.65 W, 47 MiB, 0 %
2026/10/09 12:13:45.463, 1, NVIDIA GB300, 211.28 W, 245876 MiB, 0 %
2026/10/09 12:13:46.463, 0, NVIDIA RTX PRO 6000 Blackwell Max-Q Workstation Edition, 21.05 W, 47 MiB, 0 %
2026/10/09 12:13:46.463, 1, NVIDIA GB300, 211.29 W, 245876 MiB, 0 %
2026/10/09 12:13:47.463, 0, NVIDIA RTX PRO 6000 Blackwell Max-Q Workstation Edition, 23.25 W, 47 MiB, 0 %
2026/10/09 12:13:47.463, 1, NVIDIA GB300, 378.80 W, 245876 MiB, 100 %
2026/10/09 12:13:48.463, 0, NVIDIA RTX PRO 6000 Blackwell Max-Q Workstation Edition, 18.90 W, 47 MiB, 0 %
2026/10/09 12:13:48.463, 1, NVIDIA GB300, 405.43 W, 245876 MiB, 100 %
2026/10/09 12:13:49.463, 0, NVIDIA RTX PRO 6000 Blackwell Max-Q Workstation Edition, 18.83 W, 47 MiB, 0 %
2026/10/09 12:13:49.463, 1, NVIDIA GB300, 412.39 W, 245876 MiB, 100 %
2026/10/09 12:13:50.464, 0, NVIDIA RTX PRO 6000 Blackwell Max-Q Workstation Edition, 18.84 W, 47 MiB, 0 %
2026/10/09 12:13:50.464, 1, NVIDIA GB300, 404.86 W, 245876 MiB, 100 %
2026/10/09 12:13:51.464, 0, NVIDIA RTX PRO 6000 Blackwell Max-Q Workstation Edition, 18.88 W, 47 MiB, 0 %
2026/10/09 12:13:51.464, 1, NVIDIA GB300, 472.29 W, 245876 MiB, 100 %
2026/10/09 12:13:52.464, 0, NVIDIA RTX PRO 6000 Blackwell Max-Q Workstation Edition, 18.87 W, 47 MiB, 0 %
2026/10/09 12:13:52.464, 1, NVIDIA GB300, 407.78 W, 245876 MiB, 100 %
2026/10/09 12:13:53.464, 0, NVIDIA RTX PRO 6000 Blackwell Max-Q Workstation Edition, 20.70 W, 47 MiB, 0 %
2026/10/09 12:13:53.464, 1, NVIDIA GB300, 403.98 W, 245876 MiB, 100 %
2026/10/09 12:13:54.464, 0, NVIDIA RTX PRO 6000 Blackwell Max-Q Workstation Edition, 23.47 W, 47 MiB, 0 %
2026/10/09 12:13:54.464, 1, NVIDIA GB300, 399.94 W, 245876 MiB, 100 %
2026/10/09 12:13:55.464, 0, NVIDIA RTX PRO 6000 Blackwell Max-Q Workstation Edition, 19.62 W, 47 MiB, 0 %
2026/10/09 12:13:55.464, 1, NVIDIA GB300, 473.67 W, 245876 MiB, 100 %
2026/10/09 12:13:56.464, 0, NVIDIA RTX PRO 6000 Blackwell Max-Q Workstation Edition, 19.31 W, 47 MiB, 0 %
2026/10/09 12:13:56.464, 1, NVIDIA GB300, 441.08 W, 245876 MiB, 100 %
2026/10/09 12:13:57.464, 0, NVIDIA RTX PRO 6000 Blackwell Max-Q Workstation Edition, 18.67 W, 47 MiB, 0 %
2026/10/09 12:13:57.464, 1, NVIDIA GB300, 356.11 W, 245876 MiB, 100 %
2026/10/09 12:13:58.464, 0, NVIDIA RTX PRO 6000 Blackwell Max-Q Workstation Edition, 18.56 W, 47 MiB, 0 %
2026/10/09 12:13:58.464, 1, NVIDIA GB300, 377.32 W, 245876 MiB, 100 %
2026/10/09 12:13:59.464, 0, NVIDIA RTX PRO 6000 Blackwell Max-Q Workstation Edition, 18.76 W, 47 MiB, 0 %
2026/10/09 12:13:59.464, 1, NVIDIA GB300, 377.09 W, 245876 MiB, 100 %
2026/10/09 12:14:00.465, 0, NVIDIA RTX PRO 6000 Blackwell Max-Q Workstation Edition, 19.98 W, 47 MiB, 0 %
2026/10/09 12:14:00.465, 1, NVIDIA GB300, 376.11 W, 245876 MiB, 100 %
2026/10/09 12:14:01.465, 0, NVIDIA RTX PRO 6000 Blackwell Max-Q Workstation Edition, 22.98 W, 47 MiB, 0 %
2026/10/09 12:14:01.465, 1, NVIDIA GB300, 378.10 W, 245876 MiB, 100 %
2026/10/09 12:14:02.465, 0, NVIDIA RTX PRO 6000 Blackwell Max-Q Workstation Edition, 19.07 W, 47 MiB, 0 %
2026/10/09 12:14:02.465, 1, NVIDIA GB300, 471.21 W, 245876 MiB, 100 %
2026/10/09 12:14:03.465, 0, NVIDIA RTX PRO 6000 Blackwell Max-Q Workstation Edition, 18.92 W, 47 MiB, 0 %
2026/10/09 12:14:03.465, 1, NVIDIA GB300, 399.00 W, 245876 MiB, 100 %
2026/10/09 12:14:04.465, 0, NVIDIA RTX PRO 6000 Blackwell Max-Q Workstation Edition, 18.82 W, 47 MiB, 0 %
2026/10/09 12:14:04.480, 1, NVIDIA GB300, 396.77 W, 245876 MiB, 100 %
2026/10/09 12:14:05.480, 0, NVIDIA RTX PRO 6000 Blackwell Max-Q Workstation Edition, 18.59 W, 47 MiB, 0 %
2026/10/09 12:14:05.480, 1, NVIDIA GB300, 473.72 W, 245876 MiB, 100 %
2026/10/09 12:14:06.480, 0, NVIDIA RTX PRO 6000 Blackwell Max-Q Workstation Edition, 18.67 W, 47 MiB, 0 %
2026/10/09 12:14:06.480, 1, NVIDIA GB300, 400.32 W, 245876 MiB, 100 %
2026/10/09 12:14:07.480, 0, NVIDIA RTX PRO 6000 Blackwell Max-Q Workstation Edition, 19.62 W, 47 MiB, 0 %
2026/10/09 12:14:07.480, 1, NVIDIA GB300, 404.27 W, 245876 MiB, 100 %

--- arm B random C16: random/power-<host>-random.csv, windows decode-c16-r1 12:14:41.333-12:16:56.811
2026/10/09 12:14:41.534, 0, NVIDIA RTX PRO 6000 Blackwell Max-Q Workstation Edition, 18.91 W, 47 MiB, 0 %
2026/10/09 12:14:41.534, 1, NVIDIA GB300, 330.29 W, 245876 MiB, 0 %
2026/10/09 12:14:42.534, 0, NVIDIA RTX PRO 6000 Blackwell Max-Q Workstation Edition, 19.24 W, 47 MiB, 0 %
2026/10/09 12:14:42.534, 1, NVIDIA GB300, 212.20 W, 245876 MiB, 0 %
2026/10/09 12:14:43.534, 0, NVIDIA RTX PRO 6000 Blackwell Max-Q Workstation Edition, 21.16 W, 47 MiB, 0 %
2026/10/09 12:14:43.534, 1, NVIDIA GB300, 211.17 W, 245876 MiB, 0 %
2026/10/09 12:14:44.534, 0, NVIDIA RTX PRO 6000 Blackwell Max-Q Workstation Edition, 23.95 W, 47 MiB, 0 %
2026/10/09 12:14:44.534, 1, NVIDIA GB300, 211.09 W, 245876 MiB, 0 %
2026/10/09 12:14:45.534, 0, NVIDIA RTX PRO 6000 Blackwell Max-Q Workstation Edition, 19.99 W, 47 MiB, 0 %
2026/10/09 12:14:45.534, 1, NVIDIA GB300, 211.09 W, 245876 MiB, 0 %
2026/10/09 12:14:46.535, 0, NVIDIA RTX PRO 6000 Blackwell Max-Q Workstation Edition, 19.79 W, 47 MiB, 0 %
2026/10/09 12:14:46.535, 1, NVIDIA GB300, 211.09 W, 245876 MiB, 0 %
2026/10/09 12:14:47.535, 0, NVIDIA RTX PRO 6000 Blackwell Max-Q Workstation Edition, 19.59 W, 47 MiB, 0 %
2026/10/09 12:14:47.535, 1, NVIDIA GB300, 211.09 W, 245876 MiB, 0 %
2026/10/09 12:14:48.535, 0, NVIDIA RTX PRO 6000 Blackwell Max-Q Workstation Edition, 19.76 W, 47 MiB, 0 %
2026/10/09 12:14:48.535, 1, NVIDIA GB300, 211.09 W, 245876 MiB, 0 %
2026/10/09 12:14:49.535, 0, NVIDIA RTX PRO 6000 Blackwell Max-Q Workstation Edition, 19.76 W, 47 MiB, 0 %
2026/10/09 12:14:49.535, 1, NVIDIA GB300, 211.09 W, 245876 MiB, 0 %
2026/10/09 12:14:50.535, 0, NVIDIA RTX PRO 6000 Blackwell Max-Q Workstation Edition, 20.57 W, 47 MiB, 0 %
2026/10/09 12:14:50.580, 1, NVIDIA GB300, 211.09 W, 245876 MiB, 0 %
2026/10/09 12:14:51.580, 0, NVIDIA RTX PRO 6000 Blackwell Max-Q Workstation Edition, 23.81 W, 47 MiB, 0 %
2026/10/09 12:14:51.580, 1, NVIDIA GB300, 211.09 W, 245876 MiB, 0 %
2026/10/09 12:14:52.580, 0, NVIDIA RTX PRO 6000 Blackwell Max-Q Workstation Edition, 19.88 W, 47 MiB, 0 %
2026/10/09 12:14:52.580, 1, NVIDIA GB300, 211.10 W, 245876 MiB, 0 %
2026/10/09 12:14:53.581, 0, NVIDIA RTX PRO 6000 Blackwell Max-Q Workstation Edition, 19.86 W, 47 MiB, 0 %
2026/10/09 12:14:53.581, 1, NVIDIA GB300, 211.10 W, 245876 MiB, 0 %
2026/10/09 12:14:54.581, 0, NVIDIA RTX PRO 6000 Blackwell Max-Q Workstation Edition, 19.81 W, 47 MiB, 0 %
2026/10/09 12:14:54.581, 1, NVIDIA GB300, 261.16 W, 245876 MiB, 0 %
2026/10/09 12:14:55.581, 0, NVIDIA RTX PRO 6000 Blackwell Max-Q Workstation Edition, 19.17 W, 47 MiB, 0 %
2026/10/09 12:14:55.581, 1, NVIDIA GB300, 676.74 W, 245876 MiB, 100 %
2026/10/09 12:14:56.581, 0, NVIDIA RTX PRO 6000 Blackwell Max-Q Workstation Edition, 19.03 W, 47 MiB, 0 %
2026/10/09 12:14:56.581, 1, NVIDIA GB300, 649.00 W, 245876 MiB, 100 %
2026/10/09 12:14:57.581, 0, NVIDIA RTX PRO 6000 Blackwell Max-Q Workstation Edition, 19.21 W, 47 MiB, 0 %
2026/10/09 12:14:57.581, 1, NVIDIA GB300, 656.21 W, 245876 MiB, 100 %
2026/10/09 12:14:58.581, 0, NVIDIA RTX PRO 6000 Blackwell Max-Q Workstation Edition, 23.69 W, 47 MiB, 0 %
2026/10/09 12:14:58.581, 1, NVIDIA GB300, 688.28 W, 245876 MiB, 100 %
2026/10/09 12:14:59.581, 0, NVIDIA RTX PRO 6000 Blackwell Max-Q Workstation Edition, 19.06 W, 47 MiB, 0 %
2026/10/09 12:14:59.581, 1, NVIDIA GB300, 588.26 W, 245876 MiB, 100 %
2026/10/09 12:15:00.581, 0, NVIDIA RTX PRO 6000 Blackwell Max-Q Workstation Edition, 18.66 W, 47 MiB, 0 %
2026/10/09 12:15:00.581, 1, NVIDIA GB300, 418.83 W, 245876 MiB, 100 %
2026/10/09 12:15:01.582, 0, NVIDIA RTX PRO 6000 Blackwell Max-Q Workstation Edition, 18.27 W, 47 MiB, 0 %
2026/10/09 12:15:01.582, 1, NVIDIA GB300, 411.51 W, 245876 MiB, 100 %
2026/10/09 12:15:02.582, 0, NVIDIA RTX PRO 6000 Blackwell Max-Q Workstation Edition, 18.19 W, 47 MiB, 0 %
2026/10/09 12:15:02.582, 1, NVIDIA GB300, 417.89 W, 245876 MiB, 100 %
2026/10/09 12:15:03.582, 0, NVIDIA RTX PRO 6000 Blackwell Max-Q Workstation Edition, 18.16 W, 47 MiB, 0 %
2026/10/09 12:15:03.582, 1, NVIDIA GB300, 417.79 W, 245876 MiB, 100 %
2026/10/09 12:15:04.582, 0, NVIDIA RTX PRO 6000 Blackwell Max-Q Workstation Edition, 18.13 W, 47 MiB, 0 %
2026/10/09 12:15:04.582, 1, NVIDIA GB300, 401.97 W, 245876 MiB, 100 %
2026/10/09 12:15:05.582, 0, NVIDIA RTX PRO 6000 Blackwell Max-Q Workstation Edition, 22.59 W, 47 MiB, 0 %
2026/10/09 12:15:05.582, 1, NVIDIA GB300, 395.75 W, 245876 MiB, 100 %
2026/10/09 12:15:06.582, 0, NVIDIA RTX PRO 6000 Blackwell Max-Q Workstation Edition, 22.71 W, 47 MiB, 0 %
2026/10/09 12:15:06.582, 1, NVIDIA GB300, 400.64 W, 245876 MiB, 100 %
2026/10/09 12:15:07.582, 0, NVIDIA RTX PRO 6000 Blackwell Max-Q Workstation Edition, 18.86 W, 47 MiB, 0 %
2026/10/09 12:15:07.582, 1, NVIDIA GB300, 394.40 W, 245876 MiB, 100 %
2026/10/09 12:15:08.582, 0, NVIDIA RTX PRO 6000 Blackwell Max-Q Workstation Edition, 18.38 W, 47 MiB, 0 %
2026/10/09 12:15:08.582, 1, NVIDIA GB300, 397.00 W, 245876 MiB, 100 %
2026/10/09 12:15:09.583, 0, NVIDIA RTX PRO 6000 Blackwell Max-Q Workstation Edition, 18.43 W, 47 MiB, 0 %
2026/10/09 12:15:09.583, 1, NVIDIA GB300, 393.70 W, 245876 MiB, 100 %
2026/10/09 12:15:10.583, 0, NVIDIA RTX PRO 6000 Blackwell Max-Q Workstation Edition, 18.35 W, 47 MiB, 0 %
2026/10/09 12:15:10.583, 1, NVIDIA GB300, 398.98 W, 245876 MiB, 100 %
2026/10/09 12:15:11.583, 0, NVIDIA RTX PRO 6000 Blackwell Max-Q Workstation Edition, 18.17 W, 47 MiB, 0 %
2026/10/09 12:15:11.583, 1, NVIDIA GB300, 394.16 W, 245876 MiB, 100 %
2026/10/09 12:15:12.583, 0, NVIDIA RTX PRO 6000 Blackwell Max-Q Workstation Edition, 20.02 W, 47 MiB, 0 %
2026/10/09 12:15:12.583, 1, NVIDIA GB300, 409.51 W, 245876 MiB, 100 %
2026/10/09 12:15:13.583, 0, NVIDIA RTX PRO 6000 Blackwell Max-Q Workstation Edition, 22.62 W, 47 MiB, 0 %
2026/10/09 12:15:13.583, 1, NVIDIA GB300, 411.36 W, 245876 MiB, 100 %
2026/10/09 12:15:14.583, 0, NVIDIA RTX PRO 6000 Blackwell Max-Q Workstation Edition, 17.67 W, 47 MiB, 0 %
2026/10/09 12:15:14.585, 1, NVIDIA GB300, 429.94 W, 245876 MiB, 100 %
2026/10/09 12:15:15.585, 0, NVIDIA RTX PRO 6000 Blackwell Max-Q Workstation Edition, 17.67 W, 47 MiB, 0 %
2026/10/09 12:15:15.585, 1, NVIDIA GB300, 425.25 W, 245876 MiB, 100 %
2026/10/09 12:15:16.586, 0, NVIDIA RTX PRO 6000 Blackwell Max-Q Workstation Edition, 17.77 W, 47 MiB, 0 %
2026/10/09 12:15:16.586, 1, NVIDIA GB300, 509.61 W, 245876 MiB, 100 %
2026/10/09 12:15:17.586, 0, NVIDIA RTX PRO 6000 Blackwell Max-Q Workstation Edition, 18.15 W, 47 MiB, 0 %
2026/10/09 12:15:17.586, 1, NVIDIA GB300, 645.39 W, 245876 MiB, 100 %
2026/10/09 12:15:18.586, 0, NVIDIA RTX PRO 6000 Blackwell Max-Q Workstation Edition, 18.46 W, 47 MiB, 0 %
2026/10/09 12:15:18.586, 1, NVIDIA GB300, 609.58 W, 245876 MiB, 100 %
2026/10/09 12:15:19.586, 0, NVIDIA RTX PRO 6000 Blackwell Max-Q Workstation Edition, 20.55 W, 47 MiB, 0 %
2026/10/09 12:15:19.586, 1, NVIDIA GB300, 596.17 W, 245876 MiB, 100 %
2026/10/09 12:15:20.586, 0, NVIDIA RTX PRO 6000 Blackwell Max-Q Workstation Edition, 23.32 W, 47 MiB, 0 %
2026/10/09 12:15:20.586, 1, NVIDIA GB300, 631.86 W, 245876 MiB, 100 %
2026/10/09 12:15:21.586, 0, NVIDIA RTX PRO 6000 Blackwell Max-Q Workstation Edition, 18.74 W, 47 MiB, 0 %
2026/10/09 12:15:21.586, 1, NVIDIA GB300, 572.28 W, 245876 MiB, 100 %
2026/10/09 12:15:22.586, 0, NVIDIA RTX PRO 6000 Blackwell Max-Q Workstation Edition, 18.64 W, 47 MiB, 0 %
2026/10/09 12:15:22.586, 1, NVIDIA GB300, 411.92 W, 245876 MiB, 100 %
2026/10/09 12:15:23.586, 0, NVIDIA RTX PRO 6000 Blackwell Max-Q Workstation Edition, 18.25 W, 47 MiB, 0 %
2026/10/09 12:15:23.587, 1, NVIDIA GB300, 417.15 W, 245876 MiB, 100 %
2026/10/09 12:15:24.587, 0, NVIDIA RTX PRO 6000 Blackwell Max-Q Workstation Edition, 18.21 W, 47 MiB, 0 %
2026/10/09 12:15:24.601, 1, NVIDIA GB300, 405.58 W, 245876 MiB, 100 %
2026/10/09 12:15:25.601, 0, NVIDIA RTX PRO 6000 Blackwell Max-Q Workstation Edition, 18.32 W, 47 MiB, 0 %
2026/10/09 12:15:25.601, 1, NVIDIA GB300, 405.60 W, 245876 MiB, 100 %
2026/10/09 12:15:26.601, 0, NVIDIA RTX PRO 6000 Blackwell Max-Q Workstation Edition, 19.77 W, 47 MiB, 0 %
2026/10/09 12:15:26.601, 1, NVIDIA GB300, 409.04 W, 245876 MiB, 100 %
2026/10/09 12:15:27.602, 0, NVIDIA RTX PRO 6000 Blackwell Max-Q Workstation Edition, 22.90 W, 47 MiB, 0 %
2026/10/09 12:15:27.602, 1, NVIDIA GB300, 409.73 W, 245876 MiB, 100 %
2026/10/09 12:15:28.602, 0, NVIDIA RTX PRO 6000 Blackwell Max-Q Workstation Edition, 18.59 W, 47 MiB, 0 %
2026/10/09 12:15:28.602, 1, NVIDIA GB300, 408.23 W, 245876 MiB, 100 %
2026/10/09 12:15:29.602, 0, NVIDIA RTX PRO 6000 Blackwell Max-Q Workstation Edition, 18.53 W, 47 MiB, 0 %
2026/10/09 12:15:29.602, 1, NVIDIA GB300, 401.70 W, 245876 MiB, 100 %
2026/10/09 12:15:30.602, 0, NVIDIA RTX PRO 6000 Blackwell Max-Q Workstation Edition, 18.42 W, 47 MiB, 0 %
2026/10/09 12:15:30.602, 1, NVIDIA GB300, 493.12 W, 245876 MiB, 100 %
2026/10/09 12:15:31.602, 0, NVIDIA RTX PRO 6000 Blackwell Max-Q Workstation Edition, 18.22 W, 47 MiB, 0 %
2026/10/09 12:15:31.602, 1, NVIDIA GB300, 415.03 W, 245876 MiB, 100 %
2026/10/09 12:15:32.602, 0, NVIDIA RTX PRO 6000 Blackwell Max-Q Workstation Edition, 18.02 W, 47 MiB, 0 %
2026/10/09 12:15:32.602, 1, NVIDIA GB300, 420.89 W, 245876 MiB, 100 %
2026/10/09 12:15:33.602, 0, NVIDIA RTX PRO 6000 Blackwell Max-Q Workstation Edition, 19.35 W, 47 MiB, 0 %
2026/10/09 12:15:33.602, 1, NVIDIA GB300, 472.72 W, 245876 MiB, 100 %
2026/10/09 12:15:34.602, 0, NVIDIA RTX PRO 6000 Blackwell Max-Q Workstation Edition, 22.93 W, 47 MiB, 0 %
2026/10/09 12:15:34.602, 1, NVIDIA GB300, 431.19 W, 245876 MiB, 100 %
2026/10/09 12:15:35.603, 0, NVIDIA RTX PRO 6000 Blackwell Max-Q Workstation Edition, 18.27 W, 47 MiB, 0 %
2026/10/09 12:15:35.603, 1, NVIDIA GB300, 403.10 W, 245876 MiB, 100 %
2026/10/09 12:15:36.603, 0, NVIDIA RTX PRO 6000 Blackwell Max-Q Workstation Edition, 18.03 W, 47 MiB, 0 %
2026/10/09 12:15:36.603, 1, NVIDIA GB300, 405.18 W, 245876 MiB, 100 %
2026/10/09 12:15:37.603, 0, NVIDIA RTX PRO 6000 Blackwell Max-Q Workstation Edition, 18.05 W, 47 MiB, 0 %
2026/10/09 12:15:37.603, 1, NVIDIA GB300, 401.74 W, 245876 MiB, 100 %
2026/10/09 12:15:38.603, 0, NVIDIA RTX PRO 6000 Blackwell Max-Q Workstation Edition, 18.11 W, 47 MiB, 0 %
2026/10/09 12:15:38.603, 1, NVIDIA GB300, 409.75 W, 245876 MiB, 100 %
2026/10/09 12:15:39.603, 0, NVIDIA RTX PRO 6000 Blackwell Max-Q Workstation Edition, 18.17 W, 47 MiB, 0 %
2026/10/09 12:15:39.603, 1, NVIDIA GB300, 548.43 W, 245876 MiB, 100 %
2026/10/09 12:15:40.603, 0, NVIDIA RTX PRO 6000 Blackwell Max-Q Workstation Edition, 19.37 W, 47 MiB, 0 %
2026/10/09 12:15:40.603, 1, NVIDIA GB300, 638.78 W, 245876 MiB, 100 %
2026/10/09 12:15:41.603, 0, NVIDIA RTX PRO 6000 Blackwell Max-Q Workstation Edition, 23.89 W, 47 MiB, 0 %
2026/10/09 12:15:41.603, 1, NVIDIA GB300, 577.56 W, 245876 MiB, 100 %
2026/10/09 12:15:42.603, 0, NVIDIA RTX PRO 6000 Blackwell Max-Q Workstation Edition, 18.71 W, 47 MiB, 0 %
2026/10/09 12:15:42.603, 1, NVIDIA GB300, 615.45 W, 245876 MiB, 100 %
2026/10/09 12:15:43.604, 0, NVIDIA RTX PRO 6000 Blackwell Max-Q Workstation Edition, 19.15 W, 47 MiB, 0 %
2026/10/09 12:15:43.604, 1, NVIDIA GB300, 600.80 W, 245876 MiB, 100 %
2026/10/09 12:15:44.604, 0, NVIDIA RTX PRO 6000 Blackwell Max-Q Workstation Edition, 18.74 W, 47 MiB, 0 %
2026/10/09 12:15:44.604, 1, NVIDIA GB300, 397.92 W, 245876 MiB, 100 %
2026/10/09 12:15:45.604, 0, NVIDIA RTX PRO 6000 Blackwell Max-Q Workstation Edition, 18.26 W, 47 MiB, 0 %
2026/10/09 12:15:45.604, 1, NVIDIA GB300, 397.11 W, 245876 MiB, 100 %
2026/10/09 12:15:46.604, 0, NVIDIA RTX PRO 6000 Blackwell Max-Q Workstation Edition, 18.33 W, 47 MiB, 0 %
2026/10/09 12:15:46.604, 1, NVIDIA GB300, 481.34 W, 245876 MiB, 100 %
2026/10/09 12:15:47.604, 0, NVIDIA RTX PRO 6000 Blackwell Max-Q Workstation Edition, 18.65 W, 47 MiB, 0 %
2026/10/09 12:15:47.604, 1, NVIDIA GB300, 416.16 W, 245876 MiB, 100 %
2026/10/09 12:15:48.604, 0, NVIDIA RTX PRO 6000 Blackwell Max-Q Workstation Edition, 22.76 W, 47 MiB, 0 %
2026/10/09 12:15:48.604, 1, NVIDIA GB300, 392.36 W, 245876 MiB, 100 %
2026/10/09 12:15:49.604, 0, NVIDIA RTX PRO 6000 Blackwell Max-Q Workstation Edition, 18.42 W, 47 MiB, 0 %
2026/10/09 12:15:49.604, 1, NVIDIA GB300, 393.54 W, 245876 MiB, 100 %
2026/10/09 12:15:50.604, 0, NVIDIA RTX PRO 6000 Blackwell Max-Q Workstation Edition, 18.39 W, 47 MiB, 0 %
2026/10/09 12:15:50.604, 1, NVIDIA GB300, 393.98 W, 245876 MiB, 100 %
2026/10/09 12:15:51.604, 0, NVIDIA RTX PRO 6000 Blackwell Max-Q Workstation Edition, 18.23 W, 47 MiB, 0 %
2026/10/09 12:15:51.604, 1, NVIDIA GB300, 392.02 W, 245876 MiB, 100 %
2026/10/09 12:15:52.605, 0, NVIDIA RTX PRO 6000 Blackwell Max-Q Workstation Edition, 18.50 W, 47 MiB, 0 %
2026/10/09 12:15:52.614, 1, NVIDIA GB300, 413.18 W, 245876 MiB, 100 %
2026/10/09 12:15:53.614, 0, NVIDIA RTX PRO 6000 Blackwell Max-Q Workstation Edition, 18.61 W, 47 MiB, 0 %
2026/10/09 12:15:53.615, 1, NVIDIA GB300, 481.60 W, 245876 MiB, 100 %
2026/10/09 12:15:54.615, 0, NVIDIA RTX PRO 6000 Blackwell Max-Q Workstation Edition, 18.64 W, 47 MiB, 0 %
2026/10/09 12:15:54.615, 1, NVIDIA GB300, 394.32 W, 245876 MiB, 100 %
2026/10/09 12:15:55.615, 0, NVIDIA RTX PRO 6000 Blackwell Max-Q Workstation Edition, 20.77 W, 47 MiB, 0 %
2026/10/09 12:15:55.615, 1, NVIDIA GB300, 393.15 W, 245876 MiB, 100 %
2026/10/09 12:15:56.615, 0, NVIDIA RTX PRO 6000 Blackwell Max-Q Workstation Edition, 23.10 W, 47 MiB, 0 %
2026/10/09 12:15:56.615, 1, NVIDIA GB300, 393.37 W, 245876 MiB, 100 %
2026/10/09 12:15:57.615, 0, NVIDIA RTX PRO 6000 Blackwell Max-Q Workstation Edition, 18.67 W, 47 MiB, 0 %
2026/10/09 12:15:57.625, 1, NVIDIA GB300, 483.83 W, 245876 MiB, 100 %
2026/10/09 12:15:58.625, 0, NVIDIA RTX PRO 6000 Blackwell Max-Q Workstation Edition, 18.67 W, 47 MiB, 0 %
2026/10/09 12:15:58.625, 1, NVIDIA GB300, 401.08 W, 245876 MiB, 100 %
2026/10/09 12:15:59.625, 0, NVIDIA RTX PRO 6000 Blackwell Max-Q Workstation Edition, 18.09 W, 47 MiB, 0 %
2026/10/09 12:15:59.625, 1, NVIDIA GB300, 483.07 W, 245876 MiB, 100 %
2026/10/09 12:16:00.625, 0, NVIDIA RTX PRO 6000 Blackwell Max-Q Workstation Edition, 18.38 W, 47 MiB, 0 %
2026/10/09 12:16:00.625, 1, NVIDIA GB300, 402.42 W, 245876 MiB, 100 %
2026/10/09 12:16:01.625, 0, NVIDIA RTX PRO 6000 Blackwell Max-Q Workstation Edition, 18.37 W, 47 MiB, 0 %
2026/10/09 12:16:01.625, 1, NVIDIA GB300, 406.82 W, 245876 MiB, 100 %
2026/10/09 12:16:02.625, 0, NVIDIA RTX PRO 6000 Blackwell Max-Q Workstation Edition, 19.97 W, 47 MiB, 0 %
2026/10/09 12:16:02.635, 1, NVIDIA GB300, 408.22 W, 245876 MiB, 100 %
2026/10/09 12:16:03.635, 0, NVIDIA RTX PRO 6000 Blackwell Max-Q Workstation Edition, 22.60 W, 47 MiB, 0 %
2026/10/09 12:16:03.635, 1, NVIDIA GB300, 496.98 W, 245876 MiB, 100 %
2026/10/09 12:16:04.635, 0, NVIDIA RTX PRO 6000 Blackwell Max-Q Workstation Edition, 18.84 W, 47 MiB, 0 %
2026/10/09 12:16:04.636, 1, NVIDIA GB300, 586.08 W, 245876 MiB, 100 %
2026/10/09 12:16:05.636, 0, NVIDIA RTX PRO 6000 Blackwell Max-Q Workstation Edition, 18.80 W, 47 MiB, 0 %
2026/10/09 12:16:05.636, 1, NVIDIA GB300, 544.86 W, 245876 MiB, 100 %
2026/10/09 12:16:06.636, 0, NVIDIA RTX PRO 6000 Blackwell Max-Q Workstation Edition, 18.58 W, 47 MiB, 0 %
2026/10/09 12:16:06.636, 1, NVIDIA GB300, 565.84 W, 245876 MiB, 100 %
2026/10/09 12:16:07.636, 0, NVIDIA RTX PRO 6000 Blackwell Max-Q Workstation Edition, 18.61 W, 47 MiB, 0 %
2026/10/09 12:16:07.636, 1, NVIDIA GB300, 637.39 W, 245876 MiB, 100 %
2026/10/09 12:16:08.636, 0, NVIDIA RTX PRO 6000 Blackwell Max-Q Workstation Edition, 18.95 W, 47 MiB, 0 %
2026/10/09 12:16:08.636, 1, NVIDIA GB300, 564.86 W, 245876 MiB, 100 %
2026/10/09 12:16:09.636, 0, NVIDIA RTX PRO 6000 Blackwell Max-Q Workstation Edition, 20.04 W, 47 MiB, 0 %
2026/10/09 12:16:09.636, 1, NVIDIA GB300, 400.37 W, 245876 MiB, 100 %
2026/10/09 12:16:10.636, 0, NVIDIA RTX PRO 6000 Blackwell Max-Q Workstation Edition, 23.15 W, 47 MiB, 0 %
2026/10/09 12:16:10.636, 1, NVIDIA GB300, 400.27 W, 245876 MiB, 100 %
2026/10/09 12:16:11.636, 0, NVIDIA RTX PRO 6000 Blackwell Max-Q Workstation Edition, 18.98 W, 47 MiB, 0 %
2026/10/09 12:16:11.636, 1, NVIDIA GB300, 398.09 W, 245876 MiB, 100 %
2026/10/09 12:16:12.636, 0, NVIDIA RTX PRO 6000 Blackwell Max-Q Workstation Edition, 18.35 W, 47 MiB, 0 %
2026/10/09 12:16:12.636, 1, NVIDIA GB300, 396.88 W, 245876 MiB, 100 %
2026/10/09 12:16:13.636, 0, NVIDIA RTX PRO 6000 Blackwell Max-Q Workstation Edition, 18.42 W, 47 MiB, 0 %
2026/10/09 12:16:13.637, 1, NVIDIA GB300, 397.28 W, 245876 MiB, 100 %
2026/10/09 12:16:14.637, 0, NVIDIA RTX PRO 6000 Blackwell Max-Q Workstation Edition, 18.45 W, 47 MiB, 0 %
2026/10/09 12:16:14.637, 1, NVIDIA GB300, 404.54 W, 245876 MiB, 100 %
2026/10/09 12:16:15.637, 0, NVIDIA RTX PRO 6000 Blackwell Max-Q Workstation Edition, 18.11 W, 47 MiB, 0 %
2026/10/09 12:16:15.637, 1, NVIDIA GB300, 401.66 W, 245876 MiB, 100 %
2026/10/09 12:16:16.637, 0, NVIDIA RTX PRO 6000 Blackwell Max-Q Workstation Edition, 19.21 W, 47 MiB, 0 %
2026/10/09 12:16:16.637, 1, NVIDIA GB300, 493.07 W, 245876 MiB, 100 %
2026/10/09 12:16:17.637, 0, NVIDIA RTX PRO 6000 Blackwell Max-Q Workstation Edition, 23.15 W, 47 MiB, 0 %
2026/10/09 12:16:17.637, 1, NVIDIA GB300, 495.05 W, 245876 MiB, 100 %
2026/10/09 12:16:18.637, 0, NVIDIA RTX PRO 6000 Blackwell Max-Q Workstation Edition, 18.23 W, 47 MiB, 0 %
2026/10/09 12:16:18.637, 1, NVIDIA GB300, 412.42 W, 245876 MiB, 100 %
2026/10/09 12:16:19.637, 0, NVIDIA RTX PRO 6000 Blackwell Max-Q Workstation Edition, 17.76 W, 47 MiB, 0 %
2026/10/09 12:16:19.637, 1, NVIDIA GB300, 413.15 W, 245876 MiB, 100 %
2026/10/09 12:16:20.637, 0, NVIDIA RTX PRO 6000 Blackwell Max-Q Workstation Edition, 17.85 W, 47 MiB, 0 %
2026/10/09 12:16:20.637, 1, NVIDIA GB300, 489.67 W, 245876 MiB, 100 %
2026/10/09 12:16:21.637, 0, NVIDIA RTX PRO 6000 Blackwell Max-Q Workstation Edition, 18.25 W, 47 MiB, 0 %
2026/10/09 12:16:21.637, 1, NVIDIA GB300, 471.45 W, 245876 MiB, 100 %
2026/10/09 12:16:22.638, 0, NVIDIA RTX PRO 6000 Blackwell Max-Q Workstation Edition, 18.51 W, 47 MiB, 0 %
2026/10/09 12:16:22.638, 1, NVIDIA GB300, 444.73 W, 245876 MiB, 100 %
2026/10/09 12:16:23.638, 0, NVIDIA RTX PRO 6000 Blackwell Max-Q Workstation Edition, 18.79 W, 47 MiB, 0 %
2026/10/09 12:16:23.638, 1, NVIDIA GB300, 416.17 W, 245876 MiB, 100 %
2026/10/09 12:16:24.638, 0, NVIDIA RTX PRO 6000 Blackwell Max-Q Workstation Edition, 23.07 W, 47 MiB, 0 %
2026/10/09 12:16:24.638, 1, NVIDIA GB300, 413.63 W, 245876 MiB, 100 %
2026/10/09 12:16:25.638, 0, NVIDIA RTX PRO 6000 Blackwell Max-Q Workstation Edition, 18.43 W, 47 MiB, 0 %
2026/10/09 12:16:25.638, 1, NVIDIA GB300, 472.03 W, 245876 MiB, 100 %
2026/10/09 12:16:26.638, 0, NVIDIA RTX PRO 6000 Blackwell Max-Q Workstation Edition, 18.48 W, 47 MiB, 0 %
2026/10/09 12:16:26.638, 1, NVIDIA GB300, 571.12 W, 245876 MiB, 100 %
2026/10/09 12:16:27.638, 0, NVIDIA RTX PRO 6000 Blackwell Max-Q Workstation Edition, 18.25 W, 47 MiB, 0 %
2026/10/09 12:16:27.638, 1, NVIDIA GB300, 511.17 W, 245876 MiB, 100 %
2026/10/09 12:16:28.638, 0, NVIDIA RTX PRO 6000 Blackwell Max-Q Workstation Edition, 18.30 W, 47 MiB, 0 %
2026/10/09 12:16:28.638, 1, NVIDIA GB300, 635.67 W, 245876 MiB, 100 %
2026/10/09 12:16:29.639, 0, NVIDIA RTX PRO 6000 Blackwell Max-Q Workstation Edition, 18.35 W, 47 MiB, 0 %
2026/10/09 12:16:29.639, 1, NVIDIA GB300, 602.61 W, 245876 MiB, 100 %
2026/10/09 12:16:30.639, 0, NVIDIA RTX PRO 6000 Blackwell Max-Q Workstation Edition, 18.27 W, 47 MiB, 0 %
2026/10/09 12:16:30.639, 1, NVIDIA GB300, 554.07 W, 245876 MiB, 100 %
2026/10/09 12:16:31.639, 0, NVIDIA RTX PRO 6000 Blackwell Max-Q Workstation Edition, 22.84 W, 47 MiB, 0 %
2026/10/09 12:16:31.639, 1, NVIDIA GB300, 483.66 W, 245876 MiB, 100 %
2026/10/09 12:16:32.639, 0, NVIDIA RTX PRO 6000 Blackwell Max-Q Workstation Edition, 18.72 W, 47 MiB, 0 %
2026/10/09 12:16:32.639, 1, NVIDIA GB300, 399.91 W, 245876 MiB, 100 %
2026/10/09 12:16:33.639, 0, NVIDIA RTX PRO 6000 Blackwell Max-Q Workstation Edition, 18.42 W, 47 MiB, 0 %
2026/10/09 12:16:33.639, 1, NVIDIA GB300, 394.25 W, 245876 MiB, 100 %
2026/10/09 12:16:34.639, 0, NVIDIA RTX PRO 6000 Blackwell Max-Q Workstation Edition, 17.98 W, 47 MiB, 0 %
2026/10/09 12:16:34.639, 1, NVIDIA GB300, 396.11 W, 245876 MiB, 100 %
2026/10/09 12:16:35.639, 0, NVIDIA RTX PRO 6000 Blackwell Max-Q Workstation Edition, 18.20 W, 47 MiB, 0 %
2026/10/09 12:16:35.639, 1, NVIDIA GB300, 399.99 W, 245876 MiB, 100 %
2026/10/09 12:16:36.639, 0, NVIDIA RTX PRO 6000 Blackwell Max-Q Workstation Edition, 18.04 W, 47 MiB, 0 %
2026/10/09 12:16:36.639, 1, NVIDIA GB300, 391.88 W, 245876 MiB, 100 %
2026/10/09 12:16:37.639, 0, NVIDIA RTX PRO 6000 Blackwell Max-Q Workstation Edition, 17.96 W, 47 MiB, 0 %
2026/10/09 12:16:37.640, 1, NVIDIA GB300, 394.25 W, 245876 MiB, 100 %
2026/10/09 12:16:38.640, 0, NVIDIA RTX PRO 6000 Blackwell Max-Q Workstation Edition, 22.57 W, 47 MiB, 0 %
2026/10/09 12:16:38.640, 1, NVIDIA GB300, 460.57 W, 245876 MiB, 100 %
2026/10/09 12:16:39.640, 0, NVIDIA RTX PRO 6000 Blackwell Max-Q Workstation Edition, 22.76 W, 47 MiB, 0 %
2026/10/09 12:16:39.640, 1, NVIDIA GB300, 500.73 W, 245876 MiB, 100 %
2026/10/09 12:16:40.640, 0, NVIDIA RTX PRO 6000 Blackwell Max-Q Workstation Edition, 18.33 W, 47 MiB, 0 %
2026/10/09 12:16:40.640, 1, NVIDIA GB300, 399.50 W, 245876 MiB, 100 %
2026/10/09 12:16:41.640, 0, NVIDIA RTX PRO 6000 Blackwell Max-Q Workstation Edition, 17.94 W, 47 MiB, 0 %
2026/10/09 12:16:41.664, 1, NVIDIA GB300, 405.09 W, 245876 MiB, 100 %
2026/10/09 12:16:42.664, 0, NVIDIA RTX PRO 6000 Blackwell Max-Q Workstation Edition, 18.13 W, 47 MiB, 0 %
2026/10/09 12:16:42.664, 1, NVIDIA GB300, 481.43 W, 245876 MiB, 100 %
2026/10/09 12:16:43.664, 0, NVIDIA RTX PRO 6000 Blackwell Max-Q Workstation Edition, 18.39 W, 47 MiB, 0 %
2026/10/09 12:16:43.664, 1, NVIDIA GB300, 400.00 W, 245876 MiB, 100 %
2026/10/09 12:16:44.664, 0, NVIDIA RTX PRO 6000 Blackwell Max-Q Workstation Edition, 17.90 W, 47 MiB, 0 %
2026/10/09 12:16:44.664, 1, NVIDIA GB300, 485.81 W, 245876 MiB, 100 %
2026/10/09 12:16:45.664, 0, NVIDIA RTX PRO 6000 Blackwell Max-Q Workstation Edition, 20.08 W, 47 MiB, 0 %
2026/10/09 12:16:45.664, 1, NVIDIA GB300, 398.77 W, 245876 MiB, 100 %
2026/10/09 12:16:46.664, 0, NVIDIA RTX PRO 6000 Blackwell Max-Q Workstation Edition, 22.87 W, 47 MiB, 0 %
2026/10/09 12:16:46.664, 1, NVIDIA GB300, 406.37 W, 245876 MiB, 100 %
2026/10/09 12:16:47.664, 0, NVIDIA RTX PRO 6000 Blackwell Max-Q Workstation Edition, 18.33 W, 47 MiB, 0 %
2026/10/09 12:16:47.664, 1, NVIDIA GB300, 406.08 W, 245876 MiB, 100 %
2026/10/09 12:16:48.664, 0, NVIDIA RTX PRO 6000 Blackwell Max-Q Workstation Edition, 18.11 W, 47 MiB, 0 %
2026/10/09 12:16:48.665, 1, NVIDIA GB300, 404.10 W, 245876 MiB, 100 %
2026/10/09 12:16:49.665, 0, NVIDIA RTX PRO 6000 Blackwell Max-Q Workstation Edition, 17.99 W, 47 MiB, 0 %
2026/10/09 12:16:49.665, 1, NVIDIA GB300, 402.54 W, 245876 MiB, 100 %
2026/10/09 12:16:50.665, 0, NVIDIA RTX PRO 6000 Blackwell Max-Q Workstation Edition, 18.04 W, 47 MiB, 0 %
2026/10/09 12:16:50.665, 1, NVIDIA GB300, 398.93 W, 245876 MiB, 100 %
2026/10/09 12:16:51.665, 0, NVIDIA RTX PRO 6000 Blackwell Max-Q Workstation Edition, 18.16 W, 47 MiB, 0 %
2026/10/09 12:16:51.665, 1, NVIDIA GB300, 388.76 W, 245876 MiB, 100 %
2026/10/09 12:16:52.665, 0, NVIDIA RTX PRO 6000 Blackwell Max-Q Workstation Edition, 19.82 W, 47 MiB, 0 %
2026/10/09 12:16:52.665, 1, NVIDIA GB300, 385.21 W, 245876 MiB, 100 %
2026/10/09 12:16:53.665, 0, NVIDIA RTX PRO 6000 Blackwell Max-Q Workstation Edition, 23.01 W, 47 MiB, 0 %
2026/10/09 12:16:53.665, 1, NVIDIA GB300, 383.57 W, 245876 MiB, 100 %
2026/10/09 12:16:54.665, 0, NVIDIA RTX PRO 6000 Blackwell Max-Q Workstation Edition, 18.67 W, 47 MiB, 0 %
2026/10/09 12:16:54.665, 1, NVIDIA GB300, 388.56 W, 245876 MiB, 100 %
2026/10/09 12:16:55.665, 0, NVIDIA RTX PRO 6000 Blackwell Max-Q Workstation Edition, 18.49 W, 47 MiB, 0 %
2026/10/09 12:16:55.665, 1, NVIDIA GB300, 390.51 W, 245876 MiB, 100 %
2026/10/09 12:16:56.665, 0, NVIDIA RTX PRO 6000 Blackwell Max-Q Workstation Edition, 18.55 W, 47 MiB, 0 %
2026/10/09 12:16:56.666, 1, NVIDIA GB300, 397.00 W, 245876 MiB, 100 %

--- arm B random C32: random/power-<host>-random.csv, windows decode-c32-r1 12:17:39.794-12:21:14.144
2026/10/09 12:17:40.680, 0, NVIDIA RTX PRO 6000 Blackwell Max-Q Workstation Edition, 19.06 W, 47 MiB, 0 %
2026/10/09 12:17:40.681, 1, NVIDIA GB300, 217.33 W, 245876 MiB, 0 %
2026/10/09 12:17:41.681, 0, NVIDIA RTX PRO 6000 Blackwell Max-Q Workstation Edition, 19.53 W, 47 MiB, 0 %
2026/10/09 12:17:41.681, 1, NVIDIA GB300, 211.70 W, 245876 MiB, 0 %
2026/10/09 12:17:42.681, 0, NVIDIA RTX PRO 6000 Blackwell Max-Q Workstation Edition, 20.56 W, 47 MiB, 0 %
2026/10/09 12:17:42.681, 1, NVIDIA GB300, 211.40 W, 245876 MiB, 0 %
2026/10/09 12:17:43.681, 0, NVIDIA RTX PRO 6000 Blackwell Max-Q Workstation Edition, 23.33 W, 47 MiB, 0 %
2026/10/09 12:17:43.681, 1, NVIDIA GB300, 211.21 W, 245876 MiB, 0 %
2026/10/09 12:17:44.681, 0, NVIDIA RTX PRO 6000 Blackwell Max-Q Workstation Edition, 19.50 W, 47 MiB, 0 %
2026/10/09 12:17:44.681, 1, NVIDIA GB300, 211.09 W, 245876 MiB, 0 %
2026/10/09 12:17:45.681, 0, NVIDIA RTX PRO 6000 Blackwell Max-Q Workstation Edition, 19.39 W, 47 MiB, 0 %
2026/10/09 12:17:45.681, 1, NVIDIA GB300, 211.10 W, 245876 MiB, 0 %
2026/10/09 12:17:46.681, 0, NVIDIA RTX PRO 6000 Blackwell Max-Q Workstation Edition, 19.16 W, 47 MiB, 0 %
2026/10/09 12:17:46.681, 1, NVIDIA GB300, 211.09 W, 245876 MiB, 0 %
2026/10/09 12:17:47.681, 0, NVIDIA RTX PRO 6000 Blackwell Max-Q Workstation Edition, 19.19 W, 47 MiB, 0 %
2026/10/09 12:17:47.681, 1, NVIDIA GB300, 211.09 W, 245876 MiB, 0 %
2026/10/09 12:17:48.681, 0, NVIDIA RTX PRO 6000 Blackwell Max-Q Workstation Edition, 19.24 W, 47 MiB, 0 %
2026/10/09 12:17:48.681, 1, NVIDIA GB300, 211.13 W, 245876 MiB, 0 %
2026/10/09 12:17:49.681, 0, NVIDIA RTX PRO 6000 Blackwell Max-Q Workstation Edition, 20.07 W, 47 MiB, 0 %
2026/10/09 12:17:49.682, 1, NVIDIA GB300, 211.09 W, 245876 MiB, 0 %
2026/10/09 12:17:50.682, 0, NVIDIA RTX PRO 6000 Blackwell Max-Q Workstation Edition, 23.79 W, 47 MiB, 0 %
2026/10/09 12:17:50.682, 1, NVIDIA GB300, 211.09 W, 245876 MiB, 0 %
2026/10/09 12:17:51.682, 0, NVIDIA RTX PRO 6000 Blackwell Max-Q Workstation Edition, 19.96 W, 47 MiB, 0 %
2026/10/09 12:17:51.682, 1, NVIDIA GB300, 211.10 W, 245876 MiB, 0 %
2026/10/09 12:17:52.682, 0, NVIDIA RTX PRO 6000 Blackwell Max-Q Workstation Edition, 19.53 W, 47 MiB, 0 %
2026/10/09 12:17:52.682, 1, NVIDIA GB300, 211.09 W, 245876 MiB, 0 %
2026/10/09 12:17:53.682, 0, NVIDIA RTX PRO 6000 Blackwell Max-Q Workstation Edition, 19.31 W, 47 MiB, 0 %
2026/10/09 12:17:53.682, 1, NVIDIA GB300, 211.09 W, 245876 MiB, 0 %
2026/10/09 12:17:54.682, 0, NVIDIA RTX PRO 6000 Blackwell Max-Q Workstation Edition, 19.34 W, 47 MiB, 0 %
2026/10/09 12:17:54.682, 1, NVIDIA GB300, 211.09 W, 245876 MiB, 0 %
2026/10/09 12:17:55.682, 0, NVIDIA RTX PRO 6000 Blackwell Max-Q Workstation Edition, 19.40 W, 47 MiB, 0 %
2026/10/09 12:17:55.682, 1, NVIDIA GB300, 211.10 W, 245876 MiB, 0 %
2026/10/09 12:17:56.682, 0, NVIDIA RTX PRO 6000 Blackwell Max-Q Workstation Edition, 19.67 W, 47 MiB, 0 %
2026/10/09 12:17:56.682, 1, NVIDIA GB300, 211.09 W, 245876 MiB, 0 %
2026/10/09 12:17:57.682, 0, NVIDIA RTX PRO 6000 Blackwell Max-Q Workstation Edition, 23.45 W, 47 MiB, 0 %
2026/10/09 12:17:57.682, 1, NVIDIA GB300, 482.81 W, 245876 MiB, 100 %
2026/10/09 12:17:58.682, 0, NVIDIA RTX PRO 6000 Blackwell Max-Q Workstation Edition, 18.99 W, 47 MiB, 0 %
2026/10/09 12:17:58.682, 1, NVIDIA GB300, 681.01 W, 245876 MiB, 100 %
2026/10/09 12:17:59.683, 0, NVIDIA RTX PRO 6000 Blackwell Max-Q Workstation Edition, 18.86 W, 47 MiB, 0 %
2026/10/09 12:17:59.683, 1, NVIDIA GB300, 665.95 W, 245876 MiB, 100 %
2026/10/09 12:18:00.683, 0, NVIDIA RTX PRO 6000 Blackwell Max-Q Workstation Edition, 19.05 W, 47 MiB, 0 %
2026/10/09 12:18:00.683, 1, NVIDIA GB300, 638.69 W, 245876 MiB, 100 %
2026/10/09 12:18:01.683, 0, NVIDIA RTX PRO 6000 Blackwell Max-Q Workstation Edition, 18.86 W, 47 MiB, 0 %
2026/10/09 12:18:01.683, 1, NVIDIA GB300, 675.36 W, 245876 MiB, 100 %
2026/10/09 12:18:02.683, 0, NVIDIA RTX PRO 6000 Blackwell Max-Q Workstation Edition, 18.84 W, 47 MiB, 0 %
2026/10/09 12:18:02.683, 1, NVIDIA GB300, 660.48 W, 245876 MiB, 100 %
2026/10/09 12:18:03.683, 0, NVIDIA RTX PRO 6000 Blackwell Max-Q Workstation Edition, 18.76 W, 47 MiB, 0 %
2026/10/09 12:18:03.683, 1, NVIDIA GB300, 642.51 W, 245876 MiB, 100 %
2026/10/09 12:18:04.683, 0, NVIDIA RTX PRO 6000 Blackwell Max-Q Workstation Edition, 23.11 W, 47 MiB, 0 %
2026/10/09 12:18:04.683, 1, NVIDIA GB300, 640.08 W, 245876 MiB, 100 %
2026/10/09 12:18:05.683, 0, NVIDIA RTX PRO 6000 Blackwell Max-Q Workstation Edition, 23.28 W, 47 MiB, 0 %
2026/10/09 12:18:05.683, 1, NVIDIA GB300, 650.86 W, 245876 MiB, 100 %
2026/10/09 12:18:06.683, 0, NVIDIA RTX PRO 6000 Blackwell Max-Q Workstation Edition, 19.49 W, 47 MiB, 0 %
2026/10/09 12:18:06.683, 1, NVIDIA GB300, 670.63 W, 245876 MiB, 100 %
2026/10/09 12:18:07.683, 0, NVIDIA RTX PRO 6000 Blackwell Max-Q Workstation Edition, 19.34 W, 47 MiB, 0 %
2026/10/09 12:18:07.683, 1, NVIDIA GB300, 484.00 W, 245876 MiB, 100 %
2026/10/09 12:18:08.683, 0, NVIDIA RTX PRO 6000 Blackwell Max-Q Workstation Edition, 18.89 W, 47 MiB, 0 %
2026/10/09 12:18:08.706, 1, NVIDIA GB300, 407.95 W, 245876 MiB, 100 %
2026/10/09 12:18:09.706, 0, NVIDIA RTX PRO 6000 Blackwell Max-Q Workstation Edition, 18.66 W, 47 MiB, 0 %
2026/10/09 12:18:09.706, 1, NVIDIA GB300, 404.26 W, 245876 MiB, 100 %
2026/10/09 12:18:10.706, 0, NVIDIA RTX PRO 6000 Blackwell Max-Q Workstation Edition, 18.55 W, 47 MiB, 0 %
2026/10/09 12:18:10.706, 1, NVIDIA GB300, 411.39 W, 245876 MiB, 100 %
2026/10/09 12:18:11.707, 0, NVIDIA RTX PRO 6000 Blackwell Max-Q Workstation Edition, 20.41 W, 47 MiB, 0 %
2026/10/09 12:18:11.707, 1, NVIDIA GB300, 407.41 W, 245876 MiB, 100 %
2026/10/09 12:18:12.707, 0, NVIDIA RTX PRO 6000 Blackwell Max-Q Workstation Edition, 22.75 W, 47 MiB, 0 %
2026/10/09 12:18:12.707, 1, NVIDIA GB300, 413.45 W, 245876 MiB, 100 %
2026/10/09 12:18:13.707, 0, NVIDIA RTX PRO 6000 Blackwell Max-Q Workstation Edition, 18.28 W, 47 MiB, 0 %
2026/10/09 12:18:13.707, 1, NVIDIA GB300, 408.41 W, 245876 MiB, 100 %
2026/10/09 12:18:14.707, 0, NVIDIA RTX PRO 6000 Blackwell Max-Q Workstation Edition, 18.12 W, 47 MiB, 0 %
2026/10/09 12:18:14.707, 1, NVIDIA GB300, 413.96 W, 245876 MiB, 100 %
2026/10/09 12:18:15.707, 0, NVIDIA RTX PRO 6000 Blackwell Max-Q Workstation Edition, 18.24 W, 47 MiB, 0 %
2026/10/09 12:18:15.707, 1, NVIDIA GB300, 407.35 W, 245876 MiB, 100 %
2026/10/09 12:18:16.707, 0, NVIDIA RTX PRO 6000 Blackwell Max-Q Workstation Edition, 18.36 W, 47 MiB, 0 %
2026/10/09 12:18:16.707, 1, NVIDIA GB300, 409.54 W, 245876 MiB, 100 %
2026/10/09 12:18:17.707, 0, NVIDIA RTX PRO 6000 Blackwell Max-Q Workstation Edition, 18.29 W, 47 MiB, 0 %
2026/10/09 12:18:17.707, 1, NVIDIA GB300, 407.16 W, 245876 MiB, 100 %
2026/10/09 12:18:18.707, 0, NVIDIA RTX PRO 6000 Blackwell Max-Q Workstation Edition, 20.28 W, 47 MiB, 0 %
2026/10/09 12:18:18.707, 1, NVIDIA GB300, 416.65 W, 245876 MiB, 100 %
2026/10/09 12:18:19.707, 0, NVIDIA RTX PRO 6000 Blackwell Max-Q Workstation Edition, 23.49 W, 47 MiB, 0 %
2026/10/09 12:18:19.707, 1, NVIDIA GB300, 408.72 W, 245876 MiB, 100 %
2026/10/09 12:18:20.707, 0, NVIDIA RTX PRO 6000 Blackwell Max-Q Workstation Edition, 18.39 W, 47 MiB, 0 %
2026/10/09 12:18:20.707, 1, NVIDIA GB300, 412.17 W, 245876 MiB, 100 %
2026/10/09 12:18:21.707, 0, NVIDIA RTX PRO 6000 Blackwell Max-Q Workstation Edition, 18.47 W, 47 MiB, 0 %
2026/10/09 12:18:21.708, 1, NVIDIA GB300, 408.82 W, 245876 MiB, 100 %
2026/10/09 12:18:22.708, 0, NVIDIA RTX PRO 6000 Blackwell Max-Q Workstation Edition, 18.42 W, 47 MiB, 0 %
2026/10/09 12:18:22.708, 1, NVIDIA GB300, 409.14 W, 245876 MiB, 100 %
2026/10/09 12:18:23.708, 0, NVIDIA RTX PRO 6000 Blackwell Max-Q Workstation Edition, 18.40 W, 47 MiB, 0 %
2026/10/09 12:18:23.708, 1, NVIDIA GB300, 414.99 W, 245876 MiB, 100 %
2026/10/09 12:18:24.708, 0, NVIDIA RTX PRO 6000 Blackwell Max-Q Workstation Edition, 18.56 W, 47 MiB, 0 %
2026/10/09 12:18:24.708, 1, NVIDIA GB300, 412.23 W, 245876 MiB, 100 %
2026/10/09 12:18:25.708, 0, NVIDIA RTX PRO 6000 Blackwell Max-Q Workstation Edition, 19.72 W, 47 MiB, 0 %
2026/10/09 12:18:25.708, 1, NVIDIA GB300, 407.66 W, 245876 MiB, 100 %
2026/10/09 12:18:26.708, 0, NVIDIA RTX PRO 6000 Blackwell Max-Q Workstation Edition, 23.24 W, 47 MiB, 0 %
2026/10/09 12:18:26.708, 1, NVIDIA GB300, 408.73 W, 245876 MiB, 100 %
2026/10/09 12:18:27.708, 0, NVIDIA RTX PRO 6000 Blackwell Max-Q Workstation Edition, 18.93 W, 47 MiB, 0 %
2026/10/09 12:18:27.708, 1, NVIDIA GB300, 411.16 W, 245876 MiB, 100 %
2026/10/09 12:18:28.708, 0, NVIDIA RTX PRO 6000 Blackwell Max-Q Workstation Edition, 18.73 W, 47 MiB, 0 %
2026/10/09 12:18:28.708, 1, NVIDIA GB300, 411.95 W, 245876 MiB, 100 %
2026/10/09 12:18:29.708, 0, NVIDIA RTX PRO 6000 Blackwell Max-Q Workstation Edition, 18.40 W, 47 MiB, 0 %
2026/10/09 12:18:29.708, 1, NVIDIA GB300, 415.59 W, 245876 MiB, 100 %
2026/10/09 12:18:30.708, 0, NVIDIA RTX PRO 6000 Blackwell Max-Q Workstation Edition, 18.50 W, 47 MiB, 0 %
2026/10/09 12:18:30.708, 1, NVIDIA GB300, 413.49 W, 245876 MiB, 100 %
2026/10/09 12:18:31.708, 0, NVIDIA RTX PRO 6000 Blackwell Max-Q Workstation Edition, 18.31 W, 47 MiB, 0 %
2026/10/09 12:18:31.709, 1, NVIDIA GB300, 413.39 W, 245876 MiB, 100 %
2026/10/09 12:18:32.709, 0, NVIDIA RTX PRO 6000 Blackwell Max-Q Workstation Edition, 19.16 W, 47 MiB, 0 %
2026/10/09 12:18:32.709, 1, NVIDIA GB300, 605.95 W, 245876 MiB, 100 %
2026/10/09 12:18:33.709, 0, NVIDIA RTX PRO 6000 Blackwell Max-Q Workstation Edition, 22.68 W, 47 MiB, 0 %
2026/10/09 12:18:33.709, 1, NVIDIA GB300, 555.73 W, 245876 MiB, 100 %
2026/10/09 12:18:34.709, 0, NVIDIA RTX PRO 6000 Blackwell Max-Q Workstation Edition, 18.57 W, 47 MiB, 0 %
2026/10/09 12:18:34.709, 1, NVIDIA GB300, 548.21 W, 245876 MiB, 100 %
2026/10/09 12:18:35.709, 0, NVIDIA RTX PRO 6000 Blackwell Max-Q Workstation Edition, 18.34 W, 47 MiB, 0 %
2026/10/09 12:18:35.709, 1, NVIDIA GB300, 657.70 W, 245876 MiB, 100 %
2026/10/09 12:18:36.709, 0, NVIDIA RTX PRO 6000 Blackwell Max-Q Workstation Edition, 18.88 W, 47 MiB, 0 %
2026/10/09 12:18:36.709, 1, NVIDIA GB300, 657.44 W, 245876 MiB, 100 %
2026/10/09 12:18:37.709, 0, NVIDIA RTX PRO 6000 Blackwell Max-Q Workstation Edition, 18.52 W, 47 MiB, 0 %
2026/10/09 12:18:37.709, 1, NVIDIA GB300, 651.47 W, 245876 MiB, 100 %
2026/10/09 12:18:38.709, 0, NVIDIA RTX PRO 6000 Blackwell Max-Q Workstation Edition, 18.65 W, 47 MiB, 0 %
2026/10/09 12:18:38.709, 1, NVIDIA GB300, 647.11 W, 245876 MiB, 100 %
2026/10/09 12:18:39.709, 0, NVIDIA RTX PRO 6000 Blackwell Max-Q Workstation Edition, 18.78 W, 47 MiB, 0 %
2026/10/09 12:18:39.710, 1, NVIDIA GB300, 644.64 W, 245876 MiB, 100 %
2026/10/09 12:18:40.710, 0, NVIDIA RTX PRO 6000 Blackwell Max-Q Workstation Edition, 22.95 W, 47 MiB, 0 %
2026/10/09 12:18:40.710, 1, NVIDIA GB300, 637.00 W, 245876 MiB, 100 %
2026/10/09 12:18:41.710, 0, NVIDIA RTX PRO 6000 Blackwell Max-Q Workstation Edition, 18.82 W, 47 MiB, 0 %
2026/10/09 12:18:41.710, 1, NVIDIA GB300, 632.76 W, 245876 MiB, 100 %
2026/10/09 12:18:42.710, 0, NVIDIA RTX PRO 6000 Blackwell Max-Q Workstation Edition, 18.40 W, 47 MiB, 0 %
2026/10/09 12:18:42.710, 1, NVIDIA GB300, 463.03 W, 245876 MiB, 100 %
2026/10/09 12:18:43.710, 0, NVIDIA RTX PRO 6000 Blackwell Max-Q Workstation Edition, 18.31 W, 47 MiB, 0 %
2026/10/09 12:18:43.710, 1, NVIDIA GB300, 408.57 W, 245876 MiB, 100 %
2026/10/09 12:18:44.710, 0, NVIDIA RTX PRO 6000 Blackwell Max-Q Workstation Edition, 18.17 W, 47 MiB, 0 %
2026/10/09 12:18:44.710, 1, NVIDIA GB300, 405.24 W, 245876 MiB, 100 %
2026/10/09 12:18:45.710, 0, NVIDIA RTX PRO 6000 Blackwell Max-Q Workstation Edition, 18.55 W, 47 MiB, 0 %
2026/10/09 12:18:45.710, 1, NVIDIA GB300, 489.32 W, 245876 MiB, 100 %
2026/10/09 12:18:46.710, 0, NVIDIA RTX PRO 6000 Blackwell Max-Q Workstation Edition, 18.24 W, 47 MiB, 0 %
2026/10/09 12:18:46.710, 1, NVIDIA GB300, 405.11 W, 245876 MiB, 100 %
2026/10/09 12:18:47.710, 0, NVIDIA RTX PRO 6000 Blackwell Max-Q Workstation Edition, 20.57 W, 47 MiB, 0 %
2026/10/09 12:18:47.711, 1, NVIDIA GB300, 485.17 W, 245876 MiB, 100 %
2026/10/09 12:18:48.711, 0, NVIDIA RTX PRO 6000 Blackwell Max-Q Workstation Edition, 22.99 W, 47 MiB, 0 %
2026/10/09 12:18:48.711, 1, NVIDIA GB300, 399.04 W, 245876 MiB, 100 %
2026/10/09 12:18:49.711, 0, NVIDIA RTX PRO 6000 Blackwell Max-Q Workstation Edition, 18.26 W, 47 MiB, 0 %
2026/10/09 12:18:49.711, 1, NVIDIA GB300, 405.52 W, 245876 MiB, 100 %
2026/10/09 12:18:50.711, 0, NVIDIA RTX PRO 6000 Blackwell Max-Q Workstation Edition, 18.01 W, 47 MiB, 0 %
2026/10/09 12:18:50.711, 1, NVIDIA GB300, 403.72 W, 245876 MiB, 100 %
2026/10/09 12:18:51.711, 0, NVIDIA RTX PRO 6000 Blackwell Max-Q Workstation Edition, 18.06 W, 47 MiB, 0 %
2026/10/09 12:18:51.711, 1, NVIDIA GB300, 399.25 W, 245876 MiB, 100 %
2026/10/09 12:18:52.711, 0, NVIDIA RTX PRO 6000 Blackwell Max-Q Workstation Edition, 18.08 W, 47 MiB, 0 %
2026/10/09 12:18:52.711, 1, NVIDIA GB300, 455.89 W, 245876 MiB, 100 %
2026/10/09 12:18:53.711, 0, NVIDIA RTX PRO 6000 Blackwell Max-Q Workstation Edition, 18.04 W, 47 MiB, 0 %
2026/10/09 12:18:53.711, 1, NVIDIA GB300, 427.79 W, 245876 MiB, 100 %
2026/10/09 12:18:54.711, 0, NVIDIA RTX PRO 6000 Blackwell Max-Q Workstation Edition, 20.18 W, 47 MiB, 0 %
2026/10/09 12:18:54.711, 1, NVIDIA GB300, 408.43 W, 245876 MiB, 100 %
2026/10/09 12:18:55.711, 0, NVIDIA RTX PRO 6000 Blackwell Max-Q Workstation Edition, 22.58 W, 47 MiB, 0 %
2026/10/09 12:18:55.711, 1, NVIDIA GB300, 404.34 W, 245876 MiB, 100 %
2026/10/09 12:18:56.712, 0, NVIDIA RTX PRO 6000 Blackwell Max-Q Workstation Edition, 18.66 W, 47 MiB, 0 %
2026/10/09 12:18:56.721, 1, NVIDIA GB300, 404.71 W, 245876 MiB, 100 %
2026/10/09 12:18:57.721, 0, NVIDIA RTX PRO 6000 Blackwell Max-Q Workstation Edition, 18.25 W, 47 MiB, 0 %
2026/10/09 12:18:57.722, 1, NVIDIA GB300, 405.81 W, 245876 MiB, 100 %
2026/10/09 12:18:58.722, 0, NVIDIA RTX PRO 6000 Blackwell Max-Q Workstation Edition, 18.74 W, 47 MiB, 0 %
2026/10/09 12:18:58.722, 1, NVIDIA GB300, 403.27 W, 245876 MiB, 100 %
2026/10/09 12:18:59.722, 0, NVIDIA RTX PRO 6000 Blackwell Max-Q Workstation Edition, 18.58 W, 47 MiB, 0 %
2026/10/09 12:18:59.722, 1, NVIDIA GB300, 403.92 W, 245876 MiB, 100 %
2026/10/09 12:19:00.722, 0, NVIDIA RTX PRO 6000 Blackwell Max-Q Workstation Edition, 18.38 W, 47 MiB, 0 %
2026/10/09 12:19:00.722, 1, NVIDIA GB300, 412.33 W, 245876 MiB, 100 %
2026/10/09 12:19:01.722, 0, NVIDIA RTX PRO 6000 Blackwell Max-Q Workstation Edition, 19.86 W, 47 MiB, 0 %
2026/10/09 12:19:01.722, 1, NVIDIA GB300, 425.93 W, 245876 MiB, 100 %
2026/10/09 12:19:02.722, 0, NVIDIA RTX PRO 6000 Blackwell Max-Q Workstation Edition, 22.97 W, 47 MiB, 0 %
2026/10/09 12:19:02.722, 1, NVIDIA GB300, 407.07 W, 245876 MiB, 100 %
2026/10/09 12:19:03.722, 0, NVIDIA RTX PRO 6000 Blackwell Max-Q Workstation Edition, 18.56 W, 47 MiB, 0 %
2026/10/09 12:19:03.722, 1, NVIDIA GB300, 489.42 W, 245876 MiB, 100 %
2026/10/09 12:19:04.722, 0, NVIDIA RTX PRO 6000 Blackwell Max-Q Workstation Edition, 18.80 W, 47 MiB, 0 %
2026/10/09 12:19:04.723, 1, NVIDIA GB300, 412.40 W, 245876 MiB, 100 %
2026/10/09 12:19:05.723, 0, NVIDIA RTX PRO 6000 Blackwell Max-Q Workstation Edition, 18.46 W, 47 MiB, 0 %
2026/10/09 12:19:05.723, 1, NVIDIA GB300, 415.39 W, 245876 MiB, 100 %
2026/10/09 12:19:06.723, 0, NVIDIA RTX PRO 6000 Blackwell Max-Q Workstation Edition, 18.50 W, 47 MiB, 0 %
2026/10/09 12:19:06.723, 1, NVIDIA GB300, 414.01 W, 245876 MiB, 100 %
2026/10/09 12:19:07.723, 0, NVIDIA RTX PRO 6000 Blackwell Max-Q Workstation Edition, 18.35 W, 47 MiB, 0 %
2026/10/09 12:19:07.723, 1, NVIDIA GB300, 418.04 W, 245876 MiB, 100 %
2026/10/09 12:19:08.723, 0, NVIDIA RTX PRO 6000 Blackwell Max-Q Workstation Edition, 19.67 W, 47 MiB, 0 %
2026/10/09 12:19:08.723, 1, NVIDIA GB300, 617.96 W, 245876 MiB, 100 %
2026/10/09 12:19:09.723, 0, NVIDIA RTX PRO 6000 Blackwell Max-Q Workstation Edition, 23.17 W, 47 MiB, 0 %
2026/10/09 12:19:09.723, 1, NVIDIA GB300, 545.75 W, 245876 MiB, 100 %
2026/10/09 12:19:10.723, 0, NVIDIA RTX PRO 6000 Blackwell Max-Q Workstation Edition, 19.00 W, 47 MiB, 0 %
2026/10/09 12:19:10.723, 1, NVIDIA GB300, 503.16 W, 245876 MiB, 100 %
2026/10/09 12:19:11.723, 0, NVIDIA RTX PRO 6000 Blackwell Max-Q Workstation Edition, 18.62 W, 47 MiB, 0 %
2026/10/09 12:19:11.723, 1, NVIDIA GB300, 636.65 W, 245876 MiB, 100 %
2026/10/09 12:19:12.723, 0, NVIDIA RTX PRO 6000 Blackwell Max-Q Workstation Edition, 18.58 W, 47 MiB, 0 %
2026/10/09 12:19:12.723, 1, NVIDIA GB300, 659.15 W, 245876 MiB, 100 %
2026/10/09 12:19:13.724, 0, NVIDIA RTX PRO 6000 Blackwell Max-Q Workstation Edition, 18.60 W, 47 MiB, 0 %
2026/10/09 12:19:13.724, 1, NVIDIA GB300, 618.53 W, 245876 MiB, 100 %
2026/10/09 12:19:14.724, 0, NVIDIA RTX PRO 6000 Blackwell Max-Q Workstation Edition, 18.57 W, 47 MiB, 0 %
2026/10/09 12:19:14.724, 1, NVIDIA GB300, 648.56 W, 245876 MiB, 100 %
2026/10/09 12:19:15.724, 0, NVIDIA RTX PRO 6000 Blackwell Max-Q Workstation Edition, 19.37 W, 47 MiB, 0 %
2026/10/09 12:19:15.724, 1, NVIDIA GB300, 669.10 W, 245876 MiB, 100 %
2026/10/09 12:19:16.724, 0, NVIDIA RTX PRO 6000 Blackwell Max-Q Workstation Edition, 22.95 W, 47 MiB, 0 %
2026/10/09 12:19:16.724, 1, NVIDIA GB300, 647.89 W, 245876 MiB, 95 %
2026/10/09 12:19:17.724, 0, NVIDIA RTX PRO 6000 Blackwell Max-Q Workstation Edition, 18.52 W, 47 MiB, 0 %
2026/10/09 12:19:17.724, 1, NVIDIA GB300, 497.08 W, 245876 MiB, 100 %
2026/10/09 12:19:18.724, 0, NVIDIA RTX PRO 6000 Blackwell Max-Q Workstation Edition, 18.37 W, 47 MiB, 0 %
2026/10/09 12:19:18.724, 1, NVIDIA GB300, 421.94 W, 245876 MiB, 100 %
2026/10/09 12:19:19.724, 0, NVIDIA RTX PRO 6000 Blackwell Max-Q Workstation Edition, 18.33 W, 47 MiB, 0 %
2026/10/09 12:19:19.724, 1, NVIDIA GB300, 420.92 W, 245876 MiB, 100 %
2026/10/09 12:19:20.724, 0, NVIDIA RTX PRO 6000 Blackwell Max-Q Workstation Edition, 18.45 W, 47 MiB, 0 %
2026/10/09 12:19:20.724, 1, NVIDIA GB300, 578.08 W, 245876 MiB, 100 %
2026/10/09 12:19:21.725, 0, NVIDIA RTX PRO 6000 Blackwell Max-Q Workstation Edition, 18.40 W, 47 MiB, 0 %
2026/10/09 12:19:21.725, 1, NVIDIA GB300, 438.25 W, 245876 MiB, 100 %
2026/10/09 12:19:22.725, 0, NVIDIA RTX PRO 6000 Blackwell Max-Q Workstation Edition, 18.57 W, 47 MiB, 0 %
2026/10/09 12:19:22.725, 1, NVIDIA GB300, 488.02 W, 245876 MiB, 100 %
2026/10/09 12:19:23.725, 0, NVIDIA RTX PRO 6000 Blackwell Max-Q Workstation Edition, 23.22 W, 47 MiB, 0 %
2026/10/09 12:19:23.725, 1, NVIDIA GB300, 516.90 W, 245876 MiB, 100 %
2026/10/09 12:19:24.725, 0, NVIDIA RTX PRO 6000 Blackwell Max-Q Workstation Edition, 18.59 W, 47 MiB, 0 %
2026/10/09 12:19:24.725, 1, NVIDIA GB300, 469.57 W, 245876 MiB, 100 %
2026/10/09 12:19:25.725, 0, NVIDIA RTX PRO 6000 Blackwell Max-Q Workstation Edition, 18.81 W, 47 MiB, 0 %
2026/10/09 12:19:25.725, 1, NVIDIA GB300, 440.80 W, 245876 MiB, 100 %
2026/10/09 12:19:26.725, 0, NVIDIA RTX PRO 6000 Blackwell Max-Q Workstation Edition, 18.56 W, 47 MiB, 0 %
2026/10/09 12:19:26.725, 1, NVIDIA GB300, 420.23 W, 245876 MiB, 100 %
2026/10/09 12:19:27.725, 0, NVIDIA RTX PRO 6000 Blackwell Max-Q Workstation Edition, 18.43 W, 47 MiB, 0 %
2026/10/09 12:19:27.725, 1, NVIDIA GB300, 414.65 W, 245876 MiB, 100 %
2026/10/09 12:19:28.725, 0, NVIDIA RTX PRO 6000 Blackwell Max-Q Workstation Edition, 18.25 W, 47 MiB, 0 %
2026/10/09 12:19:28.725, 1, NVIDIA GB300, 468.83 W, 245876 MiB, 100 %
2026/10/09 12:19:29.725, 0, NVIDIA RTX PRO 6000 Blackwell Max-Q Workstation Edition, 18.30 W, 47 MiB, 0 %
2026/10/09 12:19:29.726, 1, NVIDIA GB300, 431.38 W, 245876 MiB, 100 %
2026/10/09 12:19:30.726, 0, NVIDIA RTX PRO 6000 Blackwell Max-Q Workstation Edition, 20.51 W, 47 MiB, 0 %
2026/10/09 12:19:30.726, 1, NVIDIA GB300, 413.40 W, 245876 MiB, 100 %
2026/10/09 12:19:31.726, 0, NVIDIA RTX PRO 6000 Blackwell Max-Q Workstation Edition, 22.77 W, 47 MiB, 0 %
2026/10/09 12:19:31.726, 1, NVIDIA GB300, 411.89 W, 245876 MiB, 100 %
2026/10/09 12:19:32.726, 0, NVIDIA RTX PRO 6000 Blackwell Max-Q Workstation Edition, 18.56 W, 47 MiB, 0 %
2026/10/09 12:19:32.726, 1, NVIDIA GB300, 410.42 W, 245876 MiB, 100 %
2026/10/09 12:19:33.726, 0, NVIDIA RTX PRO 6000 Blackwell Max-Q Workstation Edition, 18.38 W, 47 MiB, 0 %
2026/10/09 12:19:33.726, 1, NVIDIA GB300, 484.02 W, 245876 MiB, 100 %
2026/10/09 12:19:34.726, 0, NVIDIA RTX PRO 6000 Blackwell Max-Q Workstation Edition, 18.56 W, 47 MiB, 0 %
2026/10/09 12:19:34.734, 1, NVIDIA GB300, 414.93 W, 245876 MiB, 100 %
2026/10/09 12:19:35.734, 0, NVIDIA RTX PRO 6000 Blackwell Max-Q Workstation Edition, 18.84 W, 47 MiB, 0 %
2026/10/09 12:19:35.734, 1, NVIDIA GB300, 429.90 W, 245876 MiB, 100 %
2026/10/09 12:19:36.734, 0, NVIDIA RTX PRO 6000 Blackwell Max-Q Workstation Edition, 18.70 W, 47 MiB, 0 %
2026/10/09 12:19:36.734, 1, NVIDIA GB300, 419.13 W, 245876 MiB, 100 %
2026/10/09 12:19:37.734, 0, NVIDIA RTX PRO 6000 Blackwell Max-Q Workstation Edition, 20.41 W, 47 MiB, 0 %
2026/10/09 12:19:37.734, 1, NVIDIA GB300, 420.51 W, 245876 MiB, 100 %
2026/10/09 12:19:38.734, 0, NVIDIA RTX PRO 6000 Blackwell Max-Q Workstation Edition, 23.02 W, 47 MiB, 0 %
2026/10/09 12:19:38.734, 1, NVIDIA GB300, 432.70 W, 245876 MiB, 100 %
2026/10/09 12:19:39.734, 0, NVIDIA RTX PRO 6000 Blackwell Max-Q Workstation Edition, 18.66 W, 47 MiB, 0 %
2026/10/09 12:19:39.734, 1, NVIDIA GB300, 489.79 W, 245876 MiB, 100 %
2026/10/09 12:19:40.734, 0, NVIDIA RTX PRO 6000 Blackwell Max-Q Workstation Edition, 18.57 W, 47 MiB, 0 %
2026/10/09 12:19:40.735, 1, NVIDIA GB300, 419.67 W, 245876 MiB, 100 %
2026/10/09 12:19:41.735, 0, NVIDIA RTX PRO 6000 Blackwell Max-Q Workstation Edition, 18.52 W, 47 MiB, 0 %
2026/10/09 12:19:41.735, 1, NVIDIA GB300, 426.96 W, 245876 MiB, 100 %
2026/10/09 12:19:42.735, 0, NVIDIA RTX PRO 6000 Blackwell Max-Q Workstation Edition, 18.69 W, 47 MiB, 0 %
2026/10/09 12:19:42.735, 1, NVIDIA GB300, 428.88 W, 245876 MiB, 100 %
2026/10/09 12:19:43.735, 0, NVIDIA RTX PRO 6000 Blackwell Max-Q Workstation Edition, 18.92 W, 47 MiB, 0 %
2026/10/09 12:19:43.735, 1, NVIDIA GB300, 486.73 W, 245876 MiB, 100 %
2026/10/09 12:19:44.735, 0, NVIDIA RTX PRO 6000 Blackwell Max-Q Workstation Edition, 20.87 W, 47 MiB, 0 %
2026/10/09 12:19:44.735, 1, NVIDIA GB300, 590.85 W, 245876 MiB, 100 %
2026/10/09 12:19:45.735, 0, NVIDIA RTX PRO 6000 Blackwell Max-Q Workstation Edition, 23.67 W, 47 MiB, 0 %
2026/10/09 12:19:45.735, 1, NVIDIA GB300, 496.49 W, 245876 MiB, 100 %
2026/10/09 12:19:46.735, 0, NVIDIA RTX PRO 6000 Blackwell Max-Q Workstation Edition, 19.19 W, 47 MiB, 0 %
2026/10/09 12:19:46.735, 1, NVIDIA GB300, 566.80 W, 245876 MiB, 100 %
2026/10/09 12:19:47.735, 0, NVIDIA RTX PRO 6000 Blackwell Max-Q Workstation Edition, 19.21 W, 47 MiB, 0 %
2026/10/09 12:19:47.735, 1, NVIDIA GB300, 604.66 W, 245876 MiB, 100 %
2026/10/09 12:19:48.736, 0, NVIDIA RTX PRO 6000 Blackwell Max-Q Workstation Edition, 19.07 W, 47 MiB, 0 %
2026/10/09 12:19:48.736, 1, NVIDIA GB300, 560.60 W, 245876 MiB, 100 %
2026/10/09 12:19:49.736, 0, NVIDIA RTX PRO 6000 Blackwell Max-Q Workstation Edition, 19.07 W, 47 MiB, 0 %
2026/10/09 12:19:49.736, 1, NVIDIA GB300, 664.05 W, 245876 MiB, 100 %
2026/10/09 12:19:50.736, 0, NVIDIA RTX PRO 6000 Blackwell Max-Q Workstation Edition, 19.03 W, 47 MiB, 0 %
2026/10/09 12:19:50.736, 1, NVIDIA GB300, 592.17 W, 245876 MiB, 100 %
2026/10/09 12:19:51.736, 0, NVIDIA RTX PRO 6000 Blackwell Max-Q Workstation Edition, 20.33 W, 47 MiB, 0 %
2026/10/09 12:19:51.736, 1, NVIDIA GB300, 649.12 W, 245876 MiB, 100 %
2026/10/09 12:19:52.736, 0, NVIDIA RTX PRO 6000 Blackwell Max-Q Workstation Edition, 23.36 W, 47 MiB, 0 %
2026/10/09 12:19:52.736, 1, NVIDIA GB300, 480.26 W, 245876 MiB, 100 %
2026/10/09 12:19:53.736, 0, NVIDIA RTX PRO 6000 Blackwell Max-Q Workstation Edition, 19.43 W, 47 MiB, 0 %
2026/10/09 12:19:53.736, 1, NVIDIA GB300, 408.05 W, 245876 MiB, 100 %
2026/10/09 12:19:54.736, 0, NVIDIA RTX PRO 6000 Blackwell Max-Q Workstation Edition, 18.74 W, 47 MiB, 0 %
2026/10/09 12:19:54.736, 1, NVIDIA GB300, 501.23 W, 245876 MiB, 100 %
2026/10/09 12:19:55.736, 0, NVIDIA RTX PRO 6000 Blackwell Max-Q Workstation Edition, 18.51 W, 47 MiB, 0 %
2026/10/09 12:19:55.736, 1, NVIDIA GB300, 568.82 W, 245876 MiB, 100 %
2026/10/09 12:19:56.736, 0, NVIDIA RTX PRO 6000 Blackwell Max-Q Workstation Edition, 18.67 W, 47 MiB, 0 %
2026/10/09 12:19:56.736, 1, NVIDIA GB300, 466.83 W, 245876 MiB, 100 %
2026/10/09 12:19:57.736, 0, NVIDIA RTX PRO 6000 Blackwell Max-Q Workstation Edition, 18.56 W, 47 MiB, 0 %
2026/10/09 12:19:57.737, 1, NVIDIA GB300, 433.98 W, 245876 MiB, 100 %
2026/10/09 12:19:58.737, 0, NVIDIA RTX PRO 6000 Blackwell Max-Q Workstation Edition, 19.48 W, 47 MiB, 0 %
2026/10/09 12:19:58.737, 1, NVIDIA GB300, 458.70 W, 245876 MiB, 100 %
2026/10/09 12:19:59.737, 0, NVIDIA RTX PRO 6000 Blackwell Max-Q Workstation Edition, 23.03 W, 47 MiB, 0 %
2026/10/09 12:19:59.737, 1, NVIDIA GB300, 448.85 W, 245876 MiB, 100 %
2026/10/09 12:20:00.737, 0, NVIDIA RTX PRO 6000 Blackwell Max-Q Workstation Edition, 18.37 W, 47 MiB, 0 %
2026/10/09 12:20:00.737, 1, NVIDIA GB300, 482.55 W, 245876 MiB, 100 %
2026/10/09 12:20:01.737, 0, NVIDIA RTX PRO 6000 Blackwell Max-Q Workstation Edition, 18.26 W, 47 MiB, 0 %
2026/10/09 12:20:01.737, 1, NVIDIA GB300, 403.49 W, 245876 MiB, 100 %
2026/10/09 12:20:02.737, 0, NVIDIA RTX PRO 6000 Blackwell Max-Q Workstation Edition, 18.26 W, 47 MiB, 0 %
2026/10/09 12:20:02.737, 1, NVIDIA GB300, 402.02 W, 245876 MiB, 100 %
2026/10/09 12:20:03.737, 0, NVIDIA RTX PRO 6000 Blackwell Max-Q Workstation Edition, 18.30 W, 47 MiB, 0 %
2026/10/09 12:20:03.737, 1, NVIDIA GB300, 407.00 W, 245876 MiB, 100 %
2026/10/09 12:20:04.737, 0, NVIDIA RTX PRO 6000 Blackwell Max-Q Workstation Edition, 18.25 W, 47 MiB, 0 %
2026/10/09 12:20:04.737, 1, NVIDIA GB300, 461.97 W, 245876 MiB, 100 %
2026/10/09 12:20:05.738, 0, NVIDIA RTX PRO 6000 Blackwell Max-Q Workstation Edition, 18.86 W, 47 MiB, 0 %
2026/10/09 12:20:05.738, 1, NVIDIA GB300, 434.38 W, 245876 MiB, 100 %
2026/10/09 12:20:06.738, 0, NVIDIA RTX PRO 6000 Blackwell Max-Q Workstation Edition, 22.79 W, 47 MiB, 0 %
2026/10/09 12:20:06.738, 1, NVIDIA GB300, 404.73 W, 245876 MiB, 100 %
2026/10/09 12:20:07.738, 0, NVIDIA RTX PRO 6000 Blackwell Max-Q Workstation Edition, 18.34 W, 47 MiB, 0 %
2026/10/09 12:20:07.783, 1, NVIDIA GB300, 403.15 W, 245876 MiB, 100 %
2026/10/09 12:20:08.783, 0, NVIDIA RTX PRO 6000 Blackwell Max-Q Workstation Edition, 18.62 W, 47 MiB, 0 %
2026/10/09 12:20:08.783, 1, NVIDIA GB300, 482.12 W, 245876 MiB, 100 %
2026/10/09 12:20:09.783, 0, NVIDIA RTX PRO 6000 Blackwell Max-Q Workstation Edition, 18.42 W, 47 MiB, 0 %
2026/10/09 12:20:09.783, 1, NVIDIA GB300, 489.61 W, 245876 MiB, 100 %
2026/10/09 12:20:10.784, 0, NVIDIA RTX PRO 6000 Blackwell Max-Q Workstation Edition, 18.05 W, 47 MiB, 0 %
2026/10/09 12:20:10.784, 1, NVIDIA GB300, 408.14 W, 245876 MiB, 100 %
2026/10/09 12:20:11.784, 0, NVIDIA RTX PRO 6000 Blackwell Max-Q Workstation Edition, 18.22 W, 47 MiB, 0 %
2026/10/09 12:20:11.784, 1, NVIDIA GB300, 438.42 W, 245876 MiB, 100 %
2026/10/09 12:20:12.784, 0, NVIDIA RTX PRO 6000 Blackwell Max-Q Workstation Edition, 18.39 W, 47 MiB, 0 %
2026/10/09 12:20:12.794, 1, NVIDIA GB300, 464.15 W, 245876 MiB, 100 %
2026/10/09 12:20:13.794, 0, NVIDIA RTX PRO 6000 Blackwell Max-Q Workstation Edition, 23.02 W, 47 MiB, 0 %
2026/10/09 12:20:13.794, 1, NVIDIA GB300, 409.40 W, 245876 MiB, 100 %
2026/10/09 12:20:14.794, 0, NVIDIA RTX PRO 6000 Blackwell Max-Q Workstation Edition, 18.80 W, 47 MiB, 0 %
2026/10/09 12:20:14.794, 1, NVIDIA GB300, 409.86 W, 245876 MiB, 100 %
2026/10/09 12:20:15.794, 0, NVIDIA RTX PRO 6000 Blackwell Max-Q Workstation Edition, 18.39 W, 47 MiB, 0 %
2026/10/09 12:20:15.794, 1, NVIDIA GB300, 443.66 W, 245876 MiB, 100 %
2026/10/09 12:20:16.794, 0, NVIDIA RTX PRO 6000 Blackwell Max-Q Workstation Edition, 18.46 W, 47 MiB, 0 %
2026/10/09 12:20:16.794, 1, NVIDIA GB300, 469.96 W, 245876 MiB, 100 %
2026/10/09 12:20:17.794, 0, NVIDIA RTX PRO 6000 Blackwell Max-Q Workstation Edition, 18.36 W, 47 MiB, 0 %
2026/10/09 12:20:17.804, 1, NVIDIA GB300, 414.38 W, 245876 MiB, 100 %
2026/10/09 12:20:18.804, 0, NVIDIA RTX PRO 6000 Blackwell Max-Q Workstation Edition, 18.64 W, 47 MiB, 0 %
2026/10/09 12:20:18.804, 1, NVIDIA GB300, 413.37 W, 245876 MiB, 100 %
2026/10/09 12:20:19.804, 0, NVIDIA RTX PRO 6000 Blackwell Max-Q Workstation Edition, 18.70 W, 47 MiB, 0 %
2026/10/09 12:20:19.804, 1, NVIDIA GB300, 411.23 W, 245876 MiB, 100 %
2026/10/09 12:20:20.804, 0, NVIDIA RTX PRO 6000 Blackwell Max-Q Workstation Edition, 20.77 W, 47 MiB, 0 %
2026/10/09 12:20:20.804, 1, NVIDIA GB300, 464.04 W, 245876 MiB, 100 %
2026/10/09 12:20:21.804, 0, NVIDIA RTX PRO 6000 Blackwell Max-Q Workstation Edition, 23.10 W, 47 MiB, 0 %
2026/10/09 12:20:21.804, 1, NVIDIA GB300, 594.37 W, 245876 MiB, 100 %
2026/10/09 12:20:22.804, 0, NVIDIA RTX PRO 6000 Blackwell Max-Q Workstation Edition, 18.99 W, 47 MiB, 0 %
2026/10/09 12:20:22.805, 1, NVIDIA GB300, 487.12 W, 245876 MiB, 100 %
2026/10/09 12:20:23.805, 0, NVIDIA RTX PRO 6000 Blackwell Max-Q Workstation Edition, 18.84 W, 47 MiB, 0 %
2026/10/09 12:20:23.805, 1, NVIDIA GB300, 496.02 W, 245876 MiB, 100 %
2026/10/09 12:20:24.805, 0, NVIDIA RTX PRO 6000 Blackwell Max-Q Workstation Edition, 18.77 W, 47 MiB, 0 %
2026/10/09 12:20:24.805, 1, NVIDIA GB300, 587.95 W, 245876 MiB, 100 %
2026/10/09 12:20:25.805, 0, NVIDIA RTX PRO 6000 Blackwell Max-Q Workstation Edition, 19.04 W, 47 MiB, 0 %
2026/10/09 12:20:25.805, 1, NVIDIA GB300, 641.26 W, 245876 MiB, 100 %
2026/10/09 12:20:26.805, 0, NVIDIA RTX PRO 6000 Blackwell Max-Q Workstation Edition, 18.83 W, 47 MiB, 0 %
2026/10/09 12:20:26.805, 1, NVIDIA GB300, 567.21 W, 245876 MiB, 100 %
2026/10/09 12:20:27.805, 0, NVIDIA RTX PRO 6000 Blackwell Max-Q Workstation Edition, 20.28 W, 47 MiB, 0 %
2026/10/09 12:20:27.805, 1, NVIDIA GB300, 650.00 W, 245876 MiB, 100 %
2026/10/09 12:20:28.805, 0, NVIDIA RTX PRO 6000 Blackwell Max-Q Workstation Edition, 23.00 W, 47 MiB, 0 %
2026/10/09 12:20:28.805, 1, NVIDIA GB300, 596.68 W, 245876 MiB, 100 %
2026/10/09 12:20:29.805, 0, NVIDIA RTX PRO 6000 Blackwell Max-Q Workstation Edition, 18.79 W, 47 MiB, 0 %
2026/10/09 12:20:29.805, 1, NVIDIA GB300, 458.30 W, 245876 MiB, 100 %
2026/10/09 12:20:30.805, 0, NVIDIA RTX PRO 6000 Blackwell Max-Q Workstation Edition, 18.67 W, 47 MiB, 0 %
2026/10/09 12:20:30.805, 1, NVIDIA GB300, 490.58 W, 245876 MiB, 100 %
2026/10/09 12:20:31.806, 0, NVIDIA RTX PRO 6000 Blackwell Max-Q Workstation Edition, 18.62 W, 47 MiB, 0 %
2026/10/09 12:20:31.806, 1, NVIDIA GB300, 500.92 W, 245876 MiB, 100 %
2026/10/09 12:20:32.806, 0, NVIDIA RTX PRO 6000 Blackwell Max-Q Workstation Edition, 18.77 W, 47 MiB, 0 %
2026/10/09 12:20:32.806, 1, NVIDIA GB300, 505.43 W, 245876 MiB, 100 %
2026/10/09 12:20:33.806, 0, NVIDIA RTX PRO 6000 Blackwell Max-Q Workstation Edition, 18.18 W, 47 MiB, 0 %
2026/10/09 12:20:33.806, 1, NVIDIA GB300, 417.32 W, 245876 MiB, 100 %
2026/10/09 12:20:34.806, 0, NVIDIA RTX PRO 6000 Blackwell Max-Q Workstation Edition, 19.93 W, 47 MiB, 0 %
2026/10/09 12:20:34.806, 1, NVIDIA GB300, 482.70 W, 245876 MiB, 100 %
2026/10/09 12:20:35.806, 0, NVIDIA RTX PRO 6000 Blackwell Max-Q Workstation Edition, 23.27 W, 47 MiB, 0 %
2026/10/09 12:20:35.806, 1, NVIDIA GB300, 481.17 W, 245876 MiB, 100 %
2026/10/09 12:20:36.806, 0, NVIDIA RTX PRO 6000 Blackwell Max-Q Workstation Edition, 18.76 W, 47 MiB, 0 %
2026/10/09 12:20:36.806, 1, NVIDIA GB300, 437.33 W, 245876 MiB, 100 %
2026/10/09 12:20:37.806, 0, NVIDIA RTX PRO 6000 Blackwell Max-Q Workstation Edition, 18.59 W, 47 MiB, 0 %
2026/10/09 12:20:37.806, 1, NVIDIA GB300, 414.83 W, 245876 MiB, 100 %
2026/10/09 12:20:38.806, 0, NVIDIA RTX PRO 6000 Blackwell Max-Q Workstation Edition, 18.46 W, 47 MiB, 0 %
2026/10/09 12:20:38.810, 1, NVIDIA GB300, 502.31 W, 245876 MiB, 100 %
2026/10/09 12:20:39.810, 0, NVIDIA RTX PRO 6000 Blackwell Max-Q Workstation Edition, 18.38 W, 47 MiB, 0 %
2026/10/09 12:20:39.810, 1, NVIDIA GB300, 409.14 W, 245876 MiB, 100 %
2026/10/09 12:20:40.810, 0, NVIDIA RTX PRO 6000 Blackwell Max-Q Workstation Edition, 18.18 W, 47 MiB, 0 %
2026/10/09 12:20:40.810, 1, NVIDIA GB300, 472.32 W, 245876 MiB, 100 %
2026/10/09 12:20:41.810, 0, NVIDIA RTX PRO 6000 Blackwell Max-Q Workstation Edition, 19.35 W, 47 MiB, 0 %
2026/10/09 12:20:41.810, 1, NVIDIA GB300, 453.77 W, 245876 MiB, 100 %
2026/10/09 12:20:42.810, 0, NVIDIA RTX PRO 6000 Blackwell Max-Q Workstation Edition, 23.10 W, 47 MiB, 0 %
2026/10/09 12:20:42.811, 1, NVIDIA GB300, 501.57 W, 245876 MiB, 100 %
2026/10/09 12:20:43.811, 0, NVIDIA RTX PRO 6000 Blackwell Max-Q Workstation Edition, 18.81 W, 47 MiB, 0 %
2026/10/09 12:20:43.859, 1, NVIDIA GB300, 415.40 W, 245876 MiB, 100 %
2026/10/09 12:20:44.860, 0, NVIDIA RTX PRO 6000 Blackwell Max-Q Workstation Edition, 18.59 W, 47 MiB, 0 %
2026/10/09 12:20:44.860, 1, NVIDIA GB300, 497.62 W, 245876 MiB, 100 %
2026/10/09 12:20:45.860, 0, NVIDIA RTX PRO 6000 Blackwell Max-Q Workstation Edition, 18.41 W, 47 MiB, 0 %
2026/10/09 12:20:45.860, 1, NVIDIA GB300, 411.91 W, 245876 MiB, 100 %
2026/10/09 12:20:46.860, 0, NVIDIA RTX PRO 6000 Blackwell Max-Q Workstation Edition, 18.61 W, 47 MiB, 0 %
2026/10/09 12:20:46.860, 1, NVIDIA GB300, 495.15 W, 245876 MiB, 100 %
2026/10/09 12:20:47.860, 0, NVIDIA RTX PRO 6000 Blackwell Max-Q Workstation Edition, 18.59 W, 47 MiB, 0 %
2026/10/09 12:20:47.860, 1, NVIDIA GB300, 408.31 W, 245876 MiB, 100 %
2026/10/09 12:20:48.860, 0, NVIDIA RTX PRO 6000 Blackwell Max-Q Workstation Edition, 18.94 W, 47 MiB, 0 %
2026/10/09 12:20:48.860, 1, NVIDIA GB300, 409.66 W, 245876 MiB, 100 %
2026/10/09 12:20:49.860, 0, NVIDIA RTX PRO 6000 Blackwell Max-Q Workstation Edition, 23.24 W, 47 MiB, 0 %
2026/10/09 12:20:49.860, 1, NVIDIA GB300, 637.52 W, 245876 MiB, 100 %
2026/10/09 12:20:50.860, 0, NVIDIA RTX PRO 6000 Blackwell Max-Q Workstation Edition, 19.29 W, 47 MiB, 0 %
2026/10/09 12:20:50.860, 1, NVIDIA GB300, 435.92 W, 245876 MiB, 100 %
2026/10/09 12:20:51.860, 0, NVIDIA RTX PRO 6000 Blackwell Max-Q Workstation Edition, 18.27 W, 47 MiB, 0 %
2026/10/09 12:20:51.861, 1, NVIDIA GB300, 466.63 W, 245876 MiB, 100 %
2026/10/09 12:20:52.861, 0, NVIDIA RTX PRO 6000 Blackwell Max-Q Workstation Edition, 18.73 W, 47 MiB, 0 %
2026/10/09 12:20:52.861, 1, NVIDIA GB300, 466.80 W, 245876 MiB, 100 %
2026/10/09 12:20:53.861, 0, NVIDIA RTX PRO 6000 Blackwell Max-Q Workstation Edition, 18.67 W, 47 MiB, 0 %
2026/10/09 12:20:53.861, 1, NVIDIA GB300, 414.98 W, 245876 MiB, 100 %
2026/10/09 12:20:54.861, 0, NVIDIA RTX PRO 6000 Blackwell Max-Q Workstation Edition, 18.27 W, 47 MiB, 0 %
2026/10/09 12:20:54.861, 1, NVIDIA GB300, 411.27 W, 245876 MiB, 100 %
2026/10/09 12:20:55.861, 0, NVIDIA RTX PRO 6000 Blackwell Max-Q Workstation Edition, 18.32 W, 47 MiB, 0 %
2026/10/09 12:20:55.861, 1, NVIDIA GB300, 417.48 W, 245876 MiB, 100 %
2026/10/09 12:20:56.861, 0, NVIDIA RTX PRO 6000 Blackwell Max-Q Workstation Edition, 22.67 W, 47 MiB, 0 %
2026/10/09 12:20:56.861, 1, NVIDIA GB300, 404.76 W, 245876 MiB, 100 %
2026/10/09 12:20:57.861, 0, NVIDIA RTX PRO 6000 Blackwell Max-Q Workstation Edition, 18.58 W, 47 MiB, 0 %
2026/10/09 12:20:57.861, 1, NVIDIA GB300, 395.34 W, 245876 MiB, 100 %
2026/10/09 12:20:58.861, 0, NVIDIA RTX PRO 6000 Blackwell Max-Q Workstation Edition, 18.62 W, 47 MiB, 0 %
2026/10/09 12:20:58.861, 1, NVIDIA GB300, 396.95 W, 245876 MiB, 100 %
2026/10/09 12:20:59.861, 0, NVIDIA RTX PRO 6000 Blackwell Max-Q Workstation Edition, 18.52 W, 47 MiB, 0 %
2026/10/09 12:20:59.861, 1, NVIDIA GB300, 386.54 W, 245876 MiB, 100 %
2026/10/09 12:21:00.861, 0, NVIDIA RTX PRO 6000 Blackwell Max-Q Workstation Edition, 18.43 W, 47 MiB, 0 %
2026/10/09 12:21:00.862, 1, NVIDIA GB300, 394.42 W, 245876 MiB, 100 %
2026/10/09 12:21:01.862, 0, NVIDIA RTX PRO 6000 Blackwell Max-Q Workstation Edition, 18.36 W, 47 MiB, 0 %
2026/10/09 12:21:01.862, 1, NVIDIA GB300, 385.39 W, 245876 MiB, 100 %
2026/10/09 12:21:02.862, 0, NVIDIA RTX PRO 6000 Blackwell Max-Q Workstation Edition, 18.26 W, 47 MiB, 0 %
2026/10/09 12:21:02.862, 1, NVIDIA GB300, 383.61 W, 245876 MiB, 100 %
2026/10/09 12:21:03.862, 0, NVIDIA RTX PRO 6000 Blackwell Max-Q Workstation Edition, 20.34 W, 47 MiB, 0 %
2026/10/09 12:21:03.862, 1, NVIDIA GB300, 377.76 W, 245876 MiB, 100 %
2026/10/09 12:21:04.862, 0, NVIDIA RTX PRO 6000 Blackwell Max-Q Workstation Edition, 22.61 W, 47 MiB, 0 %
2026/10/09 12:21:04.862, 1, NVIDIA GB300, 379.29 W, 245876 MiB, 100 %
2026/10/09 12:21:05.862, 0, NVIDIA RTX PRO 6000 Blackwell Max-Q Workstation Edition, 18.55 W, 47 MiB, 0 %
2026/10/09 12:21:05.862, 1, NVIDIA GB300, 387.39 W, 245876 MiB, 100 %
2026/10/09 12:21:06.862, 0, NVIDIA RTX PRO 6000 Blackwell Max-Q Workstation Edition, 18.44 W, 47 MiB, 0 %
2026/10/09 12:21:06.862, 1, NVIDIA GB300, 388.42 W, 245876 MiB, 100 %
2026/10/09 12:21:07.862, 0, NVIDIA RTX PRO 6000 Blackwell Max-Q Workstation Edition, 18.02 W, 47 MiB, 0 %
2026/10/09 12:21:07.862, 1, NVIDIA GB300, 387.30 W, 245876 MiB, 100 %
2026/10/09 12:21:08.862, 0, NVIDIA RTX PRO 6000 Blackwell Max-Q Workstation Edition, 18.09 W, 47 MiB, 0 %
2026/10/09 12:21:08.863, 1, NVIDIA GB300, 384.97 W, 245876 MiB, 100 %
2026/10/09 12:21:09.863, 0, NVIDIA RTX PRO 6000 Blackwell Max-Q Workstation Edition, 18.37 W, 47 MiB, 0 %
2026/10/09 12:21:09.863, 1, NVIDIA GB300, 388.98 W, 245876 MiB, 100 %
2026/10/09 12:21:10.863, 0, NVIDIA RTX PRO 6000 Blackwell Max-Q Workstation Edition, 19.89 W, 47 MiB, 0 %
2026/10/09 12:21:10.863, 1, NVIDIA GB300, 390.49 W, 245876 MiB, 100 %
2026/10/09 12:21:11.863, 0, NVIDIA RTX PRO 6000 Blackwell Max-Q Workstation Edition, 22.60 W, 47 MiB, 0 %
2026/10/09 12:21:11.863, 1, NVIDIA GB300, 386.19 W, 245876 MiB, 100 %
2026/10/09 12:21:12.863, 0, NVIDIA RTX PRO 6000 Blackwell Max-Q Workstation Edition, 18.18 W, 47 MiB, 0 %
2026/10/09 12:21:12.863, 1, NVIDIA GB300, 368.32 W, 245876 MiB, 100 %
2026/10/09 12:21:13.863, 0, NVIDIA RTX PRO 6000 Blackwell Max-Q Workstation Edition, 18.29 W, 47 MiB, 0 %
2026/10/09 12:21:13.863, 1, NVIDIA GB300, 356.70 W, 245876 MiB, 100 %
