# DeepSeek-V4.1-Flash sidecar A/B (one Station, 2026-10-09): 1 s nvidia-smi power samples, both GPUs of the
# Station, over each arm's decode and prefill windows. Every sample is listed; the mean / peak rows in
# results.jsonl are recomputed from these lines. Columns: timestamp, index, name, power.draw, memory.used, util.
# Excerpt: lines selected verbatim from the raw files named below; hostnames, IPs, user names and GPU UUIDs
# replaced with <placeholders>. Nothing else edited. Times are Pacific (PT) unless the line says otherwise.

--- rr-a/decode/power-<host>.csv: arm A (sidecar on), decode window
timestamp, index, name, power.draw [W], memory.used [MiB], utilization.gpu [%]
2026/10/09 00:13:00.270, 0, NVIDIA RTX PRO 6000 Blackwell Max-Q Workstation Edition, 77.24 W, 73361 MiB, 0 %
2026/10/09 00:13:00.273, 1, NVIDIA GB300, 224.65 W, 242162 MiB, 0 %
2026/10/09 00:13:01.276, 0, NVIDIA RTX PRO 6000 Blackwell Max-Q Workstation Edition, 78.17 W, 73361 MiB, 0 %
2026/10/09 00:13:01.276, 1, NVIDIA GB300, 211.70 W, 242162 MiB, 0 %
2026/10/09 00:13:02.276, 0, NVIDIA RTX PRO 6000 Blackwell Max-Q Workstation Edition, 75.62 W, 73361 MiB, 0 %
2026/10/09 00:13:02.276, 1, NVIDIA GB300, 211.62 W, 242162 MiB, 0 %
2026/10/09 00:13:03.276, 0, NVIDIA RTX PRO 6000 Blackwell Max-Q Workstation Edition, 75.67 W, 73361 MiB, 0 %
2026/10/09 00:13:03.277, 1, NVIDIA GB300, 211.92 W, 242162 MiB, 0 %
2026/10/09 00:13:04.277, 0, NVIDIA RTX PRO 6000 Blackwell Max-Q Workstation Edition, 75.99 W, 73361 MiB, 0 %
2026/10/09 00:13:04.277, 1, NVIDIA GB300, 211.61 W, 242162 MiB, 0 %
2026/10/09 00:13:05.277, 0, NVIDIA RTX PRO 6000 Blackwell Max-Q Workstation Edition, 76.20 W, 73361 MiB, 0 %
2026/10/09 00:13:05.277, 1, NVIDIA GB300, 211.73 W, 242162 MiB, 0 %
2026/10/09 00:13:06.277, 0, NVIDIA RTX PRO 6000 Blackwell Max-Q Workstation Edition, 76.29 W, 73361 MiB, 0 %
2026/10/09 00:13:06.277, 1, NVIDIA GB300, 211.78 W, 242162 MiB, 0 %
2026/10/09 00:13:07.277, 0, NVIDIA RTX PRO 6000 Blackwell Max-Q Workstation Edition, 76.01 W, 73361 MiB, 0 %
2026/10/09 00:13:07.277, 1, NVIDIA GB300, 211.81 W, 242162 MiB, 0 %
2026/10/09 00:13:08.277, 0, NVIDIA RTX PRO 6000 Blackwell Max-Q Workstation Edition, 75.97 W, 73361 MiB, 0 %
2026/10/09 00:13:08.277, 1, NVIDIA GB300, 211.66 W, 242162 MiB, 0 %
2026/10/09 00:13:09.278, 0, NVIDIA RTX PRO 6000 Blackwell Max-Q Workstation Edition, 75.86 W, 73361 MiB, 0 %
2026/10/09 00:13:09.278, 1, NVIDIA GB300, 211.62 W, 242162 MiB, 0 %
2026/10/09 00:13:10.278, 0, NVIDIA RTX PRO 6000 Blackwell Max-Q Workstation Edition, 75.94 W, 73361 MiB, 0 %
2026/10/09 00:13:10.278, 1, NVIDIA GB300, 211.69 W, 242162 MiB, 0 %
2026/10/09 00:13:11.278, 0, NVIDIA RTX PRO 6000 Blackwell Max-Q Workstation Edition, 76.04 W, 73361 MiB, 0 %
2026/10/09 00:13:11.278, 1, NVIDIA GB300, 211.69 W, 242162 MiB, 0 %
2026/10/09 00:13:12.278, 0, NVIDIA RTX PRO 6000 Blackwell Max-Q Workstation Edition, 76.52 W, 73361 MiB, 0 %
2026/10/09 00:13:12.278, 1, NVIDIA GB300, 211.57 W, 242162 MiB, 0 %
2026/10/09 00:13:13.278, 0, NVIDIA RTX PRO 6000 Blackwell Max-Q Workstation Edition, 76.81 W, 73361 MiB, 0 %
2026/10/09 00:13:13.278, 1, NVIDIA GB300, 211.54 W, 242162 MiB, 0 %
2026/10/09 00:13:14.278, 0, NVIDIA RTX PRO 6000 Blackwell Max-Q Workstation Edition, 76.58 W, 73361 MiB, 0 %
2026/10/09 00:13:14.279, 1, NVIDIA GB300, 211.50 W, 242162 MiB, 0 %
2026/10/09 00:13:15.279, 0, NVIDIA RTX PRO 6000 Blackwell Max-Q Workstation Edition, 77.02 W, 73361 MiB, 0 %
2026/10/09 00:13:15.279, 1, NVIDIA GB300, 211.54 W, 242162 MiB, 0 %
2026/10/09 00:13:16.279, 0, NVIDIA RTX PRO 6000 Blackwell Max-Q Workstation Edition, 77.01 W, 73361 MiB, 0 %
2026/10/09 00:13:16.279, 1, NVIDIA GB300, 211.50 W, 242162 MiB, 0 %
2026/10/09 00:13:17.279, 0, NVIDIA RTX PRO 6000 Blackwell Max-Q Workstation Edition, 77.18 W, 73361 MiB, 0 %
2026/10/09 00:13:17.279, 1, NVIDIA GB300, 211.43 W, 242162 MiB, 0 %
2026/10/09 00:13:18.279, 0, NVIDIA RTX PRO 6000 Blackwell Max-Q Workstation Edition, 34.16 W, 73361 MiB, 0 %
2026/10/09 00:13:18.279, 1, NVIDIA GB300, 211.32 W, 242162 MiB, 0 %
2026/10/09 00:13:19.279, 0, NVIDIA RTX PRO 6000 Blackwell Max-Q Workstation Edition, 26.06 W, 73361 MiB, 0 %
2026/10/09 00:13:19.280, 1, NVIDIA GB300, 211.17 W, 242162 MiB, 0 %
2026/10/09 00:13:20.280, 0, NVIDIA RTX PRO 6000 Blackwell Max-Q Workstation Edition, 25.62 W, 73361 MiB, 0 %
2026/10/09 00:13:20.280, 1, NVIDIA GB300, 211.13 W, 242162 MiB, 0 %
2026/10/09 00:13:21.280, 0, NVIDIA RTX PRO 6000 Blackwell Max-Q Workstation Edition, 21.47 W, 73361 MiB, 0 %
2026/10/09 00:13:21.280, 1, NVIDIA GB300, 211.17 W, 242162 MiB, 0 %
2026/10/09 00:13:22.280, 0, NVIDIA RTX PRO 6000 Blackwell Max-Q Workstation Edition, 20.91 W, 73361 MiB, 0 %
2026/10/09 00:13:22.280, 1, NVIDIA GB300, 211.13 W, 242162 MiB, 0 %
2026/10/09 00:13:23.280, 0, NVIDIA RTX PRO 6000 Blackwell Max-Q Workstation Edition, 20.90 W, 73361 MiB, 0 %
2026/10/09 00:13:23.280, 1, NVIDIA GB300, 211.13 W, 242162 MiB, 0 %
2026/10/09 00:13:24.280, 0, NVIDIA RTX PRO 6000 Blackwell Max-Q Workstation Edition, 76.40 W, 73361 MiB, 27 %
2026/10/09 00:13:24.280, 1, NVIDIA GB300, 379.03 W, 244532 MiB, 0 %
2026/10/09 00:13:25.281, 0, NVIDIA RTX PRO 6000 Blackwell Max-Q Workstation Edition, 81.75 W, 73361 MiB, 0 %
2026/10/09 00:13:25.281, 1, NVIDIA GB300, 211.89 W, 244532 MiB, 0 %
2026/10/09 00:13:26.281, 0, NVIDIA RTX PRO 6000 Blackwell Max-Q Workstation Edition, 76.64 W, 73361 MiB, 0 %
2026/10/09 00:13:26.281, 1, NVIDIA GB300, 211.49 W, 244532 MiB, 0 %
2026/10/09 00:13:27.281, 0, NVIDIA RTX PRO 6000 Blackwell Max-Q Workstation Edition, 77.15 W, 73361 MiB, 0 %
2026/10/09 00:13:27.281, 1, NVIDIA GB300, 211.49 W, 244532 MiB, 0 %
2026/10/09 00:13:28.281, 0, NVIDIA RTX PRO 6000 Blackwell Max-Q Workstation Edition, 76.92 W, 73361 MiB, 0 %
2026/10/09 00:13:28.281, 1, NVIDIA GB300, 211.50 W, 244532 MiB, 0 %
2026/10/09 00:13:29.281, 0, NVIDIA RTX PRO 6000 Blackwell Max-Q Workstation Edition, 77.18 W, 73361 MiB, 0 %
2026/10/09 00:13:29.281, 1, NVIDIA GB300, 211.50 W, 244532 MiB, 0 %
2026/10/09 00:13:30.282, 0, NVIDIA RTX PRO 6000 Blackwell Max-Q Workstation Edition, 77.26 W, 73361 MiB, 0 %
2026/10/09 00:13:30.282, 1, NVIDIA GB300, 211.50 W, 244532 MiB, 0 %
2026/10/09 00:13:31.282, 0, NVIDIA RTX PRO 6000 Blackwell Max-Q Workstation Edition, 77.34 W, 73361 MiB, 0 %
2026/10/09 00:13:31.282, 1, NVIDIA GB300, 211.49 W, 244532 MiB, 0 %
2026/10/09 00:13:32.282, 0, NVIDIA RTX PRO 6000 Blackwell Max-Q Workstation Edition, 77.43 W, 73361 MiB, 0 %
2026/10/09 00:13:32.282, 1, NVIDIA GB300, 211.46 W, 244532 MiB, 0 %
2026/10/09 00:13:33.282, 0, NVIDIA RTX PRO 6000 Blackwell Max-Q Workstation Edition, 77.28 W, 73361 MiB, 0 %
2026/10/09 00:13:33.282, 1, NVIDIA GB300, 211.51 W, 244532 MiB, 0 %
2026/10/09 00:13:34.282, 0, NVIDIA RTX PRO 6000 Blackwell Max-Q Workstation Edition, 77.57 W, 73361 MiB, 0 %
2026/10/09 00:13:34.282, 1, NVIDIA GB300, 211.50 W, 244532 MiB, 0 %
2026/10/09 00:13:35.282, 0, NVIDIA RTX PRO 6000 Blackwell Max-Q Workstation Edition, 77.56 W, 73361 MiB, 0 %
2026/10/09 00:13:35.283, 1, NVIDIA GB300, 211.50 W, 244532 MiB, 0 %
2026/10/09 00:13:36.283, 0, NVIDIA RTX PRO 6000 Blackwell Max-Q Workstation Edition, 94.07 W, 73361 MiB, 33 %
2026/10/09 00:13:36.283, 1, NVIDIA GB300, 436.11 W, 244532 MiB, 100 %
2026/10/09 00:13:37.283, 0, NVIDIA RTX PRO 6000 Blackwell Max-Q Workstation Edition, 131.29 W, 73361 MiB, 33 %
2026/10/09 00:13:37.283, 1, NVIDIA GB300, 545.92 W, 244532 MiB, 100 %
2026/10/09 00:13:38.283, 0, NVIDIA RTX PRO 6000 Blackwell Max-Q Workstation Edition, 142.75 W, 73361 MiB, 32 %
2026/10/09 00:13:38.283, 1, NVIDIA GB300, 584.03 W, 244532 MiB, 100 %
2026/10/09 00:13:39.283, 0, NVIDIA RTX PRO 6000 Blackwell Max-Q Workstation Edition, 135.00 W, 73361 MiB, 33 %
2026/10/09 00:13:39.283, 1, NVIDIA GB300, 559.64 W, 244532 MiB, 100 %
2026/10/09 00:13:40.284, 0, NVIDIA RTX PRO 6000 Blackwell Max-Q Workstation Edition, 137.82 W, 73361 MiB, 46 %
2026/10/09 00:13:40.284, 1, NVIDIA GB300, 592.38 W, 244532 MiB, 100 %
2026/10/09 00:13:41.284, 0, NVIDIA RTX PRO 6000 Blackwell Max-Q Workstation Edition, 134.47 W, 73361 MiB, 30 %
2026/10/09 00:13:41.284, 1, NVIDIA GB300, 564.33 W, 244532 MiB, 100 %
2026/10/09 00:13:42.284, 0, NVIDIA RTX PRO 6000 Blackwell Max-Q Workstation Edition, 125.68 W, 73361 MiB, 26 %
2026/10/09 00:13:42.284, 1, NVIDIA GB300, 594.52 W, 244532 MiB, 73 %
2026/10/09 00:13:43.284, 0, NVIDIA RTX PRO 6000 Blackwell Max-Q Workstation Edition, 157.30 W, 73361 MiB, 37 %
2026/10/09 00:13:43.284, 1, NVIDIA GB300, 491.86 W, 244532 MiB, 100 %
2026/10/09 00:13:44.284, 0, NVIDIA RTX PRO 6000 Blackwell Max-Q Workstation Edition, 149.97 W, 73361 MiB, 37 %
2026/10/09 00:13:44.284, 1, NVIDIA GB300, 516.02 W, 244532 MiB, 100 %
2026/10/09 00:13:45.285, 0, NVIDIA RTX PRO 6000 Blackwell Max-Q Workstation Edition, 142.54 W, 73361 MiB, 28 %
2026/10/09 00:13:45.285, 1, NVIDIA GB300, 543.72 W, 244532 MiB, 100 %
2026/10/09 00:13:46.285, 0, NVIDIA RTX PRO 6000 Blackwell Max-Q Workstation Edition, 120.80 W, 73361 MiB, 29 %
2026/10/09 00:13:46.285, 1, NVIDIA GB300, 493.83 W, 244532 MiB, 100 %
2026/10/09 00:13:47.285, 0, NVIDIA RTX PRO 6000 Blackwell Max-Q Workstation Edition, 92.91 W, 73361 MiB, 0 %
2026/10/09 00:13:47.285, 1, NVIDIA GB300, 251.68 W, 244532 MiB, 0 %
2026/10/09 00:13:48.285, 0, NVIDIA RTX PRO 6000 Blackwell Max-Q Workstation Edition, 80.27 W, 73361 MiB, 0 %
2026/10/09 00:13:48.285, 1, NVIDIA GB300, 213.20 W, 244532 MiB, 0 %
2026/10/09 00:13:49.285, 0, NVIDIA RTX PRO 6000 Blackwell Max-Q Workstation Edition, 80.22 W, 73361 MiB, 0 %
2026/10/09 00:13:49.285, 1, NVIDIA GB300, 212.15 W, 244532 MiB, 0 %
2026/10/09 00:13:50.285, 0, NVIDIA RTX PRO 6000 Blackwell Max-Q Workstation Edition, 80.04 W, 73361 MiB, 0 %
2026/10/09 00:13:50.286, 1, NVIDIA GB300, 211.53 W, 244532 MiB, 0 %
2026/10/09 00:13:51.286, 0, NVIDIA RTX PRO 6000 Blackwell Max-Q Workstation Edition, 80.21 W, 73361 MiB, 0 %
2026/10/09 00:13:51.286, 1, NVIDIA GB300, 211.50 W, 244532 MiB, 0 %
2026/10/09 00:13:52.286, 0, NVIDIA RTX PRO 6000 Blackwell Max-Q Workstation Edition, 80.12 W, 73361 MiB, 0 %
2026/10/09 00:13:52.286, 1, NVIDIA GB300, 211.50 W, 244532 MiB, 0 %
2026/10/09 00:13:53.286, 0, NVIDIA RTX PRO 6000 Blackwell Max-Q Workstation Edition, 79.96 W, 73361 MiB, 0 %
2026/10/09 00:13:53.286, 1, NVIDIA GB300, 211.49 W, 244532 MiB, 0 %
2026/10/09 00:13:54.286, 0, NVIDIA RTX PRO 6000 Blackwell Max-Q Workstation Edition, 79.97 W, 73361 MiB, 0 %
2026/10/09 00:13:54.286, 1, NVIDIA GB300, 211.51 W, 244532 MiB, 0 %
2026/10/09 00:13:55.286, 0, NVIDIA RTX PRO 6000 Blackwell Max-Q Workstation Edition, 80.00 W, 73361 MiB, 0 %
2026/10/09 00:13:55.286, 1, NVIDIA GB300, 211.50 W, 244532 MiB, 0 %
2026/10/09 00:13:56.286, 0, NVIDIA RTX PRO 6000 Blackwell Max-Q Workstation Edition, 80.46 W, 73361 MiB, 0 %
2026/10/09 00:13:56.287, 1, NVIDIA GB300, 213.53 W, 244532 MiB, 0 %
2026/10/09 00:13:57.287, 0, NVIDIA RTX PRO 6000 Blackwell Max-Q Workstation Edition, 103.80 W, 73361 MiB, 0 %
2026/10/09 00:13:57.287, 1, NVIDIA GB300, 371.42 W, 244532 MiB, 0 %
2026/10/09 00:13:58.287, 0, NVIDIA RTX PRO 6000 Blackwell Max-Q Workstation Edition, 83.48 W, 73361 MiB, 0 %
2026/10/09 00:13:58.287, 1, NVIDIA GB300, 211.51 W, 244532 MiB, 0 %
2026/10/09 00:13:59.287, 0, NVIDIA RTX PRO 6000 Blackwell Max-Q Workstation Edition, 80.72 W, 73361 MiB, 0 %
2026/10/09 00:13:59.287, 1, NVIDIA GB300, 211.50 W, 244532 MiB, 0 %
2026/10/09 00:14:00.287, 0, NVIDIA RTX PRO 6000 Blackwell Max-Q Workstation Edition, 80.49 W, 73361 MiB, 0 %
2026/10/09 00:14:00.287, 1, NVIDIA GB300, 211.51 W, 244532 MiB, 0 %
2026/10/09 00:14:01.287, 0, NVIDIA RTX PRO 6000 Blackwell Max-Q Workstation Edition, 79.97 W, 73361 MiB, 0 %
2026/10/09 00:14:01.287, 1, NVIDIA GB300, 211.46 W, 244532 MiB, 0 %
2026/10/09 00:14:02.287, 0, NVIDIA RTX PRO 6000 Blackwell Max-Q Workstation Edition, 79.85 W, 73361 MiB, 0 %
2026/10/09 00:14:02.287, 1, NVIDIA GB300, 211.51 W, 244532 MiB, 0 %
2026/10/09 00:14:03.287, 0, NVIDIA RTX PRO 6000 Blackwell Max-Q Workstation Edition, 80.17 W, 73361 MiB, 0 %
2026/10/09 00:14:03.287, 1, NVIDIA GB300, 211.53 W, 244532 MiB, 0 %
2026/10/09 00:14:04.288, 0, NVIDIA RTX PRO 6000 Blackwell Max-Q Workstation Edition, 79.91 W, 73361 MiB, 0 %
2026/10/09 00:14:04.288, 1, NVIDIA GB300, 211.49 W, 244532 MiB, 0 %
2026/10/09 00:14:05.288, 0, NVIDIA RTX PRO 6000 Blackwell Max-Q Workstation Edition, 80.31 W, 73361 MiB, 0 %
2026/10/09 00:14:05.295, 1, NVIDIA GB300, 211.50 W, 244532 MiB, 0 %
2026/10/09 00:14:06.295, 0, NVIDIA RTX PRO 6000 Blackwell Max-Q Workstation Edition, 80.30 W, 73361 MiB, 0 %
2026/10/09 00:14:06.296, 1, NVIDIA GB300, 211.50 W, 244532 MiB, 0 %
2026/10/09 00:14:07.296, 0, NVIDIA RTX PRO 6000 Blackwell Max-Q Workstation Edition, 111.43 W, 73361 MiB, 36 %
2026/10/09 00:14:07.296, 1, NVIDIA GB300, 434.84 W, 244532 MiB, 100 %
2026/10/09 00:14:08.296, 0, NVIDIA RTX PRO 6000 Blackwell Max-Q Workstation Edition, 130.96 W, 73361 MiB, 29 %
2026/10/09 00:14:08.296, 1, NVIDIA GB300, 570.41 W, 244532 MiB, 100 %
2026/10/09 00:14:09.296, 0, NVIDIA RTX PRO 6000 Blackwell Max-Q Workstation Edition, 124.01 W, 73361 MiB, 28 %
2026/10/09 00:14:09.296, 1, NVIDIA GB300, 582.01 W, 244532 MiB, 100 %
2026/10/09 00:14:10.296, 0, NVIDIA RTX PRO 6000 Blackwell Max-Q Workstation Edition, 148.81 W, 73361 MiB, 36 %
2026/10/09 00:14:10.296, 1, NVIDIA GB300, 557.03 W, 244532 MiB, 100 %
2026/10/09 00:14:11.296, 0, NVIDIA RTX PRO 6000 Blackwell Max-Q Workstation Edition, 144.45 W, 73361 MiB, 34 %
2026/10/09 00:14:11.296, 1, NVIDIA GB300, 518.18 W, 244532 MiB, 100 %
2026/10/09 00:14:12.296, 0, NVIDIA RTX PRO 6000 Blackwell Max-Q Workstation Edition, 152.74 W, 73361 MiB, 36 %
2026/10/09 00:14:12.296, 1, NVIDIA GB300, 569.10 W, 244532 MiB, 100 %
2026/10/09 00:14:13.296, 0, NVIDIA RTX PRO 6000 Blackwell Max-Q Workstation Edition, 148.20 W, 73361 MiB, 34 %
2026/10/09 00:14:13.296, 1, NVIDIA GB300, 527.48 W, 244532 MiB, 100 %
2026/10/09 00:14:14.296, 0, NVIDIA RTX PRO 6000 Blackwell Max-Q Workstation Edition, 150.67 W, 73361 MiB, 37 %
2026/10/09 00:14:14.296, 1, NVIDIA GB300, 545.09 W, 244532 MiB, 100 %
2026/10/09 00:14:15.297, 0, NVIDIA RTX PRO 6000 Blackwell Max-Q Workstation Edition, 142.08 W, 73361 MiB, 28 %
2026/10/09 00:14:15.297, 1, NVIDIA GB300, 549.65 W, 244532 MiB, 100 %
2026/10/09 00:14:16.297, 0, NVIDIA RTX PRO 6000 Blackwell Max-Q Workstation Edition, 120.87 W, 73361 MiB, 28 %
2026/10/09 00:14:16.297, 1, NVIDIA GB300, 496.32 W, 244532 MiB, 100 %
2026/10/09 00:14:17.297, 0, NVIDIA RTX PRO 6000 Blackwell Max-Q Workstation Edition, 133.93 W, 73361 MiB, 27 %
2026/10/09 00:14:17.297, 1, NVIDIA GB300, 556.71 W, 244532 MiB, 100 %
2026/10/09 00:14:18.297, 0, NVIDIA RTX PRO 6000 Blackwell Max-Q Workstation Edition, 122.58 W, 73361 MiB, 29 %
2026/10/09 00:14:18.297, 1, NVIDIA GB300, 509.11 W, 244532 MiB, 100 %
2026/10/09 00:14:19.297, 0, NVIDIA RTX PRO 6000 Blackwell Max-Q Workstation Edition, 94.44 W, 73361 MiB, 0 %
2026/10/09 00:14:19.297, 1, NVIDIA GB300, 234.04 W, 244532 MiB, 0 %
2026/10/09 00:14:20.297, 0, NVIDIA RTX PRO 6000 Blackwell Max-Q Workstation Edition, 86.00 W, 73361 MiB, 0 %
2026/10/09 00:14:20.297, 1, NVIDIA GB300, 212.62 W, 244532 MiB, 0 %
2026/10/09 00:14:21.298, 0, NVIDIA RTX PRO 6000 Blackwell Max-Q Workstation Edition, 82.82 W, 73361 MiB, 0 %
2026/10/09 00:14:21.298, 1, NVIDIA GB300, 211.85 W, 244532 MiB, 0 %
2026/10/09 00:14:22.298, 0, NVIDIA RTX PRO 6000 Blackwell Max-Q Workstation Edition, 82.72 W, 73361 MiB, 0 %
2026/10/09 00:14:22.298, 1, NVIDIA GB300, 211.61 W, 244532 MiB, 0 %
2026/10/09 00:14:23.298, 0, NVIDIA RTX PRO 6000 Blackwell Max-Q Workstation Edition, 83.09 W, 73361 MiB, 0 %
2026/10/09 00:14:23.298, 1, NVIDIA GB300, 211.50 W, 244532 MiB, 0 %
2026/10/09 00:14:24.298, 0, NVIDIA RTX PRO 6000 Blackwell Max-Q Workstation Edition, 83.24 W, 73361 MiB, 0 %
2026/10/09 00:14:24.298, 1, NVIDIA GB300, 211.50 W, 244532 MiB, 0 %
2026/10/09 00:14:25.298, 0, NVIDIA RTX PRO 6000 Blackwell Max-Q Workstation Edition, 83.38 W, 73361 MiB, 0 %
2026/10/09 00:14:25.298, 1, NVIDIA GB300, 211.48 W, 244532 MiB, 0 %
2026/10/09 00:14:26.298, 0, NVIDIA RTX PRO 6000 Blackwell Max-Q Workstation Edition, 82.79 W, 73361 MiB, 0 %
2026/10/09 00:14:26.298, 1, NVIDIA GB300, 211.49 W, 244532 MiB, 0 %
2026/10/09 00:14:27.299, 0, NVIDIA RTX PRO 6000 Blackwell Max-Q Workstation Edition, 82.56 W, 73361 MiB, 0 %
2026/10/09 00:14:27.299, 1, NVIDIA GB300, 211.49 W, 244532 MiB, 0 %
2026/10/09 00:14:28.299, 0, NVIDIA RTX PRO 6000 Blackwell Max-Q Workstation Edition, 95.92 W, 73361 MiB, 51 %
2026/10/09 00:14:28.299, 1, NVIDIA GB300, 379.34 W, 244532 MiB, 70 %
2026/10/09 00:14:29.299, 0, NVIDIA RTX PRO 6000 Blackwell Max-Q Workstation Edition, 100.00 W, 73361 MiB, 0 %
2026/10/09 00:14:29.299, 1, NVIDIA GB300, 212.50 W, 244532 MiB, 0 %
2026/10/09 00:14:30.299, 0, NVIDIA RTX PRO 6000 Blackwell Max-Q Workstation Edition, 90.16 W, 73361 MiB, 0 %
2026/10/09 00:14:30.299, 1, NVIDIA GB300, 211.49 W, 244532 MiB, 0 %
2026/10/09 00:14:31.299, 0, NVIDIA RTX PRO 6000 Blackwell Max-Q Workstation Edition, 83.11 W, 73361 MiB, 0 %
2026/10/09 00:14:31.299, 1, NVIDIA GB300, 211.49 W, 244532 MiB, 0 %
2026/10/09 00:14:32.299, 0, NVIDIA RTX PRO 6000 Blackwell Max-Q Workstation Edition, 83.40 W, 73361 MiB, 0 %
2026/10/09 00:14:32.299, 1, NVIDIA GB300, 211.48 W, 244532 MiB, 0 %
2026/10/09 00:14:33.299, 0, NVIDIA RTX PRO 6000 Blackwell Max-Q Workstation Edition, 83.24 W, 73361 MiB, 0 %
2026/10/09 00:14:33.299, 1, NVIDIA GB300, 211.53 W, 244532 MiB, 0 %
2026/10/09 00:14:34.299, 0, NVIDIA RTX PRO 6000 Blackwell Max-Q Workstation Edition, 83.23 W, 73361 MiB, 0 %
2026/10/09 00:14:34.299, 1, NVIDIA GB300, 211.49 W, 244532 MiB, 0 %
2026/10/09 00:14:35.300, 0, NVIDIA RTX PRO 6000 Blackwell Max-Q Workstation Edition, 83.19 W, 73361 MiB, 0 %
2026/10/09 00:14:35.300, 1, NVIDIA GB300, 211.49 W, 244532 MiB, 0 %
2026/10/09 00:14:36.300, 0, NVIDIA RTX PRO 6000 Blackwell Max-Q Workstation Edition, 83.25 W, 73361 MiB, 0 %
2026/10/09 00:14:36.300, 1, NVIDIA GB300, 211.48 W, 244532 MiB, 0 %
2026/10/09 00:14:37.300, 0, NVIDIA RTX PRO 6000 Blackwell Max-Q Workstation Edition, 83.24 W, 73361 MiB, 0 %
2026/10/09 00:14:37.300, 1, NVIDIA GB300, 211.58 W, 244532 MiB, 0 %
2026/10/09 00:14:38.300, 0, NVIDIA RTX PRO 6000 Blackwell Max-Q Workstation Edition, 87.79 W, 73361 MiB, 41 %
2026/10/09 00:14:38.300, 1, NVIDIA GB300, 335.42 W, 244532 MiB, 100 %
2026/10/09 00:14:39.300, 0, NVIDIA RTX PRO 6000 Blackwell Max-Q Workstation Edition, 131.17 W, 73361 MiB, 29 %
2026/10/09 00:14:39.300, 1, NVIDIA GB300, 496.83 W, 244532 MiB, 100 %
2026/10/09 00:14:40.300, 0, NVIDIA RTX PRO 6000 Blackwell Max-Q Workstation Edition, 123.36 W, 73361 MiB, 25 %
2026/10/09 00:14:40.300, 1, NVIDIA GB300, 553.29 W, 244532 MiB, 100 %
2026/10/09 00:14:41.300, 0, NVIDIA RTX PRO 6000 Blackwell Max-Q Workstation Edition, 142.68 W, 73361 MiB, 33 %
2026/10/09 00:14:41.301, 1, NVIDIA GB300, 510.40 W, 244532 MiB, 100 %
2026/10/09 00:14:42.301, 0, NVIDIA RTX PRO 6000 Blackwell Max-Q Workstation Edition, 134.67 W, 73361 MiB, 32 %
2026/10/09 00:14:42.301, 1, NVIDIA GB300, 557.33 W, 244532 MiB, 100 %
2026/10/09 00:14:43.301, 0, NVIDIA RTX PRO 6000 Blackwell Max-Q Workstation Edition, 135.78 W, 73361 MiB, 30 %
2026/10/09 00:14:43.301, 1, NVIDIA GB300, 511.48 W, 244532 MiB, 100 %
2026/10/09 00:14:44.301, 0, NVIDIA RTX PRO 6000 Blackwell Max-Q Workstation Edition, 124.25 W, 73361 MiB, 29 %
2026/10/09 00:14:44.301, 1, NVIDIA GB300, 527.63 W, 244532 MiB, 100 %
2026/10/09 00:14:45.301, 0, NVIDIA RTX PRO 6000 Blackwell Max-Q Workstation Edition, 135.41 W, 73361 MiB, 28 %
2026/10/09 00:14:45.301, 1, NVIDIA GB300, 527.65 W, 244532 MiB, 100 %
2026/10/09 00:14:46.301, 0, NVIDIA RTX PRO 6000 Blackwell Max-Q Workstation Edition, 124.75 W, 73361 MiB, 29 %
2026/10/09 00:14:46.301, 1, NVIDIA GB300, 547.39 W, 244532 MiB, 100 %
2026/10/09 00:14:47.301, 0, NVIDIA RTX PRO 6000 Blackwell Max-Q Workstation Edition, 134.32 W, 73361 MiB, 29 %
2026/10/09 00:14:47.302, 1, NVIDIA GB300, 513.15 W, 244532 MiB, 100 %
2026/10/09 00:14:48.302, 0, NVIDIA RTX PRO 6000 Blackwell Max-Q Workstation Edition, 125.56 W, 73361 MiB, 29 %
2026/10/09 00:14:48.302, 1, NVIDIA GB300, 459.35 W, 244532 MiB, 0 %
2026/10/09 00:14:49.302, 0, NVIDIA RTX PRO 6000 Blackwell Max-Q Workstation Edition, 91.45 W, 73361 MiB, 0 %
2026/10/09 00:14:49.302, 1, NVIDIA GB300, 213.88 W, 244532 MiB, 0 %
2026/10/09 00:14:50.302, 0, NVIDIA RTX PRO 6000 Blackwell Max-Q Workstation Edition, 85.04 W, 73361 MiB, 0 %
2026/10/09 00:14:50.302, 1, NVIDIA GB300, 212.45 W, 244532 MiB, 0 %
2026/10/09 00:14:51.302, 0, NVIDIA RTX PRO 6000 Blackwell Max-Q Workstation Edition, 85.18 W, 73361 MiB, 0 %
2026/10/09 00:14:51.302, 1, NVIDIA GB300, 211.57 W, 244532 MiB, 0 %
2026/10/09 00:14:52.302, 0, NVIDIA RTX PRO 6000 Blackwell Max-Q Workstation Edition, 85.18 W, 73361 MiB, 0 %
2026/10/09 00:14:52.302, 1, NVIDIA GB300, 211.49 W, 244532 MiB, 0 %
2026/10/09 00:14:53.302, 0, NVIDIA RTX PRO 6000 Blackwell Max-Q Workstation Edition, 85.48 W, 73361 MiB, 0 %
2026/10/09 00:14:53.302, 1, NVIDIA GB300, 211.50 W, 244532 MiB, 0 %
2026/10/09 00:14:54.302, 0, NVIDIA RTX PRO 6000 Blackwell Max-Q Workstation Edition, 84.93 W, 73361 MiB, 0 %
2026/10/09 00:14:54.303, 1, NVIDIA GB300, 211.49 W, 244532 MiB, 0 %
2026/10/09 00:14:55.303, 0, NVIDIA RTX PRO 6000 Blackwell Max-Q Workstation Edition, 85.03 W, 73361 MiB, 0 %
2026/10/09 00:14:55.303, 1, NVIDIA GB300, 211.48 W, 244532 MiB, 0 %
2026/10/09 00:14:56.303, 0, NVIDIA RTX PRO 6000 Blackwell Max-Q Workstation Edition, 85.09 W, 73361 MiB, 0 %
2026/10/09 00:14:56.303, 1, NVIDIA GB300, 211.50 W, 244532 MiB, 0 %
2026/10/09 00:14:57.303, 0, NVIDIA RTX PRO 6000 Blackwell Max-Q Workstation Edition, 84.99 W, 73361 MiB, 0 %
2026/10/09 00:14:57.303, 1, NVIDIA GB300, 211.50 W, 244532 MiB, 0 %
2026/10/09 00:14:58.303, 0, NVIDIA RTX PRO 6000 Blackwell Max-Q Workstation Edition, 104.05 W, 73361 MiB, 34 %
2026/10/09 00:14:58.303, 1, NVIDIA GB300, 421.25 W, 244534 MiB, 67 %
2026/10/09 00:14:59.303, 0, NVIDIA RTX PRO 6000 Blackwell Max-Q Workstation Edition, 172.45 W, 73361 MiB, 42 %
2026/10/09 00:14:59.303, 1, NVIDIA GB300, 620.16 W, 245320 MiB, 100 %
2026/10/09 00:15:00.304, 0, NVIDIA RTX PRO 6000 Blackwell Max-Q Workstation Edition, 105.27 W, 73361 MiB, 0 %
2026/10/09 00:15:00.304, 1, NVIDIA GB300, 221.28 W, 245320 MiB, 0 %
2026/10/09 00:15:01.304, 0, NVIDIA RTX PRO 6000 Blackwell Max-Q Workstation Edition, 96.66 W, 73361 MiB, 0 %
2026/10/09 00:15:01.304, 1, NVIDIA GB300, 212.28 W, 245320 MiB, 0 %
2026/10/09 00:15:02.304, 0, NVIDIA RTX PRO 6000 Blackwell Max-Q Workstation Edition, 86.26 W, 73361 MiB, 0 %
2026/10/09 00:15:02.304, 1, NVIDIA GB300, 211.57 W, 245320 MiB, 0 %
2026/10/09 00:15:03.304, 0, NVIDIA RTX PRO 6000 Blackwell Max-Q Workstation Edition, 85.71 W, 73361 MiB, 0 %
2026/10/09 00:15:03.304, 1, NVIDIA GB300, 211.59 W, 245320 MiB, 0 %
2026/10/09 00:15:04.304, 0, NVIDIA RTX PRO 6000 Blackwell Max-Q Workstation Edition, 85.60 W, 73361 MiB, 0 %
2026/10/09 00:15:04.304, 1, NVIDIA GB300, 211.50 W, 245320 MiB, 0 %
2026/10/09 00:15:05.304, 0, NVIDIA RTX PRO 6000 Blackwell Max-Q Workstation Edition, 85.58 W, 73361 MiB, 0 %
2026/10/09 00:15:05.305, 1, NVIDIA GB300, 211.50 W, 245320 MiB, 0 %
2026/10/09 00:15:06.305, 0, NVIDIA RTX PRO 6000 Blackwell Max-Q Workstation Edition, 85.49 W, 73361 MiB, 0 %
2026/10/09 00:15:06.305, 1, NVIDIA GB300, 211.49 W, 245320 MiB, 0 %
2026/10/09 00:15:07.305, 0, NVIDIA RTX PRO 6000 Blackwell Max-Q Workstation Edition, 85.51 W, 73361 MiB, 0 %
2026/10/09 00:15:07.305, 1, NVIDIA GB300, 211.62 W, 245320 MiB, 0 %
2026/10/09 00:15:08.305, 0, NVIDIA RTX PRO 6000 Blackwell Max-Q Workstation Edition, 85.78 W, 73361 MiB, 0 %
2026/10/09 00:15:08.305, 1, NVIDIA GB300, 211.50 W, 245320 MiB, 0 %
2026/10/09 00:15:09.305, 0, NVIDIA RTX PRO 6000 Blackwell Max-Q Workstation Edition, 85.41 W, 73361 MiB, 0 %
2026/10/09 00:15:09.305, 1, NVIDIA GB300, 211.49 W, 245320 MiB, 0 %
2026/10/09 00:15:10.305, 0, NVIDIA RTX PRO 6000 Blackwell Max-Q Workstation Edition, 85.29 W, 73361 MiB, 0 %
2026/10/09 00:15:10.305, 1, NVIDIA GB300, 211.49 W, 245320 MiB, 0 %
2026/10/09 00:15:11.305, 0, NVIDIA RTX PRO 6000 Blackwell Max-Q Workstation Edition, 85.75 W, 73361 MiB, 0 %
2026/10/09 00:15:11.305, 1, NVIDIA GB300, 211.50 W, 245320 MiB, 0 %
2026/10/09 00:15:12.306, 0, NVIDIA RTX PRO 6000 Blackwell Max-Q Workstation Edition, 85.74 W, 73361 MiB, 0 %
2026/10/09 00:15:12.306, 1, NVIDIA GB300, 211.50 W, 245320 MiB, 0 %
2026/10/09 00:15:13.306, 0, NVIDIA RTX PRO 6000 Blackwell Max-Q Workstation Edition, 85.65 W, 73361 MiB, 0 %
2026/10/09 00:15:13.306, 1, NVIDIA GB300, 211.50 W, 245320 MiB, 0 %
2026/10/09 00:15:14.306, 0, NVIDIA RTX PRO 6000 Blackwell Max-Q Workstation Edition, 127.50 W, 73361 MiB, 57 %
2026/10/09 00:15:14.306, 1, NVIDIA GB300, 695.91 W, 245320 MiB, 70 %
2026/10/09 00:15:15.306, 0, NVIDIA RTX PRO 6000 Blackwell Max-Q Workstation Edition, 186.35 W, 73361 MiB, 32 %
2026/10/09 00:15:15.306, 1, NVIDIA GB300, 779.32 W, 245320 MiB, 100 %
2026/10/09 00:15:16.306, 0, NVIDIA RTX PRO 6000 Blackwell Max-Q Workstation Edition, 205.71 W, 73361 MiB, 69 %
2026/10/09 00:15:16.306, 1, NVIDIA GB300, 834.15 W, 245320 MiB, 100 %
2026/10/09 00:15:17.306, 0, NVIDIA RTX PRO 6000 Blackwell Max-Q Workstation Edition, 209.52 W, 73361 MiB, 59 %
2026/10/09 00:15:17.306, 1, NVIDIA GB300, 742.65 W, 245320 MiB, 100 %
2026/10/09 00:15:18.306, 0, NVIDIA RTX PRO 6000 Blackwell Max-Q Workstation Edition, 221.91 W, 73361 MiB, 59 %
2026/10/09 00:15:18.307, 1, NVIDIA GB300, 774.18 W, 245320 MiB, 100 %
2026/10/09 00:15:19.307, 0, NVIDIA RTX PRO 6000 Blackwell Max-Q Workstation Edition, 220.59 W, 73361 MiB, 58 %
2026/10/09 00:15:19.307, 1, NVIDIA GB300, 794.31 W, 245320 MiB, 100 %
2026/10/09 00:15:20.307, 0, NVIDIA RTX PRO 6000 Blackwell Max-Q Workstation Edition, 219.73 W, 73361 MiB, 58 %
2026/10/09 00:15:20.307, 1, NVIDIA GB300, 794.04 W, 245320 MiB, 100 %
2026/10/09 00:15:21.307, 0, NVIDIA RTX PRO 6000 Blackwell Max-Q Workstation Edition, 218.61 W, 73361 MiB, 58 %
2026/10/09 00:15:21.307, 1, NVIDIA GB300, 812.15 W, 245320 MiB, 100 %
2026/10/09 00:15:22.307, 0, NVIDIA RTX PRO 6000 Blackwell Max-Q Workstation Edition, 213.32 W, 73361 MiB, 65 %
2026/10/09 00:15:22.307, 1, NVIDIA GB300, 802.36 W, 245322 MiB, 100 %
2026/10/09 00:15:23.307, 0, NVIDIA RTX PRO 6000 Blackwell Max-Q Workstation Edition, 211.74 W, 73361 MiB, 60 %
2026/10/09 00:15:23.307, 1, NVIDIA GB300, 866.85 W, 245322 MiB, 100 %
2026/10/09 00:15:24.307, 0, NVIDIA RTX PRO 6000 Blackwell Max-Q Workstation Edition, 211.65 W, 73361 MiB, 57 %
2026/10/09 00:15:24.307, 1, NVIDIA GB300, 826.27 W, 245322 MiB, 72 %
2026/10/09 00:15:25.308, 0, NVIDIA RTX PRO 6000 Blackwell Max-Q Workstation Edition, 214.03 W, 73361 MiB, 35 %
2026/10/09 00:15:25.308, 1, NVIDIA GB300, 772.25 W, 245322 MiB, 100 %
2026/10/09 00:15:26.308, 0, NVIDIA RTX PRO 6000 Blackwell Max-Q Workstation Edition, 226.93 W, 73361 MiB, 65 %
2026/10/09 00:15:26.308, 1, NVIDIA GB300, 756.04 W, 245322 MiB, 53 %
2026/10/09 00:15:27.308, 0, NVIDIA RTX PRO 6000 Blackwell Max-Q Workstation Edition, 220.84 W, 73361 MiB, 61 %
2026/10/09 00:15:27.308, 1, NVIDIA GB300, 802.47 W, 245322 MiB, 100 %
2026/10/09 00:15:28.308, 0, NVIDIA RTX PRO 6000 Blackwell Max-Q Workstation Edition, 230.73 W, 73361 MiB, 60 %
2026/10/09 00:15:28.308, 1, NVIDIA GB300, 763.97 W, 245322 MiB, 100 %
2026/10/09 00:15:29.308, 0, NVIDIA RTX PRO 6000 Blackwell Max-Q Workstation Edition, 229.47 W, 73361 MiB, 61 %
2026/10/09 00:15:29.308, 1, NVIDIA GB300, 770.94 W, 245322 MiB, 100 %
2026/10/09 00:15:30.308, 0, NVIDIA RTX PRO 6000 Blackwell Max-Q Workstation Edition, 224.94 W, 73361 MiB, 63 %
2026/10/09 00:15:30.308, 1, NVIDIA GB300, 761.82 W, 245322 MiB, 39 %
2026/10/09 00:15:31.308, 0, NVIDIA RTX PRO 6000 Blackwell Max-Q Workstation Edition, 207.13 W, 73361 MiB, 67 %
2026/10/09 00:15:31.308, 1, NVIDIA GB300, 822.28 W, 245322 MiB, 100 %
2026/10/09 00:15:32.308, 0, NVIDIA RTX PRO 6000 Blackwell Max-Q Workstation Edition, 209.46 W, 73361 MiB, 61 %
2026/10/09 00:15:32.308, 1, NVIDIA GB300, 812.84 W, 245322 MiB, 86 %
2026/10/09 00:15:33.309, 0, NVIDIA RTX PRO 6000 Blackwell Max-Q Workstation Edition, 205.40 W, 73361 MiB, 53 %
2026/10/09 00:15:33.309, 1, NVIDIA GB300, 769.96 W, 245322 MiB, 82 %
2026/10/09 00:15:34.309, 0, NVIDIA RTX PRO 6000 Blackwell Max-Q Workstation Edition, 207.38 W, 73361 MiB, 60 %
2026/10/09 00:15:34.309, 1, NVIDIA GB300, 782.34 W, 245322 MiB, 100 %
2026/10/09 00:15:35.309, 0, NVIDIA RTX PRO 6000 Blackwell Max-Q Workstation Edition, 211.49 W, 73361 MiB, 61 %
2026/10/09 00:15:35.309, 1, NVIDIA GB300, 737.78 W, 245322 MiB, 100 %
2026/10/09 00:15:36.309, 0, NVIDIA RTX PRO 6000 Blackwell Max-Q Workstation Edition, 221.14 W, 73361 MiB, 60 %
2026/10/09 00:15:36.309, 1, NVIDIA GB300, 711.66 W, 245322 MiB, 100 %
2026/10/09 00:15:37.309, 0, NVIDIA RTX PRO 6000 Blackwell Max-Q Workstation Edition, 223.90 W, 73361 MiB, 59 %
2026/10/09 00:15:37.309, 1, NVIDIA GB300, 743.32 W, 245322 MiB, 100 %
2026/10/09 00:15:38.310, 0, NVIDIA RTX PRO 6000 Blackwell Max-Q Workstation Edition, 225.00 W, 73361 MiB, 58 %
2026/10/09 00:15:38.310, 1, NVIDIA GB300, 741.85 W, 245322 MiB, 100 %
2026/10/09 00:15:39.310, 0, NVIDIA RTX PRO 6000 Blackwell Max-Q Workstation Edition, 218.90 W, 73361 MiB, 60 %
2026/10/09 00:15:39.310, 1, NVIDIA GB300, 768.28 W, 245322 MiB, 97 %
2026/10/09 00:15:40.310, 0, NVIDIA RTX PRO 6000 Blackwell Max-Q Workstation Edition, 211.84 W, 73361 MiB, 38 %
2026/10/09 00:15:40.310, 1, NVIDIA GB300, 809.96 W, 245322 MiB, 100 %
2026/10/09 00:15:41.310, 0, NVIDIA RTX PRO 6000 Blackwell Max-Q Workstation Edition, 210.16 W, 73361 MiB, 63 %
2026/10/09 00:15:41.310, 1, NVIDIA GB300, 758.15 W, 245322 MiB, 53 %
2026/10/09 00:15:42.310, 0, NVIDIA RTX PRO 6000 Blackwell Max-Q Workstation Edition, 219.29 W, 73361 MiB, 61 %
2026/10/09 00:15:42.310, 1, NVIDIA GB300, 775.37 W, 245322 MiB, 100 %
2026/10/09 00:15:43.310, 0, NVIDIA RTX PRO 6000 Blackwell Max-Q Workstation Edition, 218.38 W, 73361 MiB, 63 %
2026/10/09 00:15:43.310, 1, NVIDIA GB300, 790.95 W, 245322 MiB, 81 %
2026/10/09 00:15:44.311, 0, NVIDIA RTX PRO 6000 Blackwell Max-Q Workstation Edition, 214.71 W, 73361 MiB, 58 %
2026/10/09 00:15:44.311, 1, NVIDIA GB300, 814.55 W, 245322 MiB, 100 %
2026/10/09 00:15:45.311, 0, NVIDIA RTX PRO 6000 Blackwell Max-Q Workstation Edition, 216.79 W, 73361 MiB, 56 %
2026/10/09 00:15:45.311, 1, NVIDIA GB300, 834.57 W, 245322 MiB, 100 %
2026/10/09 00:15:46.311, 0, NVIDIA RTX PRO 6000 Blackwell Max-Q Workstation Edition, 214.31 W, 73361 MiB, 55 %
2026/10/09 00:15:46.311, 1, NVIDIA GB300, 876.27 W, 245322 MiB, 100 %
2026/10/09 00:15:47.311, 0, NVIDIA RTX PRO 6000 Blackwell Max-Q Workstation Edition, 218.68 W, 73361 MiB, 58 %
2026/10/09 00:15:47.311, 1, NVIDIA GB300, 843.06 W, 245322 MiB, 100 %
2026/10/09 00:15:48.311, 0, NVIDIA RTX PRO 6000 Blackwell Max-Q Workstation Edition, 216.94 W, 73361 MiB, 30 %
2026/10/09 00:15:48.311, 1, NVIDIA GB300, 810.82 W, 245322 MiB, 100 %
2026/10/09 00:15:49.311, 0, NVIDIA RTX PRO 6000 Blackwell Max-Q Workstation Edition, 207.73 W, 73361 MiB, 62 %
2026/10/09 00:15:49.311, 1, NVIDIA GB300, 755.20 W, 245322 MiB, 56 %
2026/10/09 00:15:50.311, 0, NVIDIA RTX PRO 6000 Blackwell Max-Q Workstation Edition, 219.03 W, 73361 MiB, 59 %
2026/10/09 00:15:50.319, 1, NVIDIA GB300, 837.82 W, 245322 MiB, 100 %
2026/10/09 00:15:51.319, 0, NVIDIA RTX PRO 6000 Blackwell Max-Q Workstation Edition, 218.94 W, 73361 MiB, 39 %
2026/10/09 00:15:51.319, 1, NVIDIA GB300, 779.43 W, 245322 MiB, 100 %
2026/10/09 00:15:52.319, 0, NVIDIA RTX PRO 6000 Blackwell Max-Q Workstation Edition, 217.92 W, 73361 MiB, 59 %
2026/10/09 00:15:52.319, 1, NVIDIA GB300, 819.30 W, 245322 MiB, 100 %
2026/10/09 00:15:53.319, 0, NVIDIA RTX PRO 6000 Blackwell Max-Q Workstation Edition, 217.25 W, 73361 MiB, 30 %
2026/10/09 00:15:53.319, 1, NVIDIA GB300, 776.30 W, 245322 MiB, 100 %
2026/10/09 00:15:54.319, 0, NVIDIA RTX PRO 6000 Blackwell Max-Q Workstation Edition, 226.61 W, 73361 MiB, 59 %
2026/10/09 00:15:54.320, 1, NVIDIA GB300, 769.42 W, 245322 MiB, 100 %
2026/10/09 00:15:55.320, 0, NVIDIA RTX PRO 6000 Blackwell Max-Q Workstation Edition, 223.22 W, 73361 MiB, 57 %
2026/10/09 00:15:55.327, 1, NVIDIA GB300, 819.47 W, 245322 MiB, 100 %
2026/10/09 00:15:56.327, 0, NVIDIA RTX PRO 6000 Blackwell Max-Q Workstation Edition, 223.11 W, 73361 MiB, 56 %
2026/10/09 00:15:56.327, 1, NVIDIA GB300, 822.59 W, 245322 MiB, 100 %
2026/10/09 00:15:57.328, 0, NVIDIA RTX PRO 6000 Blackwell Max-Q Workstation Edition, 219.59 W, 73361 MiB, 53 %
2026/10/09 00:15:57.328, 1, NVIDIA GB300, 736.74 W, 245322 MiB, 100 %
2026/10/09 00:15:58.328, 0, NVIDIA RTX PRO 6000 Blackwell Max-Q Workstation Edition, 209.93 W, 73361 MiB, 46 %
2026/10/09 00:15:58.328, 1, NVIDIA GB300, 727.60 W, 245322 MiB, 100 %
2026/10/09 00:15:59.328, 0, NVIDIA RTX PRO 6000 Blackwell Max-Q Workstation Edition, 185.31 W, 73361 MiB, 36 %
2026/10/09 00:15:59.328, 1, NVIDIA GB300, 582.96 W, 245322 MiB, 100 %
2026/10/09 00:16:00.328, 0, NVIDIA RTX PRO 6000 Blackwell Max-Q Workstation Edition, 166.87 W, 73361 MiB, 36 %
2026/10/09 00:16:00.328, 1, NVIDIA GB300, 546.64 W, 245322 MiB, 100 %
2026/10/09 00:16:01.328, 0, NVIDIA RTX PRO 6000 Blackwell Max-Q Workstation Edition, 128.56 W, 73361 MiB, 0 %
2026/10/09 00:16:01.328, 1, NVIDIA GB300, 302.08 W, 245322 MiB, 0 %
2026/10/09 00:16:02.328, 0, NVIDIA RTX PRO 6000 Blackwell Max-Q Workstation Edition, 102.29 W, 73361 MiB, 0 %
2026/10/09 00:16:02.329, 1, NVIDIA GB300, 216.30 W, 245322 MiB, 0 %
2026/10/09 00:16:03.329, 0, NVIDIA RTX PRO 6000 Blackwell Max-Q Workstation Edition, 90.77 W, 73361 MiB, 0 %
2026/10/09 00:16:03.329, 1, NVIDIA GB300, 214.89 W, 245322 MiB, 0 %
2026/10/09 00:16:04.329, 0, NVIDIA RTX PRO 6000 Blackwell Max-Q Workstation Edition, 90.73 W, 73361 MiB, 0 %
2026/10/09 00:16:04.329, 1, NVIDIA GB300, 213.45 W, 245322 MiB, 0 %
2026/10/09 00:16:05.329, 0, NVIDIA RTX PRO 6000 Blackwell Max-Q Workstation Edition, 90.79 W, 73361 MiB, 0 %
2026/10/09 00:16:05.329, 1, NVIDIA GB300, 213.44 W, 245322 MiB, 0 %
2026/10/09 00:16:06.329, 0, NVIDIA RTX PRO 6000 Blackwell Max-Q Workstation Edition, 90.51 W, 73361 MiB, 0 %
2026/10/09 00:16:06.329, 1, NVIDIA GB300, 213.45 W, 245322 MiB, 0 %
2026/10/09 00:16:07.329, 0, NVIDIA RTX PRO 6000 Blackwell Max-Q Workstation Edition, 90.42 W, 73361 MiB, 0 %
2026/10/09 00:16:07.329, 1, NVIDIA GB300, 213.49 W, 245322 MiB, 0 %
2026/10/09 00:16:08.329, 0, NVIDIA RTX PRO 6000 Blackwell Max-Q Workstation Edition, 90.43 W, 73361 MiB, 0 %
2026/10/09 00:16:08.329, 1, NVIDIA GB300, 213.42 W, 245322 MiB, 0 %
2026/10/09 00:16:09.329, 0, NVIDIA RTX PRO 6000 Blackwell Max-Q Workstation Edition, 90.45 W, 73361 MiB, 0 %
2026/10/09 00:16:09.329, 1, NVIDIA GB300, 213.43 W, 245322 MiB, 0 %
2026/10/09 00:16:10.329, 0, NVIDIA RTX PRO 6000 Blackwell Max-Q Workstation Edition, 90.50 W, 73361 MiB, 0 %
2026/10/09 00:16:10.330, 1, NVIDIA GB300, 213.50 W, 245322 MiB, 0 %
2026/10/09 00:16:11.330, 0, NVIDIA RTX PRO 6000 Blackwell Max-Q Workstation Edition, 159.55 W, 73361 MiB, 54 %
2026/10/09 00:16:11.330, 1, NVIDIA GB300, 757.15 W, 245322 MiB, 100 %
2026/10/09 00:16:12.330, 0, NVIDIA RTX PRO 6000 Blackwell Max-Q Workstation Edition, 132.14 W, 73361 MiB, 0 %
2026/10/09 00:16:12.330, 1, NVIDIA GB300, 288.45 W, 245322 MiB, 0 %
2026/10/09 00:16:13.330, 0, NVIDIA RTX PRO 6000 Blackwell Max-Q Workstation Edition, 105.02 W, 73361 MiB, 0 %
2026/10/09 00:16:13.330, 1, NVIDIA GB300, 214.64 W, 245322 MiB, 0 %
2026/10/09 00:16:14.330, 0, NVIDIA RTX PRO 6000 Blackwell Max-Q Workstation Edition, 90.42 W, 73361 MiB, 0 %
2026/10/09 00:16:14.330, 1, NVIDIA GB300, 213.45 W, 245322 MiB, 0 %
2026/10/09 00:16:15.330, 0, NVIDIA RTX PRO 6000 Blackwell Max-Q Workstation Edition, 90.44 W, 73361 MiB, 0 %
2026/10/09 00:16:15.331, 1, NVIDIA GB300, 213.45 W, 245322 MiB, 0 %
2026/10/09 00:16:16.331, 0, NVIDIA RTX PRO 6000 Blackwell Max-Q Workstation Edition, 90.39 W, 73361 MiB, 0 %
2026/10/09 00:16:16.331, 1, NVIDIA GB300, 213.45 W, 245322 MiB, 0 %
2026/10/09 00:16:17.331, 0, NVIDIA RTX PRO 6000 Blackwell Max-Q Workstation Edition, 90.28 W, 73361 MiB, 0 %
2026/10/09 00:16:17.331, 1, NVIDIA GB300, 213.45 W, 245322 MiB, 0 %
2026/10/09 00:16:18.331, 0, NVIDIA RTX PRO 6000 Blackwell Max-Q Workstation Edition, 90.25 W, 73361 MiB, 0 %
2026/10/09 00:16:18.331, 1, NVIDIA GB300, 213.43 W, 245322 MiB, 0 %
2026/10/09 00:16:19.331, 0, NVIDIA RTX PRO 6000 Blackwell Max-Q Workstation Edition, 90.30 W, 73361 MiB, 0 %
2026/10/09 00:16:19.331, 1, NVIDIA GB300, 213.42 W, 245322 MiB, 0 %
2026/10/09 00:16:20.331, 0, NVIDIA RTX PRO 6000 Blackwell Max-Q Workstation Edition, 90.30 W, 73361 MiB, 0 %
2026/10/09 00:16:20.331, 1, NVIDIA GB300, 213.44 W, 245322 MiB, 0 %
2026/10/09 00:16:21.332, 0, NVIDIA RTX PRO 6000 Blackwell Max-Q Workstation Edition, 90.09 W, 73361 MiB, 0 %
2026/10/09 00:16:21.342, 1, NVIDIA GB300, 213.45 W, 245322 MiB, 0 %
2026/10/09 00:16:22.342, 0, NVIDIA RTX PRO 6000 Blackwell Max-Q Workstation Edition, 90.01 W, 73361 MiB, 0 %
2026/10/09 00:16:22.342, 1, NVIDIA GB300, 213.43 W, 245322 MiB, 0 %
2026/10/09 00:16:23.342, 0, NVIDIA RTX PRO 6000 Blackwell Max-Q Workstation Edition, 90.07 W, 73361 MiB, 0 %
2026/10/09 00:16:23.342, 1, NVIDIA GB300, 213.44 W, 245322 MiB, 0 %
2026/10/09 00:16:24.342, 0, NVIDIA RTX PRO 6000 Blackwell Max-Q Workstation Edition, 90.06 W, 73361 MiB, 0 %
2026/10/09 00:16:24.342, 1, NVIDIA GB300, 213.43 W, 245322 MiB, 0 %
2026/10/09 00:16:25.342, 0, NVIDIA RTX PRO 6000 Blackwell Max-Q Workstation Edition, 90.01 W, 73361 MiB, 0 %
2026/10/09 00:16:25.342, 1, NVIDIA GB300, 213.45 W, 245322 MiB, 0 %
2026/10/09 00:16:26.342, 0, NVIDIA RTX PRO 6000 Blackwell Max-Q Workstation Edition, 90.02 W, 73361 MiB, 0 %
2026/10/09 00:16:26.343, 1, NVIDIA GB300, 213.45 W, 245322 MiB, 0 %
2026/10/09 00:16:27.343, 0, NVIDIA RTX PRO 6000 Blackwell Max-Q Workstation Edition, 90.10 W, 73361 MiB, 0 %
2026/10/09 00:16:27.343, 1, NVIDIA GB300, 213.45 W, 245322 MiB, 0 %
2026/10/09 00:16:28.343, 0, NVIDIA RTX PRO 6000 Blackwell Max-Q Workstation Edition, 89.93 W, 73361 MiB, 0 %
2026/10/09 00:16:28.343, 1, NVIDIA GB300, 213.27 W, 245322 MiB, 0 %
2026/10/09 00:16:29.343, 0, NVIDIA RTX PRO 6000 Blackwell Max-Q Workstation Edition, 69.77 W, 73361 MiB, 0 %
2026/10/09 00:16:29.343, 1, NVIDIA GB300, 213.05 W, 245322 MiB, 0 %
2026/10/09 00:16:30.343, 0, NVIDIA RTX PRO 6000 Blackwell Max-Q Workstation Edition, 51.04 W, 73361 MiB, 0 %
2026/10/09 00:16:30.343, 1, NVIDIA GB300, 213.05 W, 245322 MiB, 0 %
2026/10/09 00:16:31.343, 0, NVIDIA RTX PRO 6000 Blackwell Max-Q Workstation Edition, 91.05 W, 73361 MiB, 68 %
2026/10/09 00:16:31.343, 1, NVIDIA GB300, 765.42 W, 245322 MiB, 100 %
2026/10/09 00:16:32.344, 0, NVIDIA RTX PRO 6000 Blackwell Max-Q Workstation Edition, 212.78 W, 73361 MiB, 60 %
2026/10/09 00:16:32.344, 1, NVIDIA GB300, 878.40 W, 245322 MiB, 100 %
2026/10/09 00:16:33.344, 0, NVIDIA RTX PRO 6000 Blackwell Max-Q Workstation Edition, 213.06 W, 73361 MiB, 57 %
2026/10/09 00:16:33.344, 1, NVIDIA GB300, 854.33 W, 245322 MiB, 100 %
2026/10/09 00:16:34.344, 0, NVIDIA RTX PRO 6000 Blackwell Max-Q Workstation Edition, 207.74 W, 73361 MiB, 62 %
2026/10/09 00:16:34.344, 1, NVIDIA GB300, 817.13 W, 245322 MiB, 100 %
2026/10/09 00:16:35.344, 0, NVIDIA RTX PRO 6000 Blackwell Max-Q Workstation Edition, 211.07 W, 73361 MiB, 64 %
2026/10/09 00:16:35.344, 1, NVIDIA GB300, 831.17 W, 245322 MiB, 100 %
2026/10/09 00:16:36.344, 0, NVIDIA RTX PRO 6000 Blackwell Max-Q Workstation Edition, 211.07 W, 73361 MiB, 61 %
2026/10/09 00:16:36.344, 1, NVIDIA GB300, 821.99 W, 245322 MiB, 86 %
2026/10/09 00:16:37.344, 0, NVIDIA RTX PRO 6000 Blackwell Max-Q Workstation Edition, 218.00 W, 73361 MiB, 56 %
2026/10/09 00:16:37.344, 1, NVIDIA GB300, 789.01 W, 245322 MiB, 100 %
2026/10/09 00:16:38.344, 0, NVIDIA RTX PRO 6000 Blackwell Max-Q Workstation Edition, 224.56 W, 73361 MiB, 57 %
2026/10/09 00:16:38.344, 1, NVIDIA GB300, 784.16 W, 245322 MiB, 100 %
2026/10/09 00:16:39.345, 0, NVIDIA RTX PRO 6000 Blackwell Max-Q Workstation Edition, 226.42 W, 73361 MiB, 56 %
2026/10/09 00:16:39.345, 1, NVIDIA GB300, 798.58 W, 245322 MiB, 100 %
2026/10/09 00:16:40.345, 0, NVIDIA RTX PRO 6000 Blackwell Max-Q Workstation Edition, 226.14 W, 73361 MiB, 55 %
2026/10/09 00:16:40.345, 1, NVIDIA GB300, 808.99 W, 245322 MiB, 100 %
2026/10/09 00:16:41.345, 0, NVIDIA RTX PRO 6000 Blackwell Max-Q Workstation Edition, 224.16 W, 73361 MiB, 56 %
2026/10/09 00:16:41.345, 1, NVIDIA GB300, 814.91 W, 245322 MiB, 100 %
2026/10/09 00:16:42.345, 0, NVIDIA RTX PRO 6000 Blackwell Max-Q Workstation Edition, 226.28 W, 73361 MiB, 55 %
2026/10/09 00:16:42.345, 1, NVIDIA GB300, 806.33 W, 245322 MiB, 100 %
2026/10/09 00:16:43.345, 0, NVIDIA RTX PRO 6000 Blackwell Max-Q Workstation Edition, 224.48 W, 73361 MiB, 54 %
2026/10/09 00:16:43.345, 1, NVIDIA GB300, 808.51 W, 245322 MiB, 93 %
2026/10/09 00:16:44.345, 0, NVIDIA RTX PRO 6000 Blackwell Max-Q Workstation Edition, 210.18 W, 73361 MiB, 59 %
2026/10/09 00:16:44.345, 1, NVIDIA GB300, 863.48 W, 245322 MiB, 100 %
2026/10/09 00:16:45.346, 0, NVIDIA RTX PRO 6000 Blackwell Max-Q Workstation Edition, 209.85 W, 73361 MiB, 63 %
2026/10/09 00:16:45.346, 1, NVIDIA GB300, 836.15 W, 245322 MiB, 93 %
2026/10/09 00:16:46.346, 0, NVIDIA RTX PRO 6000 Blackwell Max-Q Workstation Edition, 215.87 W, 73361 MiB, 64 %
2026/10/09 00:16:46.346, 1, NVIDIA GB300, 845.35 W, 245322 MiB, 56 %
2026/10/09 00:16:47.346, 0, NVIDIA RTX PRO 6000 Blackwell Max-Q Workstation Edition, 204.95 W, 73361 MiB, 44 %
2026/10/09 00:16:47.346, 1, NVIDIA GB300, 815.57 W, 245322 MiB, 100 %
2026/10/09 00:16:48.346, 0, NVIDIA RTX PRO 6000 Blackwell Max-Q Workstation Edition, 210.13 W, 73361 MiB, 64 %
2026/10/09 00:16:48.346, 1, NVIDIA GB300, 836.55 W, 245322 MiB, 100 %
2026/10/09 00:16:49.346, 0, NVIDIA RTX PRO 6000 Blackwell Max-Q Workstation Edition, 215.41 W, 73361 MiB, 65 %
2026/10/09 00:16:49.346, 1, NVIDIA GB300, 772.99 W, 245322 MiB, 89 %
2026/10/09 00:16:50.346, 0, NVIDIA RTX PRO 6000 Blackwell Max-Q Workstation Edition, 205.55 W, 73361 MiB, 55 %
2026/10/09 00:16:50.346, 1, NVIDIA GB300, 757.11 W, 245322 MiB, 100 %
2026/10/09 00:16:51.346, 0, NVIDIA RTX PRO 6000 Blackwell Max-Q Workstation Edition, 224.60 W, 73361 MiB, 55 %
2026/10/09 00:16:51.347, 1, NVIDIA GB300, 809.60 W, 245322 MiB, 100 %
2026/10/09 00:16:52.347, 0, NVIDIA RTX PRO 6000 Blackwell Max-Q Workstation Edition, 225.45 W, 73361 MiB, 61 %
2026/10/09 00:16:52.347, 1, NVIDIA GB300, 773.65 W, 245322 MiB, 40 %
2026/10/09 00:16:53.347, 0, NVIDIA RTX PRO 6000 Blackwell Max-Q Workstation Edition, 216.47 W, 73361 MiB, 51 %
2026/10/09 00:16:53.347, 1, NVIDIA GB300, 784.38 W, 245322 MiB, 100 %
2026/10/09 00:16:54.347, 0, NVIDIA RTX PRO 6000 Blackwell Max-Q Workstation Edition, 220.61 W, 73361 MiB, 52 %
2026/10/09 00:16:54.347, 1, NVIDIA GB300, 803.34 W, 245322 MiB, 100 %
2026/10/09 00:16:55.347, 0, NVIDIA RTX PRO 6000 Blackwell Max-Q Workstation Edition, 219.08 W, 73361 MiB, 50 %
2026/10/09 00:16:55.347, 1, NVIDIA GB300, 800.75 W, 245322 MiB, 100 %
2026/10/09 00:16:56.347, 0, NVIDIA RTX PRO 6000 Blackwell Max-Q Workstation Edition, 222.62 W, 73361 MiB, 55 %
2026/10/09 00:16:56.347, 1, NVIDIA GB300, 808.55 W, 245322 MiB, 100 %
2026/10/09 00:16:57.347, 0, NVIDIA RTX PRO 6000 Blackwell Max-Q Workstation Edition, 209.94 W, 73361 MiB, 24 %
2026/10/09 00:16:57.348, 1, NVIDIA GB300, 770.97 W, 245322 MiB, 94 %
2026/10/09 00:16:58.348, 0, NVIDIA RTX PRO 6000 Blackwell Max-Q Workstation Edition, 209.85 W, 73361 MiB, 67 %
2026/10/09 00:16:58.348, 1, NVIDIA GB300, 822.09 W, 245324 MiB, 100 %
2026/10/09 00:16:59.348, 0, NVIDIA RTX PRO 6000 Blackwell Max-Q Workstation Edition, 210.21 W, 73361 MiB, 27 %
2026/10/09 00:16:59.348, 1, NVIDIA GB300, 784.49 W, 245324 MiB, 100 %
2026/10/09 00:17:00.348, 0, NVIDIA RTX PRO 6000 Blackwell Max-Q Workstation Edition, 222.19 W, 73361 MiB, 62 %
2026/10/09 00:17:00.348, 1, NVIDIA GB300, 877.30 W, 245324 MiB, 100 %
2026/10/09 00:17:01.348, 0, NVIDIA RTX PRO 6000 Blackwell Max-Q Workstation Edition, 215.15 W, 73361 MiB, 31 %
2026/10/09 00:17:01.348, 1, NVIDIA GB300, 829.47 W, 245324 MiB, 100 %
2026/10/09 00:17:02.348, 0, NVIDIA RTX PRO 6000 Blackwell Max-Q Workstation Edition, 222.24 W, 73361 MiB, 67 %
2026/10/09 00:17:02.349, 1, NVIDIA GB300, 739.09 W, 245324 MiB, 64 %
2026/10/09 00:17:03.349, 0, NVIDIA RTX PRO 6000 Blackwell Max-Q Workstation Edition, 220.18 W, 73361 MiB, 63 %
2026/10/09 00:17:03.349, 1, NVIDIA GB300, 767.95 W, 245324 MiB, 100 %
2026/10/09 00:17:04.349, 0, NVIDIA RTX PRO 6000 Blackwell Max-Q Workstation Edition, 225.03 W, 73361 MiB, 59 %
2026/10/09 00:17:04.349, 1, NVIDIA GB300, 770.61 W, 245324 MiB, 100 %
2026/10/09 00:17:05.349, 0, NVIDIA RTX PRO 6000 Blackwell Max-Q Workstation Edition, 231.94 W, 73361 MiB, 59 %
2026/10/09 00:17:05.349, 1, NVIDIA GB300, 769.84 W, 245324 MiB, 100 %
2026/10/09 00:17:06.349, 0, NVIDIA RTX PRO 6000 Blackwell Max-Q Workstation Edition, 230.61 W, 73361 MiB, 60 %
2026/10/09 00:17:06.349, 1, NVIDIA GB300, 778.64 W, 245324 MiB, 100 %
2026/10/09 00:17:07.349, 0, NVIDIA RTX PRO 6000 Blackwell Max-Q Workstation Edition, 240.74 W, 73361 MiB, 57 %
2026/10/09 00:17:07.350, 1, NVIDIA GB300, 780.21 W, 245324 MiB, 100 %
2026/10/09 00:17:08.350, 0, NVIDIA RTX PRO 6000 Blackwell Max-Q Workstation Edition, 241.31 W, 73361 MiB, 59 %
2026/10/09 00:17:08.350, 1, NVIDIA GB300, 794.91 W, 245324 MiB, 100 %
2026/10/09 00:17:09.350, 0, NVIDIA RTX PRO 6000 Blackwell Max-Q Workstation Edition, 241.29 W, 73361 MiB, 59 %
2026/10/09 00:17:09.350, 1, NVIDIA GB300, 797.12 W, 245324 MiB, 100 %
2026/10/09 00:17:10.350, 0, NVIDIA RTX PRO 6000 Blackwell Max-Q Workstation Edition, 239.00 W, 73361 MiB, 58 %
2026/10/09 00:17:10.350, 1, NVIDIA GB300, 805.09 W, 245324 MiB, 100 %
2026/10/09 00:17:11.350, 0, NVIDIA RTX PRO 6000 Blackwell Max-Q Workstation Edition, 227.10 W, 73361 MiB, 68 %
2026/10/09 00:17:11.350, 1, NVIDIA GB300, 826.96 W, 245324 MiB, 100 %
2026/10/09 00:17:12.350, 0, NVIDIA RTX PRO 6000 Blackwell Max-Q Workstation Edition, 217.01 W, 73361 MiB, 45 %
2026/10/09 00:17:12.351, 1, NVIDIA GB300, 820.65 W, 245324 MiB, 100 %
2026/10/09 00:17:13.351, 0, NVIDIA RTX PRO 6000 Blackwell Max-Q Workstation Edition, 223.73 W, 73361 MiB, 61 %
2026/10/09 00:17:13.351, 1, NVIDIA GB300, 833.42 W, 245324 MiB, 100 %
2026/10/09 00:17:14.351, 0, NVIDIA RTX PRO 6000 Blackwell Max-Q Workstation Edition, 221.70 W, 73361 MiB, 66 %
2026/10/09 00:17:14.351, 1, NVIDIA GB300, 820.22 W, 245324 MiB, 100 %
2026/10/09 00:17:15.351, 0, NVIDIA RTX PRO 6000 Blackwell Max-Q Workstation Edition, 226.98 W, 73361 MiB, 62 %
2026/10/09 00:17:15.351, 1, NVIDIA GB300, 774.15 W, 245324 MiB, 96 %
2026/10/09 00:17:16.351, 0, NVIDIA RTX PRO 6000 Blackwell Max-Q Workstation Edition, 223.34 W, 73361 MiB, 65 %
2026/10/09 00:17:16.351, 1, NVIDIA GB300, 772.82 W, 245324 MiB, 100 %
2026/10/09 00:17:17.351, 0, NVIDIA RTX PRO 6000 Blackwell Max-Q Workstation Edition, 229.08 W, 73361 MiB, 67 %
2026/10/09 00:17:17.351, 1, NVIDIA GB300, 752.12 W, 245324 MiB, 47 %
2026/10/09 00:17:18.351, 0, NVIDIA RTX PRO 6000 Blackwell Max-Q Workstation Edition, 232.02 W, 73361 MiB, 64 %
2026/10/09 00:17:18.351, 1, NVIDIA GB300, 764.15 W, 245324 MiB, 65 %
2026/10/09 00:17:19.352, 0, NVIDIA RTX PRO 6000 Blackwell Max-Q Workstation Edition, 221.00 W, 73361 MiB, 64 %
2026/10/09 00:17:19.352, 1, NVIDIA GB300, 751.38 W, 245324 MiB, 100 %
2026/10/09 00:17:20.352, 0, NVIDIA RTX PRO 6000 Blackwell Max-Q Workstation Edition, 222.27 W, 73361 MiB, 56 %
2026/10/09 00:17:20.352, 1, NVIDIA GB300, 765.55 W, 245324 MiB, 100 %
2026/10/09 00:17:21.352, 0, NVIDIA RTX PRO 6000 Blackwell Max-Q Workstation Edition, 222.40 W, 73361 MiB, 57 %
2026/10/09 00:17:21.352, 1, NVIDIA GB300, 709.25 W, 245326 MiB, 100 %
2026/10/09 00:17:22.352, 0, NVIDIA RTX PRO 6000 Blackwell Max-Q Workstation Edition, 233.61 W, 73361 MiB, 56 %
2026/10/09 00:17:22.352, 1, NVIDIA GB300, 775.68 W, 245326 MiB, 100 %
2026/10/09 00:17:23.352, 0, NVIDIA RTX PRO 6000 Blackwell Max-Q Workstation Edition, 231.46 W, 73361 MiB, 56 %
2026/10/09 00:17:23.352, 1, NVIDIA GB300, 773.27 W, 245326 MiB, 100 %
2026/10/09 00:17:24.352, 0, NVIDIA RTX PRO 6000 Blackwell Max-Q Workstation Edition, 226.25 W, 73361 MiB, 48 %
2026/10/09 00:17:24.353, 1, NVIDIA GB300, 749.39 W, 245326 MiB, 91 %
2026/10/09 00:17:25.353, 0, NVIDIA RTX PRO 6000 Blackwell Max-Q Workstation Edition, 216.08 W, 73361 MiB, 62 %
2026/10/09 00:17:25.353, 1, NVIDIA GB300, 800.74 W, 245326 MiB, 100 %
2026/10/09 00:17:26.353, 0, NVIDIA RTX PRO 6000 Blackwell Max-Q Workstation Edition, 217.68 W, 73361 MiB, 37 %
2026/10/09 00:17:26.353, 1, NVIDIA GB300, 774.44 W, 245326 MiB, 100 %
2026/10/09 00:17:27.353, 0, NVIDIA RTX PRO 6000 Blackwell Max-Q Workstation Edition, 224.29 W, 73361 MiB, 63 %
2026/10/09 00:17:27.353, 1, NVIDIA GB300, 808.36 W, 245326 MiB, 53 %
2026/10/09 00:17:28.353, 0, NVIDIA RTX PRO 6000 Blackwell Max-Q Workstation Edition, 213.62 W, 73361 MiB, 61 %
2026/10/09 00:17:28.353, 1, NVIDIA GB300, 771.41 W, 245326 MiB, 48 %
2026/10/09 00:17:29.353, 0, NVIDIA RTX PRO 6000 Blackwell Max-Q Workstation Edition, 221.72 W, 73361 MiB, 58 %
2026/10/09 00:17:29.354, 1, NVIDIA GB300, 781.78 W, 245326 MiB, 100 %
2026/10/09 00:17:30.354, 0, NVIDIA RTX PRO 6000 Blackwell Max-Q Workstation Edition, 223.73 W, 73361 MiB, 56 %
2026/10/09 00:17:30.354, 1, NVIDIA GB300, 764.51 W, 245326 MiB, 99 %
2026/10/09 00:17:31.354, 0, NVIDIA RTX PRO 6000 Blackwell Max-Q Workstation Edition, 213.93 W, 73361 MiB, 57 %
2026/10/09 00:17:31.354, 1, NVIDIA GB300, 762.86 W, 245326 MiB, 77 %
2026/10/09 00:17:32.354, 0, NVIDIA RTX PRO 6000 Blackwell Max-Q Workstation Edition, 215.98 W, 73361 MiB, 19 %
2026/10/09 00:17:32.354, 1, NVIDIA GB300, 707.87 W, 245326 MiB, 48 %
2026/10/09 00:17:33.354, 0, NVIDIA RTX PRO 6000 Blackwell Max-Q Workstation Edition, 207.68 W, 73361 MiB, 62 %
2026/10/09 00:17:33.354, 1, NVIDIA GB300, 722.78 W, 245326 MiB, 100 %
2026/10/09 00:17:34.354, 0, NVIDIA RTX PRO 6000 Blackwell Max-Q Workstation Edition, 219.21 W, 73361 MiB, 54 %
2026/10/09 00:17:34.355, 1, NVIDIA GB300, 809.60 W, 245326 MiB, 100 %
2026/10/09 00:17:35.355, 0, NVIDIA RTX PRO 6000 Blackwell Max-Q Workstation Edition, 216.86 W, 73361 MiB, 51 %
2026/10/09 00:17:35.355, 1, NVIDIA GB300, 793.05 W, 245326 MiB, 100 %
2026/10/09 00:17:36.355, 0, NVIDIA RTX PRO 6000 Blackwell Max-Q Workstation Edition, 221.38 W, 73361 MiB, 52 %
2026/10/09 00:17:36.355, 1, NVIDIA GB300, 819.24 W, 245326 MiB, 100 %
2026/10/09 00:17:37.355, 0, NVIDIA RTX PRO 6000 Blackwell Max-Q Workstation Edition, 214.06 W, 73361 MiB, 51 %
2026/10/09 00:17:37.355, 1, NVIDIA GB300, 780.93 W, 245326 MiB, 100 %
2026/10/09 00:17:38.355, 0, NVIDIA RTX PRO 6000 Blackwell Max-Q Workstation Edition, 216.93 W, 73361 MiB, 56 %
2026/10/09 00:17:38.355, 1, NVIDIA GB300, 749.74 W, 245326 MiB, 100 %
2026/10/09 00:17:39.355, 0, NVIDIA RTX PRO 6000 Blackwell Max-Q Workstation Edition, 225.10 W, 73361 MiB, 51 %
2026/10/09 00:17:39.355, 1, NVIDIA GB300, 779.40 W, 245326 MiB, 100 %
2026/10/09 00:17:40.355, 0, NVIDIA RTX PRO 6000 Blackwell Max-Q Workstation Edition, 207.71 W, 73361 MiB, 41 %
2026/10/09 00:17:40.355, 1, NVIDIA GB300, 736.20 W, 245326 MiB, 100 %
2026/10/09 00:17:41.355, 0, NVIDIA RTX PRO 6000 Blackwell Max-Q Workstation Edition, 166.00 W, 73361 MiB, 30 %
2026/10/09 00:17:41.356, 1, NVIDIA GB300, 526.30 W, 245326 MiB, 0 %
--- rr-a/prefill/power-<host>.csv: arm A (sidecar on), prefill window
timestamp, index, name, power.draw [W], memory.used [MiB], utilization.gpu [%]
2026/10/09 00:17:41.509, 0, NVIDIA RTX PRO 6000 Blackwell Max-Q Workstation Edition, 166.00 W, 73361 MiB, 30 %
2026/10/09 00:17:41.512, 1, NVIDIA GB300, 485.14 W, 245326 MiB, 0 %
2026/10/09 00:17:42.515, 0, NVIDIA RTX PRO 6000 Blackwell Max-Q Workstation Edition, 105.84 W, 73361 MiB, 0 %
2026/10/09 00:17:42.515, 1, NVIDIA GB300, 219.32 W, 245326 MiB, 0 %
2026/10/09 00:17:43.515, 0, NVIDIA RTX PRO 6000 Blackwell Max-Q Workstation Edition, 104.94 W, 73361 MiB, 0 %
2026/10/09 00:17:43.515, 1, NVIDIA GB300, 217.54 W, 245326 MiB, 0 %
2026/10/09 00:17:44.515, 0, NVIDIA RTX PRO 6000 Blackwell Max-Q Workstation Edition, 94.84 W, 73361 MiB, 0 %
2026/10/09 00:17:44.515, 1, NVIDIA GB300, 217.24 W, 245326 MiB, 0 %
2026/10/09 00:17:45.515, 0, NVIDIA RTX PRO 6000 Blackwell Max-Q Workstation Edition, 94.15 W, 73361 MiB, 0 %
2026/10/09 00:17:45.515, 1, NVIDIA GB300, 217.22 W, 245326 MiB, 0 %
2026/10/09 00:17:46.516, 0, NVIDIA RTX PRO 6000 Blackwell Max-Q Workstation Edition, 94.21 W, 73361 MiB, 0 %
2026/10/09 00:17:46.516, 1, NVIDIA GB300, 216.70 W, 245326 MiB, 0 %
2026/10/09 00:17:47.516, 0, NVIDIA RTX PRO 6000 Blackwell Max-Q Workstation Edition, 93.27 W, 73361 MiB, 0 %
2026/10/09 00:17:47.516, 1, NVIDIA GB300, 215.83 W, 245326 MiB, 0 %
2026/10/09 00:17:48.516, 0, NVIDIA RTX PRO 6000 Blackwell Max-Q Workstation Edition, 93.05 W, 73361 MiB, 0 %
2026/10/09 00:17:48.516, 1, NVIDIA GB300, 215.70 W, 245326 MiB, 0 %
2026/10/09 00:17:49.516, 0, NVIDIA RTX PRO 6000 Blackwell Max-Q Workstation Edition, 92.69 W, 73361 MiB, 0 %
2026/10/09 00:17:49.516, 1, NVIDIA GB300, 215.49 W, 245326 MiB, 0 %
2026/10/09 00:17:50.516, 0, NVIDIA RTX PRO 6000 Blackwell Max-Q Workstation Edition, 92.40 W, 73361 MiB, 0 %
2026/10/09 00:17:50.516, 1, NVIDIA GB300, 215.39 W, 245326 MiB, 0 %
2026/10/09 00:17:51.516, 0, NVIDIA RTX PRO 6000 Blackwell Max-Q Workstation Edition, 92.14 W, 73361 MiB, 0 %
2026/10/09 00:17:51.516, 1, NVIDIA GB300, 270.81 W, 245326 MiB, 0 %
2026/10/09 00:17:52.516, 0, NVIDIA RTX PRO 6000 Blackwell Max-Q Workstation Edition, 103.49 W, 73361 MiB, 0 %
2026/10/09 00:17:52.516, 1, NVIDIA GB300, 275.81 W, 245326 MiB, 0 %
2026/10/09 00:17:53.516, 0, NVIDIA RTX PRO 6000 Blackwell Max-Q Workstation Edition, 112.32 W, 73361 MiB, 0 %
2026/10/09 00:17:53.516, 1, NVIDIA GB300, 215.32 W, 245326 MiB, 0 %
2026/10/09 00:17:54.516, 0, NVIDIA RTX PRO 6000 Blackwell Max-Q Workstation Edition, 92.04 W, 73361 MiB, 0 %
2026/10/09 00:17:54.516, 1, NVIDIA GB300, 215.33 W, 245326 MiB, 0 %
2026/10/09 00:17:55.517, 0, NVIDIA RTX PRO 6000 Blackwell Max-Q Workstation Edition, 91.68 W, 73361 MiB, 0 %
2026/10/09 00:17:55.517, 1, NVIDIA GB300, 215.32 W, 245326 MiB, 0 %
2026/10/09 00:17:56.517, 0, NVIDIA RTX PRO 6000 Blackwell Max-Q Workstation Edition, 91.27 W, 73361 MiB, 0 %
2026/10/09 00:17:56.517, 1, NVIDIA GB300, 215.31 W, 245326 MiB, 0 %
2026/10/09 00:17:57.517, 0, NVIDIA RTX PRO 6000 Blackwell Max-Q Workstation Edition, 91.26 W, 73361 MiB, 0 %
2026/10/09 00:17:57.517, 1, NVIDIA GB300, 215.32 W, 245326 MiB, 0 %
2026/10/09 00:17:58.517, 0, NVIDIA RTX PRO 6000 Blackwell Max-Q Workstation Edition, 91.30 W, 73361 MiB, 0 %
2026/10/09 00:17:58.517, 1, NVIDIA GB300, 215.33 W, 245326 MiB, 0 %
2026/10/09 00:17:59.517, 0, NVIDIA RTX PRO 6000 Blackwell Max-Q Workstation Edition, 91.18 W, 73361 MiB, 0 %
2026/10/09 00:17:59.517, 1, NVIDIA GB300, 215.32 W, 245326 MiB, 0 %
2026/10/09 00:18:00.517, 0, NVIDIA RTX PRO 6000 Blackwell Max-Q Workstation Edition, 91.21 W, 73361 MiB, 0 %
2026/10/09 00:18:00.517, 1, NVIDIA GB300, 215.32 W, 245326 MiB, 0 %
2026/10/09 00:18:01.517, 0, NVIDIA RTX PRO 6000 Blackwell Max-Q Workstation Edition, 90.89 W, 73361 MiB, 0 %
2026/10/09 00:18:01.517, 1, NVIDIA GB300, 215.29 W, 245326 MiB, 0 %
2026/10/09 00:18:02.517, 0, NVIDIA RTX PRO 6000 Blackwell Max-Q Workstation Edition, 117.25 W, 73361 MiB, 41 %
2026/10/09 00:18:02.517, 1, NVIDIA GB300, 649.74 W, 245326 MiB, 49 %
2026/10/09 00:18:03.517, 0, NVIDIA RTX PRO 6000 Blackwell Max-Q Workstation Edition, 139.32 W, 73361 MiB, 0 %
2026/10/09 00:18:03.518, 1, NVIDIA GB300, 241.56 W, 245326 MiB, 0 %
2026/10/09 00:18:04.518, 0, NVIDIA RTX PRO 6000 Blackwell Max-Q Workstation Edition, 107.55 W, 73361 MiB, 0 %
2026/10/09 00:18:04.518, 1, NVIDIA GB300, 216.38 W, 245326 MiB, 0 %
2026/10/09 00:18:05.518, 0, NVIDIA RTX PRO 6000 Blackwell Max-Q Workstation Edition, 91.00 W, 73361 MiB, 0 %
2026/10/09 00:18:05.518, 1, NVIDIA GB300, 215.41 W, 245326 MiB, 0 %
2026/10/09 00:18:06.518, 0, NVIDIA RTX PRO 6000 Blackwell Max-Q Workstation Edition, 90.91 W, 73361 MiB, 0 %
2026/10/09 00:18:06.518, 1, NVIDIA GB300, 215.37 W, 245326 MiB, 0 %
2026/10/09 00:18:07.518, 0, NVIDIA RTX PRO 6000 Blackwell Max-Q Workstation Edition, 91.07 W, 73361 MiB, 0 %
2026/10/09 00:18:07.518, 1, NVIDIA GB300, 215.39 W, 245326 MiB, 0 %
2026/10/09 00:18:08.518, 0, NVIDIA RTX PRO 6000 Blackwell Max-Q Workstation Edition, 90.73 W, 73361 MiB, 0 %
2026/10/09 00:18:08.518, 1, NVIDIA GB300, 215.33 W, 245326 MiB, 0 %
2026/10/09 00:18:09.518, 0, NVIDIA RTX PRO 6000 Blackwell Max-Q Workstation Edition, 90.69 W, 73361 MiB, 0 %
2026/10/09 00:18:09.518, 1, NVIDIA GB300, 215.32 W, 245326 MiB, 0 %
2026/10/09 00:18:10.518, 0, NVIDIA RTX PRO 6000 Blackwell Max-Q Workstation Edition, 90.64 W, 73361 MiB, 0 %
2026/10/09 00:18:10.518, 1, NVIDIA GB300, 215.33 W, 245326 MiB, 0 %
2026/10/09 00:18:11.519, 0, NVIDIA RTX PRO 6000 Blackwell Max-Q Workstation Edition, 90.63 W, 73361 MiB, 0 %
2026/10/09 00:18:11.519, 1, NVIDIA GB300, 214.55 W, 245326 MiB, 0 %
2026/10/09 00:18:12.519, 0, NVIDIA RTX PRO 6000 Blackwell Max-Q Workstation Edition, 90.60 W, 73361 MiB, 0 %
2026/10/09 00:18:12.519, 1, NVIDIA GB300, 213.96 W, 245326 MiB, 0 %
2026/10/09 00:18:13.519, 0, NVIDIA RTX PRO 6000 Blackwell Max-Q Workstation Edition, 131.55 W, 73361 MiB, 65 %
2026/10/09 00:18:13.519, 1, NVIDIA GB300, 676.12 W, 245326 MiB, 50 %
2026/10/09 00:18:14.519, 0, NVIDIA RTX PRO 6000 Blackwell Max-Q Workstation Edition, 133.81 W, 73361 MiB, 0 %
2026/10/09 00:18:14.519, 1, NVIDIA GB300, 217.27 W, 245326 MiB, 0 %
2026/10/09 00:18:15.519, 0, NVIDIA RTX PRO 6000 Blackwell Max-Q Workstation Edition, 91.24 W, 73361 MiB, 0 %
2026/10/09 00:18:15.519, 1, NVIDIA GB300, 215.36 W, 245326 MiB, 0 %
2026/10/09 00:18:16.519, 0, NVIDIA RTX PRO 6000 Blackwell Max-Q Workstation Edition, 90.65 W, 73361 MiB, 0 %
2026/10/09 00:18:16.519, 1, NVIDIA GB300, 215.34 W, 245326 MiB, 0 %
2026/10/09 00:18:17.519, 0, NVIDIA RTX PRO 6000 Blackwell Max-Q Workstation Edition, 90.56 W, 73361 MiB, 0 %
2026/10/09 00:18:17.519, 1, NVIDIA GB300, 215.30 W, 245326 MiB, 0 %
2026/10/09 00:18:18.520, 0, NVIDIA RTX PRO 6000 Blackwell Max-Q Workstation Edition, 90.52 W, 73361 MiB, 0 %
2026/10/09 00:18:18.520, 1, NVIDIA GB300, 214.40 W, 245326 MiB, 0 %
2026/10/09 00:18:19.520, 0, NVIDIA RTX PRO 6000 Blackwell Max-Q Workstation Edition, 90.43 W, 73361 MiB, 0 %
2026/10/09 00:18:19.520, 1, NVIDIA GB300, 213.38 W, 245326 MiB, 0 %
2026/10/09 00:18:20.520, 0, NVIDIA RTX PRO 6000 Blackwell Max-Q Workstation Edition, 90.30 W, 73361 MiB, 0 %
2026/10/09 00:18:20.520, 1, NVIDIA GB300, 213.37 W, 245326 MiB, 0 %
2026/10/09 00:18:21.520, 0, NVIDIA RTX PRO 6000 Blackwell Max-Q Workstation Edition, 90.50 W, 73361 MiB, 0 %
2026/10/09 00:18:21.520, 1, NVIDIA GB300, 213.39 W, 245326 MiB, 0 %
2026/10/09 00:18:22.520, 0, NVIDIA RTX PRO 6000 Blackwell Max-Q Workstation Edition, 90.36 W, 73361 MiB, 0 %
2026/10/09 00:18:22.520, 1, NVIDIA GB300, 213.38 W, 245326 MiB, 0 %
2026/10/09 00:18:23.520, 0, NVIDIA RTX PRO 6000 Blackwell Max-Q Workstation Edition, 90.32 W, 73361 MiB, 0 %
2026/10/09 00:18:23.520, 1, NVIDIA GB300, 213.38 W, 245326 MiB, 0 %
2026/10/09 00:18:24.520, 0, NVIDIA RTX PRO 6000 Blackwell Max-Q Workstation Edition, 90.40 W, 73361 MiB, 0 %
2026/10/09 00:18:24.520, 1, NVIDIA GB300, 213.40 W, 245326 MiB, 0 %
2026/10/09 00:18:25.520, 0, NVIDIA RTX PRO 6000 Blackwell Max-Q Workstation Edition, 90.38 W, 73361 MiB, 0 %
2026/10/09 00:18:25.520, 1, NVIDIA GB300, 213.41 W, 245326 MiB, 0 %
2026/10/09 00:18:26.521, 0, NVIDIA RTX PRO 6000 Blackwell Max-Q Workstation Edition, 90.23 W, 73361 MiB, 0 %
2026/10/09 00:18:26.521, 1, NVIDIA GB300, 213.40 W, 245326 MiB, 0 %
2026/10/09 00:18:27.521, 0, NVIDIA RTX PRO 6000 Blackwell Max-Q Workstation Edition, 91.44 W, 73361 MiB, 12 %
2026/10/09 00:18:27.521, 1, NVIDIA GB300, 502.98 W, 245326 MiB, 100 %
2026/10/09 00:18:28.521, 0, NVIDIA RTX PRO 6000 Blackwell Max-Q Workstation Edition, 212.02 W, 73361 MiB, 65 %
2026/10/09 00:18:28.521, 1, NVIDIA GB300, 849.22 W, 245326 MiB, 100 %
2026/10/09 00:18:29.521, 0, NVIDIA RTX PRO 6000 Blackwell Max-Q Workstation Edition, 214.51 W, 73361 MiB, 68 %
2026/10/09 00:18:29.521, 1, NVIDIA GB300, 862.45 W, 245326 MiB, 100 %
2026/10/09 00:18:30.521, 0, NVIDIA RTX PRO 6000 Blackwell Max-Q Workstation Edition, 215.76 W, 73361 MiB, 63 %
2026/10/09 00:18:30.521, 1, NVIDIA GB300, 851.84 W, 245326 MiB, 100 %
2026/10/09 00:18:31.521, 0, NVIDIA RTX PRO 6000 Blackwell Max-Q Workstation Edition, 213.70 W, 73361 MiB, 59 %
2026/10/09 00:18:31.521, 1, NVIDIA GB300, 877.13 W, 245326 MiB, 100 %
2026/10/09 00:18:32.521, 0, NVIDIA RTX PRO 6000 Blackwell Max-Q Workstation Edition, 214.87 W, 73361 MiB, 62 %
2026/10/09 00:18:32.521, 1, NVIDIA GB300, 870.35 W, 245326 MiB, 100 %
2026/10/09 00:18:33.521, 0, NVIDIA RTX PRO 6000 Blackwell Max-Q Workstation Edition, 214.73 W, 73361 MiB, 64 %
2026/10/09 00:18:33.521, 1, NVIDIA GB300, 882.84 W, 245326 MiB, 100 %
2026/10/09 00:18:34.521, 0, NVIDIA RTX PRO 6000 Blackwell Max-Q Workstation Edition, 216.16 W, 73361 MiB, 62 %
2026/10/09 00:18:34.521, 1, NVIDIA GB300, 860.94 W, 245326 MiB, 100 %
2026/10/09 00:18:35.521, 0, NVIDIA RTX PRO 6000 Blackwell Max-Q Workstation Edition, 215.48 W, 73361 MiB, 64 %
2026/10/09 00:18:35.521, 1, NVIDIA GB300, 863.20 W, 245326 MiB, 100 %
2026/10/09 00:18:36.521, 0, NVIDIA RTX PRO 6000 Blackwell Max-Q Workstation Edition, 216.80 W, 73361 MiB, 59 %
2026/10/09 00:18:36.521, 1, NVIDIA GB300, 861.94 W, 245326 MiB, 100 %
2026/10/09 00:18:37.521, 0, NVIDIA RTX PRO 6000 Blackwell Max-Q Workstation Edition, 214.60 W, 73361 MiB, 65 %
2026/10/09 00:18:37.522, 1, NVIDIA GB300, 843.34 W, 245326 MiB, 100 %
2026/10/09 00:18:38.522, 0, NVIDIA RTX PRO 6000 Blackwell Max-Q Workstation Edition, 217.91 W, 73361 MiB, 64 %
2026/10/09 00:18:38.522, 1, NVIDIA GB300, 673.24 W, 245326 MiB, 0 %
2026/10/09 00:18:39.522, 0, NVIDIA RTX PRO 6000 Blackwell Max-Q Workstation Edition, 121.46 W, 73361 MiB, 0 %
2026/10/09 00:18:39.522, 1, NVIDIA GB300, 218.77 W, 245326 MiB, 0 %
2026/10/09 00:18:40.522, 0, NVIDIA RTX PRO 6000 Blackwell Max-Q Workstation Edition, 97.42 W, 73361 MiB, 0 %
2026/10/09 00:18:40.522, 1, NVIDIA GB300, 217.24 W, 245326 MiB, 0 %
2026/10/09 00:18:41.522, 0, NVIDIA RTX PRO 6000 Blackwell Max-Q Workstation Edition, 90.85 W, 73361 MiB, 0 %
2026/10/09 00:18:41.522, 1, NVIDIA GB300, 216.05 W, 245326 MiB, 0 %
2026/10/09 00:18:42.522, 0, NVIDIA RTX PRO 6000 Blackwell Max-Q Workstation Edition, 90.68 W, 73361 MiB, 0 %
2026/10/09 00:18:42.522, 1, NVIDIA GB300, 215.27 W, 245326 MiB, 0 %
2026/10/09 00:18:43.522, 0, NVIDIA RTX PRO 6000 Blackwell Max-Q Workstation Edition, 90.78 W, 73361 MiB, 0 %
2026/10/09 00:18:43.522, 1, NVIDIA GB300, 213.65 W, 245326 MiB, 0 %
2026/10/09 00:18:44.522, 0, NVIDIA RTX PRO 6000 Blackwell Max-Q Workstation Edition, 90.45 W, 73361 MiB, 0 %
2026/10/09 00:18:44.522, 1, NVIDIA GB300, 213.47 W, 245326 MiB, 0 %
2026/10/09 00:18:45.522, 0, NVIDIA RTX PRO 6000 Blackwell Max-Q Workstation Edition, 90.52 W, 73361 MiB, 0 %
2026/10/09 00:18:45.522, 1, NVIDIA GB300, 213.40 W, 245326 MiB, 0 %
2026/10/09 00:18:46.523, 0, NVIDIA RTX PRO 6000 Blackwell Max-Q Workstation Edition, 90.47 W, 73361 MiB, 0 %
2026/10/09 00:18:46.523, 1, NVIDIA GB300, 213.40 W, 245326 MiB, 0 %
2026/10/09 00:18:47.523, 0, NVIDIA RTX PRO 6000 Blackwell Max-Q Workstation Edition, 90.38 W, 73361 MiB, 0 %
2026/10/09 00:18:47.523, 1, NVIDIA GB300, 213.43 W, 245326 MiB, 0 %
2026/10/09 00:18:48.523, 0, NVIDIA RTX PRO 6000 Blackwell Max-Q Workstation Edition, 90.39 W, 73361 MiB, 0 %
2026/10/09 00:18:48.523, 1, NVIDIA GB300, 213.42 W, 245326 MiB, 0 %
2026/10/09 00:18:49.523, 0, NVIDIA RTX PRO 6000 Blackwell Max-Q Workstation Edition, 95.61 W, 73361 MiB, 48 %
2026/10/09 00:18:49.523, 1, NVIDIA GB300, 530.33 W, 245842 MiB, 97 %
2026/10/09 00:18:50.523, 0, NVIDIA RTX PRO 6000 Blackwell Max-Q Workstation Edition, 208.52 W, 73361 MiB, 55 %
2026/10/09 00:18:50.523, 1, NVIDIA GB300, 795.56 W, 245842 MiB, 100 %
2026/10/09 00:18:51.523, 0, NVIDIA RTX PRO 6000 Blackwell Max-Q Workstation Edition, 136.71 W, 73361 MiB, 0 %
2026/10/09 00:18:51.523, 1, NVIDIA GB300, 217.53 W, 245842 MiB, 0 %
2026/10/09 00:18:52.523, 0, NVIDIA RTX PRO 6000 Blackwell Max-Q Workstation Edition, 105.47 W, 73361 MiB, 0 %
2026/10/09 00:18:52.523, 1, NVIDIA GB300, 214.28 W, 245842 MiB, 0 %
2026/10/09 00:18:53.523, 0, NVIDIA RTX PRO 6000 Blackwell Max-Q Workstation Edition, 90.42 W, 73361 MiB, 0 %
2026/10/09 00:18:53.523, 1, NVIDIA GB300, 213.40 W, 245842 MiB, 0 %
2026/10/09 00:18:54.524, 0, NVIDIA RTX PRO 6000 Blackwell Max-Q Workstation Edition, 90.36 W, 73361 MiB, 0 %
2026/10/09 00:18:54.524, 1, NVIDIA GB300, 213.43 W, 245842 MiB, 0 %
2026/10/09 00:18:55.524, 0, NVIDIA RTX PRO 6000 Blackwell Max-Q Workstation Edition, 90.30 W, 73361 MiB, 0 %
2026/10/09 00:18:55.524, 1, NVIDIA GB300, 213.39 W, 245842 MiB, 0 %
2026/10/09 00:18:56.524, 0, NVIDIA RTX PRO 6000 Blackwell Max-Q Workstation Edition, 90.28 W, 73361 MiB, 0 %
2026/10/09 00:18:56.524, 1, NVIDIA GB300, 213.39 W, 245842 MiB, 0 %
2026/10/09 00:18:57.524, 0, NVIDIA RTX PRO 6000 Blackwell Max-Q Workstation Edition, 90.37 W, 73361 MiB, 0 %
2026/10/09 00:18:57.524, 1, NVIDIA GB300, 213.39 W, 245842 MiB, 0 %
2026/10/09 00:18:58.524, 0, NVIDIA RTX PRO 6000 Blackwell Max-Q Workstation Edition, 90.25 W, 73361 MiB, 0 %
2026/10/09 00:18:58.524, 1, NVIDIA GB300, 213.41 W, 245842 MiB, 0 %
2026/10/09 00:18:59.524, 0, NVIDIA RTX PRO 6000 Blackwell Max-Q Workstation Edition, 90.18 W, 73361 MiB, 0 %
2026/10/09 00:18:59.561, 1, NVIDIA GB300, 213.42 W, 245842 MiB, 0 %
2026/10/09 00:19:00.561, 0, NVIDIA RTX PRO 6000 Blackwell Max-Q Workstation Edition, 90.16 W, 73361 MiB, 0 %
2026/10/09 00:19:00.561, 1, NVIDIA GB300, 213.39 W, 245842 MiB, 0 %
2026/10/09 00:19:01.561, 0, NVIDIA RTX PRO 6000 Blackwell Max-Q Workstation Edition, 90.19 W, 73361 MiB, 0 %
2026/10/09 00:19:01.561, 1, NVIDIA GB300, 213.41 W, 245842 MiB, 0 %
2026/10/09 00:19:02.561, 0, NVIDIA RTX PRO 6000 Blackwell Max-Q Workstation Edition, 90.17 W, 73361 MiB, 0 %
2026/10/09 00:19:02.561, 1, NVIDIA GB300, 213.40 W, 245842 MiB, 0 %
2026/10/09 00:19:03.561, 0, NVIDIA RTX PRO 6000 Blackwell Max-Q Workstation Edition, 152.51 W, 73361 MiB, 55 %
2026/10/09 00:19:03.561, 1, NVIDIA GB300, 745.17 W, 245842 MiB, 100 %
2026/10/09 00:19:04.561, 0, NVIDIA RTX PRO 6000 Blackwell Max-Q Workstation Edition, 176.55 W, 73361 MiB, 59 %
2026/10/09 00:19:04.561, 1, NVIDIA GB300, 670.85 W, 245842 MiB, 0 %
2026/10/09 00:19:05.561, 0, NVIDIA RTX PRO 6000 Blackwell Max-Q Workstation Edition, 209.38 W, 73361 MiB, 62 %
2026/10/09 00:19:05.561, 1, NVIDIA GB300, 844.63 W, 245842 MiB, 100 %
2026/10/09 00:19:06.562, 0, NVIDIA RTX PRO 6000 Blackwell Max-Q Workstation Edition, 175.75 W, 73361 MiB, 57 %
2026/10/09 00:19:06.562, 1, NVIDIA GB300, 672.26 W, 245842 MiB, 100 %
2026/10/09 00:19:07.562, 0, NVIDIA RTX PRO 6000 Blackwell Max-Q Workstation Edition, 198.42 W, 73361 MiB, 0 %
2026/10/09 00:19:07.562, 1, NVIDIA GB300, 851.72 W, 245842 MiB, 100 %
2026/10/09 00:19:08.562, 0, NVIDIA RTX PRO 6000 Blackwell Max-Q Workstation Edition, 189.29 W, 73361 MiB, 67 %
2026/10/09 00:19:08.562, 1, NVIDIA GB300, 694.43 W, 245842 MiB, 100 %
2026/10/09 00:19:09.562, 0, NVIDIA RTX PRO 6000 Blackwell Max-Q Workstation Edition, 161.89 W, 73361 MiB, 0 %
2026/10/09 00:19:09.562, 1, NVIDIA GB300, 645.71 W, 245842 MiB, 0 %
2026/10/09 00:19:10.562, 0, NVIDIA RTX PRO 6000 Blackwell Max-Q Workstation Edition, 90.73 W, 73361 MiB, 0 %
2026/10/09 00:19:10.562, 1, NVIDIA GB300, 218.00 W, 245842 MiB, 0 %
2026/10/09 00:19:11.562, 0, NVIDIA RTX PRO 6000 Blackwell Max-Q Workstation Edition, 90.66 W, 73361 MiB, 0 %
2026/10/09 00:19:11.562, 1, NVIDIA GB300, 216.68 W, 245842 MiB, 0 %
2026/10/09 00:19:12.562, 0, NVIDIA RTX PRO 6000 Blackwell Max-Q Workstation Edition, 90.32 W, 73361 MiB, 0 %
2026/10/09 00:19:12.562, 1, NVIDIA GB300, 215.40 W, 245842 MiB, 0 %
2026/10/09 00:19:13.562, 0, NVIDIA RTX PRO 6000 Blackwell Max-Q Workstation Edition, 90.15 W, 73361 MiB, 0 %
2026/10/09 00:19:13.562, 1, NVIDIA GB300, 214.04 W, 245842 MiB, 0 %
2026/10/09 00:19:14.563, 0, NVIDIA RTX PRO 6000 Blackwell Max-Q Workstation Edition, 90.16 W, 73361 MiB, 0 %
2026/10/09 00:19:14.563, 1, NVIDIA GB300, 213.47 W, 245842 MiB, 0 %
2026/10/09 00:19:15.563, 0, NVIDIA RTX PRO 6000 Blackwell Max-Q Workstation Edition, 90.10 W, 73361 MiB, 0 %
2026/10/09 00:19:15.563, 1, NVIDIA GB300, 213.44 W, 245842 MiB, 0 %
2026/10/09 00:19:16.563, 0, NVIDIA RTX PRO 6000 Blackwell Max-Q Workstation Edition, 89.95 W, 73361 MiB, 0 %
2026/10/09 00:19:16.563, 1, NVIDIA GB300, 213.40 W, 245842 MiB, 0 %
2026/10/09 00:19:17.563, 0, NVIDIA RTX PRO 6000 Blackwell Max-Q Workstation Edition, 90.00 W, 73361 MiB, 0 %
2026/10/09 00:19:17.563, 1, NVIDIA GB300, 213.44 W, 245842 MiB, 0 %
2026/10/09 00:19:18.563, 0, NVIDIA RTX PRO 6000 Blackwell Max-Q Workstation Edition, 90.18 W, 73361 MiB, 0 %
2026/10/09 00:19:18.563, 1, NVIDIA GB300, 213.43 W, 245842 MiB, 0 %
2026/10/09 00:19:19.563, 0, NVIDIA RTX PRO 6000 Blackwell Max-Q Workstation Edition, 89.76 W, 73361 MiB, 0 %
2026/10/09 00:19:19.563, 1, NVIDIA GB300, 213.43 W, 245842 MiB, 0 %
2026/10/09 00:19:20.563, 0, NVIDIA RTX PRO 6000 Blackwell Max-Q Workstation Edition, 89.69 W, 73361 MiB, 0 %
2026/10/09 00:19:20.563, 1, NVIDIA GB300, 213.41 W, 245842 MiB, 0 %
2026/10/09 00:19:21.563, 0, NVIDIA RTX PRO 6000 Blackwell Max-Q Workstation Edition, 105.86 W, 73361 MiB, 60 %
2026/10/09 00:19:21.563, 1, NVIDIA GB300, 288.71 W, 245842 MiB, 0 %
2026/10/09 00:19:22.564, 0, NVIDIA RTX PRO 6000 Blackwell Max-Q Workstation Edition, 209.14 W, 73361 MiB, 65 %
2026/10/09 00:19:22.564, 1, NVIDIA GB300, 839.91 W, 245842 MiB, 100 %
2026/10/09 00:19:23.564, 0, NVIDIA RTX PRO 6000 Blackwell Max-Q Workstation Edition, 209.82 W, 73361 MiB, 58 %
2026/10/09 00:19:23.564, 1, NVIDIA GB300, 842.24 W, 245842 MiB, 100 %
2026/10/09 00:19:24.564, 0, NVIDIA RTX PRO 6000 Blackwell Max-Q Workstation Edition, 206.53 W, 73361 MiB, 57 %
2026/10/09 00:19:24.564, 1, NVIDIA GB300, 889.70 W, 245842 MiB, 100 %
2026/10/09 00:19:25.564, 0, NVIDIA RTX PRO 6000 Blackwell Max-Q Workstation Edition, 211.34 W, 73361 MiB, 66 %
2026/10/09 00:19:25.564, 1, NVIDIA GB300, 860.62 W, 245842 MiB, 100 %
2026/10/09 00:19:26.564, 0, NVIDIA RTX PRO 6000 Blackwell Max-Q Workstation Edition, 204.32 W, 73361 MiB, 57 %
2026/10/09 00:19:26.564, 1, NVIDIA GB300, 818.79 W, 246364 MiB, 69 %
2026/10/09 00:19:27.564, 0, NVIDIA RTX PRO 6000 Blackwell Max-Q Workstation Edition, 162.92 W, 73361 MiB, 0 %
2026/10/09 00:19:27.564, 1, NVIDIA GB300, 628.88 W, 246364 MiB, 0 %
2026/10/09 00:19:28.564, 0, NVIDIA RTX PRO 6000 Blackwell Max-Q Workstation Edition, 91.19 W, 73361 MiB, 0 %
2026/10/09 00:19:28.564, 1, NVIDIA GB300, 217.80 W, 246364 MiB, 0 %
2026/10/09 00:19:29.564, 0, NVIDIA RTX PRO 6000 Blackwell Max-Q Workstation Edition, 90.43 W, 73361 MiB, 0 %
2026/10/09 00:19:29.564, 1, NVIDIA GB300, 216.50 W, 246364 MiB, 0 %
2026/10/09 00:19:30.564, 0, NVIDIA RTX PRO 6000 Blackwell Max-Q Workstation Edition, 90.39 W, 73361 MiB, 0 %
2026/10/09 00:19:30.564, 1, NVIDIA GB300, 215.36 W, 246364 MiB, 0 %
2026/10/09 00:19:31.565, 0, NVIDIA RTX PRO 6000 Blackwell Max-Q Workstation Edition, 90.25 W, 73361 MiB, 0 %
2026/10/09 00:19:31.565, 1, NVIDIA GB300, 214.50 W, 246364 MiB, 0 %
2026/10/09 00:19:32.565, 0, NVIDIA RTX PRO 6000 Blackwell Max-Q Workstation Edition, 90.30 W, 73361 MiB, 0 %
2026/10/09 00:19:32.565, 1, NVIDIA GB300, 213.49 W, 246364 MiB, 0 %
2026/10/09 00:19:33.565, 0, NVIDIA RTX PRO 6000 Blackwell Max-Q Workstation Edition, 90.31 W, 73361 MiB, 0 %
2026/10/09 00:19:33.565, 1, NVIDIA GB300, 213.51 W, 246364 MiB, 0 %
2026/10/09 00:19:34.565, 0, NVIDIA RTX PRO 6000 Blackwell Max-Q Workstation Edition, 90.21 W, 73361 MiB, 0 %
2026/10/09 00:19:34.565, 1, NVIDIA GB300, 213.42 W, 246364 MiB, 0 %
2026/10/09 00:19:35.565, 0, NVIDIA RTX PRO 6000 Blackwell Max-Q Workstation Edition, 90.16 W, 73361 MiB, 0 %
2026/10/09 00:19:35.565, 1, NVIDIA GB300, 213.44 W, 246364 MiB, 0 %
2026/10/09 00:19:36.565, 0, NVIDIA RTX PRO 6000 Blackwell Max-Q Workstation Edition, 89.97 W, 73361 MiB, 0 %
2026/10/09 00:19:36.565, 1, NVIDIA GB300, 213.43 W, 246364 MiB, 0 %
2026/10/09 00:19:37.565, 0, NVIDIA RTX PRO 6000 Blackwell Max-Q Workstation Edition, 89.84 W, 73361 MiB, 0 %
2026/10/09 00:19:37.565, 1, NVIDIA GB300, 213.53 W, 246364 MiB, 0 %
2026/10/09 00:19:38.565, 0, NVIDIA RTX PRO 6000 Blackwell Max-Q Workstation Edition, 89.83 W, 73361 MiB, 0 %
2026/10/09 00:19:38.565, 1, NVIDIA GB300, 213.40 W, 246364 MiB, 0 %
2026/10/09 00:19:39.565, 0, NVIDIA RTX PRO 6000 Blackwell Max-Q Workstation Edition, 89.93 W, 73361 MiB, 0 %
2026/10/09 00:19:39.565, 1, NVIDIA GB300, 213.42 W, 246364 MiB, 0 %
2026/10/09 00:19:40.566, 0, NVIDIA RTX PRO 6000 Blackwell Max-Q Workstation Edition, 90.00 W, 73361 MiB, 0 %
2026/10/09 00:19:40.566, 1, NVIDIA GB300, 213.44 W, 246364 MiB, 0 %
2026/10/09 00:19:41.566, 0, NVIDIA RTX PRO 6000 Blackwell Max-Q Workstation Edition, 89.74 W, 73361 MiB, 0 %
2026/10/09 00:19:41.566, 1, NVIDIA GB300, 213.43 W, 246364 MiB, 0 %
2026/10/09 00:19:42.566, 0, NVIDIA RTX PRO 6000 Blackwell Max-Q Workstation Edition, 89.56 W, 73361 MiB, 0 %
2026/10/09 00:19:42.566, 1, NVIDIA GB300, 213.44 W, 246364 MiB, 0 %
2026/10/09 00:19:43.566, 0, NVIDIA RTX PRO 6000 Blackwell Max-Q Workstation Edition, 89.60 W, 73361 MiB, 0 %
2026/10/09 00:19:43.566, 1, NVIDIA GB300, 213.43 W, 246364 MiB, 0 %
2026/10/09 00:19:44.566, 0, NVIDIA RTX PRO 6000 Blackwell Max-Q Workstation Edition, 89.55 W, 73361 MiB, 0 %
2026/10/09 00:19:44.566, 1, NVIDIA GB300, 213.19 W, 246364 MiB, 0 %
2026/10/09 00:19:45.566, 0, NVIDIA RTX PRO 6000 Blackwell Max-Q Workstation Edition, 39.12 W, 73361 MiB, 0 %
2026/10/09 00:19:45.566, 1, NVIDIA GB300, 213.05 W, 246364 MiB, 0 %
2026/10/09 00:19:46.566, 0, NVIDIA RTX PRO 6000 Blackwell Max-Q Workstation Edition, 29.47 W, 73361 MiB, 0 %
2026/10/09 00:19:46.566, 1, NVIDIA GB300, 213.05 W, 246364 MiB, 0 %
2026/10/09 00:19:47.566, 0, NVIDIA RTX PRO 6000 Blackwell Max-Q Workstation Edition, 29.90 W, 73361 MiB, 0 %
2026/10/09 00:19:47.566, 1, NVIDIA GB300, 213.05 W, 246364 MiB, 0 %
2026/10/09 00:19:48.566, 0, NVIDIA RTX PRO 6000 Blackwell Max-Q Workstation Edition, 26.53 W, 73361 MiB, 0 %
2026/10/09 00:19:48.566, 1, NVIDIA GB300, 213.05 W, 246364 MiB, 0 %
2026/10/09 00:19:49.566, 0, NVIDIA RTX PRO 6000 Blackwell Max-Q Workstation Edition, 25.50 W, 73361 MiB, 0 %
2026/10/09 00:19:49.566, 1, NVIDIA GB300, 213.05 W, 246364 MiB, 0 %
2026/10/09 00:19:50.566, 0, NVIDIA RTX PRO 6000 Blackwell Max-Q Workstation Edition, 24.85 W, 73361 MiB, 0 %
2026/10/09 00:19:50.566, 1, NVIDIA GB300, 213.05 W, 246364 MiB, 0 %
2026/10/09 00:19:51.566, 0, NVIDIA RTX PRO 6000 Blackwell Max-Q Workstation Edition, 24.99 W, 73361 MiB, 0 %
2026/10/09 00:19:51.566, 1, NVIDIA GB300, 213.05 W, 246364 MiB, 0 %
2026/10/09 00:19:52.567, 0, NVIDIA RTX PRO 6000 Blackwell Max-Q Workstation Edition, 25.63 W, 73361 MiB, 0 %
2026/10/09 00:19:52.567, 1, NVIDIA GB300, 213.05 W, 246364 MiB, 0 %
2026/10/09 00:19:53.567, 0, NVIDIA RTX PRO 6000 Blackwell Max-Q Workstation Edition, 24.95 W, 73361 MiB, 0 %
2026/10/09 00:19:53.567, 1, NVIDIA GB300, 213.05 W, 246364 MiB, 0 %
2026/10/09 00:19:54.567, 0, NVIDIA RTX PRO 6000 Blackwell Max-Q Workstation Edition, 28.86 W, 73361 MiB, 0 %
2026/10/09 00:19:54.567, 1, NVIDIA GB300, 213.05 W, 246364 MiB, 0 %
2026/10/09 00:19:55.567, 0, NVIDIA RTX PRO 6000 Blackwell Max-Q Workstation Edition, 29.00 W, 73361 MiB, 0 %
2026/10/09 00:19:55.567, 1, NVIDIA GB300, 213.05 W, 246364 MiB, 0 %
2026/10/09 00:19:56.567, 0, NVIDIA RTX PRO 6000 Blackwell Max-Q Workstation Edition, 24.74 W, 73361 MiB, 0 %
2026/10/09 00:19:56.567, 1, NVIDIA GB300, 213.05 W, 246364 MiB, 0 %
2026/10/09 00:19:57.567, 0, NVIDIA RTX PRO 6000 Blackwell Max-Q Workstation Edition, 24.94 W, 73361 MiB, 0 %
2026/10/09 00:19:57.567, 1, NVIDIA GB300, 213.05 W, 246364 MiB, 0 %
2026/10/09 00:19:58.567, 0, NVIDIA RTX PRO 6000 Blackwell Max-Q Workstation Edition, 24.91 W, 73361 MiB, 0 %
2026/10/09 00:19:58.567, 1, NVIDIA GB300, 213.05 W, 246364 MiB, 0 %
2026/10/09 00:19:59.567, 0, NVIDIA RTX PRO 6000 Blackwell Max-Q Workstation Edition, 24.39 W, 73361 MiB, 0 %
2026/10/09 00:19:59.567, 1, NVIDIA GB300, 213.05 W, 246364 MiB, 0 %
2026/10/09 00:20:00.567, 0, NVIDIA RTX PRO 6000 Blackwell Max-Q Workstation Edition, 24.04 W, 73361 MiB, 0 %
2026/10/09 00:20:00.567, 1, NVIDIA GB300, 213.05 W, 246364 MiB, 0 %
2026/10/09 00:20:01.568, 0, NVIDIA RTX PRO 6000 Blackwell Max-Q Workstation Edition, 26.58 W, 73361 MiB, 0 %
2026/10/09 00:20:01.568, 1, NVIDIA GB300, 213.01 W, 246364 MiB, 0 %
2026/10/09 00:20:02.568, 0, NVIDIA RTX PRO 6000 Blackwell Max-Q Workstation Edition, 29.51 W, 73361 MiB, 0 %
2026/10/09 00:20:02.568, 1, NVIDIA GB300, 213.05 W, 246364 MiB, 0 %
2026/10/09 00:20:03.568, 0, NVIDIA RTX PRO 6000 Blackwell Max-Q Workstation Edition, 24.42 W, 73361 MiB, 0 %
2026/10/09 00:20:03.568, 1, NVIDIA GB300, 213.08 W, 246364 MiB, 0 %
2026/10/09 00:20:04.568, 0, NVIDIA RTX PRO 6000 Blackwell Max-Q Workstation Edition, 24.24 W, 73361 MiB, 0 %
2026/10/09 00:20:04.568, 1, NVIDIA GB300, 212.97 W, 246364 MiB, 0 %
2026/10/09 00:20:05.568, 0, NVIDIA RTX PRO 6000 Blackwell Max-Q Workstation Edition, 23.76 W, 73361 MiB, 0 %
2026/10/09 00:20:05.568, 1, NVIDIA GB300, 213.05 W, 246364 MiB, 0 %
2026/10/09 00:20:06.568, 0, NVIDIA RTX PRO 6000 Blackwell Max-Q Workstation Edition, 23.69 W, 73361 MiB, 0 %
2026/10/09 00:20:06.568, 1, NVIDIA GB300, 213.01 W, 246364 MiB, 0 %
2026/10/09 00:20:07.568, 0, NVIDIA RTX PRO 6000 Blackwell Max-Q Workstation Edition, 23.88 W, 73361 MiB, 0 %
2026/10/09 00:20:07.568, 1, NVIDIA GB300, 213.12 W, 246364 MiB, 0 %
2026/10/09 00:20:08.568, 0, NVIDIA RTX PRO 6000 Blackwell Max-Q Workstation Edition, 25.70 W, 73361 MiB, 0 %
2026/10/09 00:20:08.568, 1, NVIDIA GB300, 213.01 W, 246364 MiB, 0 %
2026/10/09 00:20:09.568, 0, NVIDIA RTX PRO 6000 Blackwell Max-Q Workstation Edition, 28.70 W, 73361 MiB, 0 %
2026/10/09 00:20:09.568, 1, NVIDIA GB300, 212.89 W, 246364 MiB, 0 %
2026/10/09 00:20:10.568, 0, NVIDIA RTX PRO 6000 Blackwell Max-Q Workstation Edition, 24.95 W, 73361 MiB, 0 %
2026/10/09 00:20:10.568, 1, NVIDIA GB300, 375.73 W, 246364 MiB, 100 %
2026/10/09 00:20:11.568, 0, NVIDIA RTX PRO 6000 Blackwell Max-Q Workstation Edition, 112.85 W, 73361 MiB, 62 %
2026/10/09 00:20:11.568, 1, NVIDIA GB300, 849.54 W, 246364 MiB, 100 %
2026/10/09 00:20:12.568, 0, NVIDIA RTX PRO 6000 Blackwell Max-Q Workstation Edition, 204.18 W, 73361 MiB, 55 %
2026/10/09 00:20:12.569, 1, NVIDIA GB300, 866.77 W, 246364 MiB, 100 %
2026/10/09 00:20:13.569, 0, NVIDIA RTX PRO 6000 Blackwell Max-Q Workstation Edition, 205.10 W, 73361 MiB, 60 %
2026/10/09 00:20:13.569, 1, NVIDIA GB300, 857.22 W, 246364 MiB, 100 %
2026/10/09 00:20:14.569, 0, NVIDIA RTX PRO 6000 Blackwell Max-Q Workstation Edition, 206.10 W, 73361 MiB, 65 %
2026/10/09 00:20:14.569, 1, NVIDIA GB300, 874.65 W, 246364 MiB, 100 %
2026/10/09 00:20:15.569, 0, NVIDIA RTX PRO 6000 Blackwell Max-Q Workstation Edition, 206.79 W, 73361 MiB, 60 %
2026/10/09 00:20:15.569, 1, NVIDIA GB300, 867.21 W, 246364 MiB, 100 %
2026/10/09 00:20:16.569, 0, NVIDIA RTX PRO 6000 Blackwell Max-Q Workstation Edition, 203.33 W, 73361 MiB, 55 %
2026/10/09 00:20:16.569, 1, NVIDIA GB300, 870.90 W, 246364 MiB, 100 %
2026/10/09 00:20:17.569, 0, NVIDIA RTX PRO 6000 Blackwell Max-Q Workstation Edition, 207.87 W, 73361 MiB, 63 %
2026/10/09 00:20:17.569, 1, NVIDIA GB300, 846.86 W, 246364 MiB, 100 %
2026/10/09 00:20:18.569, 0, NVIDIA RTX PRO 6000 Blackwell Max-Q Workstation Edition, 208.21 W, 73361 MiB, 64 %
2026/10/09 00:20:18.569, 1, NVIDIA GB300, 837.27 W, 246888 MiB, 100 %
2026/10/09 00:20:19.569, 0, NVIDIA RTX PRO 6000 Blackwell Max-Q Workstation Edition, 207.94 W, 73361 MiB, 61 %
2026/10/09 00:20:19.569, 1, NVIDIA GB300, 871.58 W, 246888 MiB, 100 %
2026/10/09 00:20:20.569, 0, NVIDIA RTX PRO 6000 Blackwell Max-Q Workstation Edition, 205.07 W, 73361 MiB, 64 %
2026/10/09 00:20:20.569, 1, NVIDIA GB300, 861.20 W, 246888 MiB, 100 %
2026/10/09 00:20:21.569, 0, NVIDIA RTX PRO 6000 Blackwell Max-Q Workstation Edition, 207.95 W, 73361 MiB, 62 %
2026/10/09 00:20:21.569, 1, NVIDIA GB300, 867.30 W, 246888 MiB, 100 %
2026/10/09 00:20:22.570, 0, NVIDIA RTX PRO 6000 Blackwell Max-Q Workstation Edition, 207.85 W, 73361 MiB, 58 %
2026/10/09 00:20:22.570, 1, NVIDIA GB300, 854.66 W, 246888 MiB, 100 %
2026/10/09 00:20:23.570, 0, NVIDIA RTX PRO 6000 Blackwell Max-Q Workstation Edition, 208.14 W, 73361 MiB, 65 %
2026/10/09 00:20:23.570, 1, NVIDIA GB300, 855.31 W, 246888 MiB, 100 %
2026/10/09 00:20:24.570, 0, NVIDIA RTX PRO 6000 Blackwell Max-Q Workstation Edition, 209.91 W, 73361 MiB, 60 %
2026/10/09 00:20:24.570, 1, NVIDIA GB300, 864.20 W, 246888 MiB, 100 %
2026/10/09 00:20:25.570, 0, NVIDIA RTX PRO 6000 Blackwell Max-Q Workstation Edition, 208.74 W, 73361 MiB, 63 %
2026/10/09 00:20:25.570, 1, NVIDIA GB300, 859.90 W, 246888 MiB, 100 %
2026/10/09 00:20:26.570, 0, NVIDIA RTX PRO 6000 Blackwell Max-Q Workstation Edition, 210.65 W, 73361 MiB, 61 %
2026/10/09 00:20:26.570, 1, NVIDIA GB300, 862.01 W, 246888 MiB, 100 %
2026/10/09 00:20:27.570, 0, NVIDIA RTX PRO 6000 Blackwell Max-Q Workstation Edition, 209.88 W, 73361 MiB, 56 %
2026/10/09 00:20:27.570, 1, NVIDIA GB300, 848.24 W, 246888 MiB, 100 %
2026/10/09 00:20:28.570, 0, NVIDIA RTX PRO 6000 Blackwell Max-Q Workstation Edition, 209.95 W, 73361 MiB, 64 %
2026/10/09 00:20:28.570, 1, NVIDIA GB300, 890.67 W, 246888 MiB, 100 %
2026/10/09 00:20:29.570, 0, NVIDIA RTX PRO 6000 Blackwell Max-Q Workstation Edition, 208.52 W, 73361 MiB, 62 %
2026/10/09 00:20:29.570, 1, NVIDIA GB300, 856.95 W, 246888 MiB, 100 %
2026/10/09 00:20:30.570, 0, NVIDIA RTX PRO 6000 Blackwell Max-Q Workstation Edition, 210.49 W, 73361 MiB, 58 %
2026/10/09 00:20:30.570, 1, NVIDIA GB300, 861.03 W, 246888 MiB, 100 %
2026/10/09 00:20:31.570, 0, NVIDIA RTX PRO 6000 Blackwell Max-Q Workstation Edition, 209.93 W, 73361 MiB, 66 %
2026/10/09 00:20:31.570, 1, NVIDIA GB300, 842.25 W, 246888 MiB, 100 %
2026/10/09 00:20:32.571, 0, NVIDIA RTX PRO 6000 Blackwell Max-Q Workstation Edition, 208.80 W, 73361 MiB, 59 %
2026/10/09 00:20:32.571, 1, NVIDIA GB300, 875.38 W, 246888 MiB, 100 %
2026/10/09 00:20:33.571, 0, NVIDIA RTX PRO 6000 Blackwell Max-Q Workstation Edition, 211.42 W, 73361 MiB, 64 %
2026/10/09 00:20:33.571, 1, NVIDIA GB300, 850.86 W, 246888 MiB, 100 %
2026/10/09 00:20:34.571, 0, NVIDIA RTX PRO 6000 Blackwell Max-Q Workstation Edition, 211.22 W, 73361 MiB, 61 %
2026/10/09 00:20:34.571, 1, NVIDIA GB300, 880.94 W, 246888 MiB, 100 %
2026/10/09 00:20:35.571, 0, NVIDIA RTX PRO 6000 Blackwell Max-Q Workstation Edition, 210.77 W, 73361 MiB, 59 %
2026/10/09 00:20:35.571, 1, NVIDIA GB300, 889.75 W, 246888 MiB, 100 %
2026/10/09 00:20:36.571, 0, NVIDIA RTX PRO 6000 Blackwell Max-Q Workstation Edition, 208.42 W, 73361 MiB, 62 %
2026/10/09 00:20:36.571, 1, NVIDIA GB300, 851.23 W, 246888 MiB, 100 %
2026/10/09 00:20:37.571, 0, NVIDIA RTX PRO 6000 Blackwell Max-Q Workstation Edition, 213.32 W, 73361 MiB, 62 %
2026/10/09 00:20:37.571, 1, NVIDIA GB300, 846.84 W, 246888 MiB, 100 %
2026/10/09 00:20:38.571, 0, NVIDIA RTX PRO 6000 Blackwell Max-Q Workstation Edition, 210.35 W, 73361 MiB, 57 %
2026/10/09 00:20:38.571, 1, NVIDIA GB300, 871.30 W, 246888 MiB, 100 %
2026/10/09 00:20:39.571, 0, NVIDIA RTX PRO 6000 Blackwell Max-Q Workstation Edition, 210.19 W, 73361 MiB, 65 %
2026/10/09 00:20:39.571, 1, NVIDIA GB300, 867.83 W, 246888 MiB, 100 %
2026/10/09 00:20:40.571, 0, NVIDIA RTX PRO 6000 Blackwell Max-Q Workstation Edition, 213.62 W, 73361 MiB, 61 %
2026/10/09 00:20:40.571, 1, NVIDIA GB300, 864.90 W, 246888 MiB, 100 %
2026/10/09 00:20:41.571, 0, NVIDIA RTX PRO 6000 Blackwell Max-Q Workstation Edition, 212.60 W, 73361 MiB, 62 %
2026/10/09 00:20:41.571, 1, NVIDIA GB300, 863.96 W, 246888 MiB, 100 %
2026/10/09 00:20:42.572, 0, NVIDIA RTX PRO 6000 Blackwell Max-Q Workstation Edition, 212.04 W, 73361 MiB, 67 %
2026/10/09 00:20:42.572, 1, NVIDIA GB300, 851.49 W, 246888 MiB, 100 %
2026/10/09 00:20:43.572, 0, NVIDIA RTX PRO 6000 Blackwell Max-Q Workstation Edition, 211.45 W, 73361 MiB, 56 %
2026/10/09 00:20:43.572, 1, NVIDIA GB300, 857.36 W, 246888 MiB, 100 %
2026/10/09 00:20:44.572, 0, NVIDIA RTX PRO 6000 Blackwell Max-Q Workstation Edition, 214.12 W, 73361 MiB, 62 %
2026/10/09 00:20:44.572, 1, NVIDIA GB300, 854.95 W, 246888 MiB, 100 %
2026/10/09 00:20:45.572, 0, NVIDIA RTX PRO 6000 Blackwell Max-Q Workstation Edition, 210.70 W, 73361 MiB, 60 %
2026/10/09 00:20:45.572, 1, NVIDIA GB300, 867.69 W, 246888 MiB, 100 %
2026/10/09 00:20:46.572, 0, NVIDIA RTX PRO 6000 Blackwell Max-Q Workstation Edition, 212.01 W, 73361 MiB, 58 %
2026/10/09 00:20:46.572, 1, NVIDIA GB300, 857.29 W, 246888 MiB, 100 %
2026/10/09 00:20:47.572, 0, NVIDIA RTX PRO 6000 Blackwell Max-Q Workstation Edition, 212.93 W, 73361 MiB, 60 %
2026/10/09 00:20:47.572, 1, NVIDIA GB300, 887.04 W, 246888 MiB, 100 %
2026/10/09 00:20:48.572, 0, NVIDIA RTX PRO 6000 Blackwell Max-Q Workstation Edition, 213.88 W, 73361 MiB, 60 %
2026/10/09 00:20:48.572, 1, NVIDIA GB300, 866.32 W, 246888 MiB, 100 %
2026/10/09 00:20:49.572, 0, NVIDIA RTX PRO 6000 Blackwell Max-Q Workstation Edition, 212.12 W, 73361 MiB, 62 %
2026/10/09 00:20:49.572, 1, NVIDIA GB300, 862.34 W, 246888 MiB, 100 %
2026/10/09 00:20:50.572, 0, NVIDIA RTX PRO 6000 Blackwell Max-Q Workstation Edition, 214.09 W, 73361 MiB, 63 %
2026/10/09 00:20:50.572, 1, NVIDIA GB300, 884.00 W, 246888 MiB, 100 %
2026/10/09 00:20:51.572, 0, NVIDIA RTX PRO 6000 Blackwell Max-Q Workstation Edition, 214.74 W, 73361 MiB, 61 %
2026/10/09 00:20:51.572, 1, NVIDIA GB300, 879.60 W, 246888 MiB, 100 %
2026/10/09 00:20:52.572, 0, NVIDIA RTX PRO 6000 Blackwell Max-Q Workstation Edition, 210.17 W, 73361 MiB, 59 %
2026/10/09 00:20:52.572, 1, NVIDIA GB300, 875.98 W, 246888 MiB, 100 %
2026/10/09 00:20:53.572, 0, NVIDIA RTX PRO 6000 Blackwell Max-Q Workstation Edition, 215.18 W, 73361 MiB, 67 %
2026/10/09 00:20:53.572, 1, NVIDIA GB300, 857.04 W, 246888 MiB, 100 %
2026/10/09 00:20:54.573, 0, NVIDIA RTX PRO 6000 Blackwell Max-Q Workstation Edition, 213.72 W, 73361 MiB, 58 %
2026/10/09 00:20:54.573, 1, NVIDIA GB300, 850.75 W, 246888 MiB, 100 %
2026/10/09 00:20:55.573, 0, NVIDIA RTX PRO 6000 Blackwell Max-Q Workstation Edition, 214.59 W, 73361 MiB, 63 %
2026/10/09 00:20:55.573, 1, NVIDIA GB300, 842.16 W, 246888 MiB, 100 %
2026/10/09 00:20:56.573, 0, NVIDIA RTX PRO 6000 Blackwell Max-Q Workstation Edition, 214.98 W, 73361 MiB, 62 %
2026/10/09 00:20:56.573, 1, NVIDIA GB300, 862.23 W, 246888 MiB, 100 %
2026/10/09 00:20:57.573, 0, NVIDIA RTX PRO 6000 Blackwell Max-Q Workstation Edition, 214.07 W, 73361 MiB, 58 %
2026/10/09 00:20:57.573, 1, NVIDIA GB300, 893.61 W, 246888 MiB, 100 %
2026/10/09 00:20:58.573, 0, NVIDIA RTX PRO 6000 Blackwell Max-Q Workstation Edition, 215.46 W, 73361 MiB, 62 %
2026/10/09 00:20:58.573, 1, NVIDIA GB300, 845.26 W, 246888 MiB, 100 %
2026/10/09 00:20:59.573, 0, NVIDIA RTX PRO 6000 Blackwell Max-Q Workstation Edition, 215.97 W, 73361 MiB, 63 %
2026/10/09 00:20:59.573, 1, NVIDIA GB300, 856.72 W, 246888 MiB, 100 %
2026/10/09 00:21:00.573, 0, NVIDIA RTX PRO 6000 Blackwell Max-Q Workstation Edition, 216.37 W, 73361 MiB, 56 %
2026/10/09 00:21:00.573, 1, NVIDIA GB300, 884.78 W, 246888 MiB, 100 %
2026/10/09 00:21:01.573, 0, NVIDIA RTX PRO 6000 Blackwell Max-Q Workstation Edition, 214.82 W, 73361 MiB, 63 %
2026/10/09 00:21:01.573, 1, NVIDIA GB300, 881.65 W, 246888 MiB, 100 %
2026/10/09 00:21:02.574, 0, NVIDIA RTX PRO 6000 Blackwell Max-Q Workstation Edition, 214.42 W, 73361 MiB, 60 %
2026/10/09 00:21:02.574, 1, NVIDIA GB300, 859.40 W, 246888 MiB, 100 %
2026/10/09 00:21:03.574, 0, NVIDIA RTX PRO 6000 Blackwell Max-Q Workstation Edition, 213.57 W, 73361 MiB, 58 %
2026/10/09 00:21:03.574, 1, NVIDIA GB300, 874.90 W, 246888 MiB, 100 %
2026/10/09 00:21:04.574, 0, NVIDIA RTX PRO 6000 Blackwell Max-Q Workstation Edition, 217.11 W, 73361 MiB, 66 %
2026/10/09 00:21:04.574, 1, NVIDIA GB300, 892.57 W, 246888 MiB, 100 %
2026/10/09 00:21:05.574, 0, NVIDIA RTX PRO 6000 Blackwell Max-Q Workstation Edition, 217.16 W, 73361 MiB, 58 %
2026/10/09 00:21:05.574, 1, NVIDIA GB300, 872.86 W, 246888 MiB, 100 %
2026/10/09 00:21:06.574, 0, NVIDIA RTX PRO 6000 Blackwell Max-Q Workstation Edition, 213.94 W, 73361 MiB, 65 %
2026/10/09 00:21:06.574, 1, NVIDIA GB300, 876.07 W, 246888 MiB, 100 %
2026/10/09 00:21:07.574, 0, NVIDIA RTX PRO 6000 Blackwell Max-Q Workstation Edition, 217.59 W, 73361 MiB, 58 %
2026/10/09 00:21:07.574, 1, NVIDIA GB300, 872.86 W, 246888 MiB, 100 %
2026/10/09 00:21:08.574, 0, NVIDIA RTX PRO 6000 Blackwell Max-Q Workstation Edition, 213.87 W, 73361 MiB, 56 %
2026/10/09 00:21:08.574, 1, NVIDIA GB300, 868.57 W, 246888 MiB, 100 %
2026/10/09 00:21:09.574, 0, NVIDIA RTX PRO 6000 Blackwell Max-Q Workstation Edition, 217.41 W, 73361 MiB, 66 %
2026/10/09 00:21:09.574, 1, NVIDIA GB300, 873.45 W, 246888 MiB, 100 %
2026/10/09 00:21:10.574, 0, NVIDIA RTX PRO 6000 Blackwell Max-Q Workstation Edition, 214.63 W, 73361 MiB, 62 %
2026/10/09 00:21:10.574, 1, NVIDIA GB300, 887.26 W, 246888 MiB, 100 %
2026/10/09 00:21:11.574, 0, NVIDIA RTX PRO 6000 Blackwell Max-Q Workstation Edition, 216.96 W, 73361 MiB, 59 %
2026/10/09 00:21:11.575, 1, NVIDIA GB300, 854.05 W, 246888 MiB, 100 %
2026/10/09 00:21:12.575, 0, NVIDIA RTX PRO 6000 Blackwell Max-Q Workstation Edition, 217.43 W, 73361 MiB, 69 %
2026/10/09 00:21:12.575, 1, NVIDIA GB300, 853.70 W, 246888 MiB, 100 %
2026/10/09 00:21:13.575, 0, NVIDIA RTX PRO 6000 Blackwell Max-Q Workstation Edition, 216.19 W, 73361 MiB, 53 %
2026/10/09 00:21:13.575, 1, NVIDIA GB300, 871.06 W, 246888 MiB, 100 %
2026/10/09 00:21:14.575, 0, NVIDIA RTX PRO 6000 Blackwell Max-Q Workstation Edition, 215.56 W, 73361 MiB, 60 %
2026/10/09 00:21:14.575, 1, NVIDIA GB300, 880.56 W, 246888 MiB, 100 %
2026/10/09 00:21:15.575, 0, NVIDIA RTX PRO 6000 Blackwell Max-Q Workstation Edition, 215.75 W, 73361 MiB, 60 %
2026/10/09 00:21:15.575, 1, NVIDIA GB300, 858.98 W, 246888 MiB, 100 %
2026/10/09 00:21:16.575, 0, NVIDIA RTX PRO 6000 Blackwell Max-Q Workstation Edition, 216.92 W, 73361 MiB, 58 %
2026/10/09 00:21:16.575, 1, NVIDIA GB300, 881.08 W, 246888 MiB, 100 %
2026/10/09 00:21:17.575, 0, NVIDIA RTX PRO 6000 Blackwell Max-Q Workstation Edition, 217.61 W, 73361 MiB, 64 %
2026/10/09 00:21:17.575, 1, NVIDIA GB300, 862.38 W, 246888 MiB, 100 %
2026/10/09 00:21:18.575, 0, NVIDIA RTX PRO 6000 Blackwell Max-Q Workstation Edition, 216.93 W, 73361 MiB, 61 %
2026/10/09 00:21:18.575, 1, NVIDIA GB300, 875.66 W, 246888 MiB, 100 %
2026/10/09 00:21:19.575, 0, NVIDIA RTX PRO 6000 Blackwell Max-Q Workstation Edition, 216.74 W, 73361 MiB, 58 %
2026/10/09 00:21:19.575, 1, NVIDIA GB300, 870.54 W, 246888 MiB, 100 %
2026/10/09 00:21:20.575, 0, NVIDIA RTX PRO 6000 Blackwell Max-Q Workstation Edition, 217.78 W, 73361 MiB, 64 %
2026/10/09 00:21:20.575, 1, NVIDIA GB300, 851.25 W, 246888 MiB, 100 %
2026/10/09 00:21:21.576, 0, NVIDIA RTX PRO 6000 Blackwell Max-Q Workstation Edition, 217.34 W, 73361 MiB, 56 %
2026/10/09 00:21:21.576, 1, NVIDIA GB300, 856.39 W, 246888 MiB, 100 %
2026/10/09 00:21:22.576, 0, NVIDIA RTX PRO 6000 Blackwell Max-Q Workstation Edition, 217.17 W, 73361 MiB, 62 %
2026/10/09 00:21:22.576, 1, NVIDIA GB300, 857.50 W, 246888 MiB, 100 %
2026/10/09 00:21:23.576, 0, NVIDIA RTX PRO 6000 Blackwell Max-Q Workstation Edition, 218.43 W, 73361 MiB, 62 %
2026/10/09 00:21:23.576, 1, NVIDIA GB300, 849.76 W, 246888 MiB, 100 %
2026/10/09 00:21:24.576, 0, NVIDIA RTX PRO 6000 Blackwell Max-Q Workstation Edition, 216.08 W, 73361 MiB, 55 %
2026/10/09 00:21:24.576, 1, NVIDIA GB300, 875.54 W, 246888 MiB, 100 %
2026/10/09 00:21:25.576, 0, NVIDIA RTX PRO 6000 Blackwell Max-Q Workstation Edition, 217.91 W, 73361 MiB, 67 %
2026/10/09 00:21:25.576, 1, NVIDIA GB300, 855.77 W, 246888 MiB, 100 %
2026/10/09 00:21:26.576, 0, NVIDIA RTX PRO 6000 Blackwell Max-Q Workstation Edition, 217.39 W, 73361 MiB, 60 %
2026/10/09 00:21:26.576, 1, NVIDIA GB300, 852.65 W, 246888 MiB, 100 %
2026/10/09 00:21:27.576, 0, NVIDIA RTX PRO 6000 Blackwell Max-Q Workstation Edition, 218.88 W, 73361 MiB, 59 %
2026/10/09 00:21:27.576, 1, NVIDIA GB300, 865.78 W, 246888 MiB, 100 %
2026/10/09 00:21:28.576, 0, NVIDIA RTX PRO 6000 Blackwell Max-Q Workstation Edition, 218.65 W, 73361 MiB, 67 %
2026/10/09 00:21:28.576, 1, NVIDIA GB300, 852.06 W, 246888 MiB, 100 %
2026/10/09 00:21:29.576, 0, NVIDIA RTX PRO 6000 Blackwell Max-Q Workstation Edition, 218.55 W, 73361 MiB, 59 %
2026/10/09 00:21:29.576, 1, NVIDIA GB300, 853.25 W, 246888 MiB, 100 %
2026/10/09 00:21:30.576, 0, NVIDIA RTX PRO 6000 Blackwell Max-Q Workstation Edition, 219.29 W, 73361 MiB, 64 %
2026/10/09 00:21:30.576, 1, NVIDIA GB300, 880.77 W, 246888 MiB, 100 %
2026/10/09 00:21:31.577, 0, NVIDIA RTX PRO 6000 Blackwell Max-Q Workstation Edition, 218.57 W, 73361 MiB, 60 %
2026/10/09 00:21:31.577, 1, NVIDIA GB300, 858.94 W, 246888 MiB, 100 %
2026/10/09 00:21:32.577, 0, NVIDIA RTX PRO 6000 Blackwell Max-Q Workstation Edition, 219.04 W, 73361 MiB, 62 %
2026/10/09 00:21:32.577, 1, NVIDIA GB300, 881.18 W, 246888 MiB, 100 %
2026/10/09 00:21:33.577, 0, NVIDIA RTX PRO 6000 Blackwell Max-Q Workstation Edition, 217.69 W, 73361 MiB, 62 %
2026/10/09 00:21:33.577, 1, NVIDIA GB300, 846.92 W, 246888 MiB, 100 %
2026/10/09 00:21:34.577, 0, NVIDIA RTX PRO 6000 Blackwell Max-Q Workstation Edition, 219.79 W, 73361 MiB, 57 %
2026/10/09 00:21:34.580, 1, NVIDIA GB300, 885.68 W, 246888 MiB, 100 %
2026/10/09 00:21:35.580, 0, NVIDIA RTX PRO 6000 Blackwell Max-Q Workstation Edition, 219.90 W, 73361 MiB, 66 %
2026/10/09 00:21:35.580, 1, NVIDIA GB300, 858.03 W, 246888 MiB, 100 %
2026/10/09 00:21:36.580, 0, NVIDIA RTX PRO 6000 Blackwell Max-Q Workstation Edition, 217.55 W, 73361 MiB, 63 %
2026/10/09 00:21:36.580, 1, NVIDIA GB300, 870.56 W, 246888 MiB, 100 %
2026/10/09 00:21:37.580, 0, NVIDIA RTX PRO 6000 Blackwell Max-Q Workstation Edition, 217.96 W, 73361 MiB, 57 %
2026/10/09 00:21:37.580, 1, NVIDIA GB300, 880.55 W, 246888 MiB, 100 %
2026/10/09 00:21:38.580, 0, NVIDIA RTX PRO 6000 Blackwell Max-Q Workstation Edition, 218.78 W, 73361 MiB, 69 %
2026/10/09 00:21:38.580, 1, NVIDIA GB300, 861.28 W, 246888 MiB, 100 %
2026/10/09 00:21:39.580, 0, NVIDIA RTX PRO 6000 Blackwell Max-Q Workstation Edition, 220.04 W, 73361 MiB, 59 %
2026/10/09 00:21:39.580, 1, NVIDIA GB300, 867.15 W, 246888 MiB, 100 %
2026/10/09 00:21:40.580, 0, NVIDIA RTX PRO 6000 Blackwell Max-Q Workstation Edition, 217.56 W, 73361 MiB, 63 %
2026/10/09 00:21:40.580, 1, NVIDIA GB300, 865.41 W, 246888 MiB, 100 %
--- rr-b/decode/power-<host>.csv: arm B (Grace cold experts, RTX PRO 6000 empty), decode window
timestamp, index, name, power.draw [W], memory.used [MiB], utilization.gpu [%]
2026/10/09 00:37:49.783, 0, NVIDIA RTX PRO 6000 Blackwell Max-Q Workstation Edition, 23.47 W, 47 MiB, 0 %
2026/10/09 00:37:49.797, 1, NVIDIA GB300, 226.86 W, 242354 MiB, 0 %
2026/10/09 00:37:50.799, 0, NVIDIA RTX PRO 6000 Blackwell Max-Q Workstation Edition, 20.07 W, 47 MiB, 0 %
2026/10/09 00:37:50.799, 1, NVIDIA GB300, 211.12 W, 242354 MiB, 0 %
2026/10/09 00:37:51.799, 0, NVIDIA RTX PRO 6000 Blackwell Max-Q Workstation Edition, 19.67 W, 47 MiB, 0 %
2026/10/09 00:37:51.799, 1, NVIDIA GB300, 211.13 W, 242354 MiB, 0 %
2026/10/09 00:37:52.800, 0, NVIDIA RTX PRO 6000 Blackwell Max-Q Workstation Edition, 19.27 W, 47 MiB, 0 %
2026/10/09 00:37:52.800, 1, NVIDIA GB300, 211.12 W, 242354 MiB, 0 %
2026/10/09 00:37:53.800, 0, NVIDIA RTX PRO 6000 Blackwell Max-Q Workstation Edition, 19.21 W, 47 MiB, 0 %
2026/10/09 00:37:53.800, 1, NVIDIA GB300, 211.11 W, 242354 MiB, 0 %
2026/10/09 00:37:54.800, 0, NVIDIA RTX PRO 6000 Blackwell Max-Q Workstation Edition, 19.60 W, 47 MiB, 0 %
2026/10/09 00:37:54.800, 1, NVIDIA GB300, 211.13 W, 242354 MiB, 0 %
2026/10/09 00:37:55.800, 0, NVIDIA RTX PRO 6000 Blackwell Max-Q Workstation Edition, 19.91 W, 47 MiB, 0 %
2026/10/09 00:37:55.800, 1, NVIDIA GB300, 211.12 W, 242354 MiB, 0 %
2026/10/09 00:37:56.800, 0, NVIDIA RTX PRO 6000 Blackwell Max-Q Workstation Edition, 21.92 W, 47 MiB, 0 %
2026/10/09 00:37:56.800, 1, NVIDIA GB300, 211.10 W, 242354 MiB, 0 %
2026/10/09 00:37:57.800, 0, NVIDIA RTX PRO 6000 Blackwell Max-Q Workstation Edition, 24.13 W, 47 MiB, 0 %
2026/10/09 00:37:57.800, 1, NVIDIA GB300, 211.11 W, 242354 MiB, 0 %
2026/10/09 00:37:58.800, 0, NVIDIA RTX PRO 6000 Blackwell Max-Q Workstation Edition, 20.02 W, 47 MiB, 0 %
2026/10/09 00:37:58.800, 1, NVIDIA GB300, 211.12 W, 242354 MiB, 0 %
2026/10/09 00:37:59.800, 0, NVIDIA RTX PRO 6000 Blackwell Max-Q Workstation Edition, 19.90 W, 47 MiB, 0 %
2026/10/09 00:37:59.800, 1, NVIDIA GB300, 211.10 W, 242354 MiB, 0 %
2026/10/09 00:38:00.800, 0, NVIDIA RTX PRO 6000 Blackwell Max-Q Workstation Edition, 19.73 W, 47 MiB, 0 %
2026/10/09 00:38:00.800, 1, NVIDIA GB300, 211.10 W, 242354 MiB, 0 %
2026/10/09 00:38:01.800, 0, NVIDIA RTX PRO 6000 Blackwell Max-Q Workstation Edition, 19.66 W, 47 MiB, 0 %
2026/10/09 00:38:01.800, 1, NVIDIA GB300, 211.10 W, 242354 MiB, 0 %
2026/10/09 00:38:02.800, 0, NVIDIA RTX PRO 6000 Blackwell Max-Q Workstation Edition, 19.25 W, 47 MiB, 0 %
2026/10/09 00:38:02.800, 1, NVIDIA GB300, 211.11 W, 242354 MiB, 0 %
2026/10/09 00:38:03.801, 0, NVIDIA RTX PRO 6000 Blackwell Max-Q Workstation Edition, 21.13 W, 47 MiB, 0 %
2026/10/09 00:38:03.801, 1, NVIDIA GB300, 211.10 W, 242354 MiB, 0 %
2026/10/09 00:38:04.801, 0, NVIDIA RTX PRO 6000 Blackwell Max-Q Workstation Edition, 23.67 W, 47 MiB, 0 %
2026/10/09 00:38:04.801, 1, NVIDIA GB300, 211.12 W, 242354 MiB, 0 %
2026/10/09 00:38:05.801, 0, NVIDIA RTX PRO 6000 Blackwell Max-Q Workstation Edition, 20.07 W, 47 MiB, 0 %
2026/10/09 00:38:05.801, 1, NVIDIA GB300, 211.10 W, 242354 MiB, 0 %
2026/10/09 00:38:06.801, 0, NVIDIA RTX PRO 6000 Blackwell Max-Q Workstation Edition, 19.38 W, 47 MiB, 0 %
2026/10/09 00:38:06.801, 1, NVIDIA GB300, 211.10 W, 242354 MiB, 0 %
2026/10/09 00:38:07.801, 0, NVIDIA RTX PRO 6000 Blackwell Max-Q Workstation Edition, 19.41 W, 47 MiB, 0 %
2026/10/09 00:38:07.801, 1, NVIDIA GB300, 211.12 W, 242354 MiB, 0 %
2026/10/09 00:38:08.801, 0, NVIDIA RTX PRO 6000 Blackwell Max-Q Workstation Edition, 19.31 W, 47 MiB, 0 %
2026/10/09 00:38:08.801, 1, NVIDIA GB300, 211.11 W, 242354 MiB, 0 %
2026/10/09 00:38:09.801, 0, NVIDIA RTX PRO 6000 Blackwell Max-Q Workstation Edition, 19.30 W, 47 MiB, 0 %
2026/10/09 00:38:09.801, 1, NVIDIA GB300, 211.15 W, 242354 MiB, 0 %
2026/10/09 00:38:10.801, 0, NVIDIA RTX PRO 6000 Blackwell Max-Q Workstation Edition, 20.34 W, 47 MiB, 0 %
2026/10/09 00:38:10.801, 1, NVIDIA GB300, 211.11 W, 242354 MiB, 0 %
2026/10/09 00:38:11.801, 0, NVIDIA RTX PRO 6000 Blackwell Max-Q Workstation Edition, 23.21 W, 47 MiB, 0 %
2026/10/09 00:38:11.801, 1, NVIDIA GB300, 211.08 W, 242354 MiB, 0 %
2026/10/09 00:38:12.801, 0, NVIDIA RTX PRO 6000 Blackwell Max-Q Workstation Edition, 19.25 W, 47 MiB, 0 %
2026/10/09 00:38:12.802, 1, NVIDIA GB300, 211.09 W, 242354 MiB, 0 %
2026/10/09 00:38:13.802, 0, NVIDIA RTX PRO 6000 Blackwell Max-Q Workstation Edition, 19.18 W, 47 MiB, 0 %
2026/10/09 00:38:13.802, 1, NVIDIA GB300, 222.79 W, 245342 MiB, 0 %
2026/10/09 00:38:14.802, 0, NVIDIA RTX PRO 6000 Blackwell Max-Q Workstation Edition, 19.24 W, 47 MiB, 0 %
2026/10/09 00:38:14.802, 1, NVIDIA GB300, 409.83 W, 245346 MiB, 0 %
2026/10/09 00:38:15.802, 0, NVIDIA RTX PRO 6000 Blackwell Max-Q Workstation Edition, 19.03 W, 47 MiB, 0 %
2026/10/09 00:38:15.802, 1, NVIDIA GB300, 211.12 W, 245346 MiB, 0 %
2026/10/09 00:38:16.802, 0, NVIDIA RTX PRO 6000 Blackwell Max-Q Workstation Edition, 19.72 W, 47 MiB, 0 %
2026/10/09 00:38:16.802, 1, NVIDIA GB300, 211.13 W, 245346 MiB, 0 %
2026/10/09 00:38:17.802, 0, NVIDIA RTX PRO 6000 Blackwell Max-Q Workstation Edition, 20.74 W, 47 MiB, 0 %
2026/10/09 00:38:17.802, 1, NVIDIA GB300, 211.10 W, 245346 MiB, 0 %
2026/10/09 00:38:18.802, 0, NVIDIA RTX PRO 6000 Blackwell Max-Q Workstation Edition, 23.99 W, 47 MiB, 0 %
2026/10/09 00:38:18.802, 1, NVIDIA GB300, 211.09 W, 245346 MiB, 0 %
2026/10/09 00:38:19.802, 0, NVIDIA RTX PRO 6000 Blackwell Max-Q Workstation Edition, 19.64 W, 47 MiB, 0 %
2026/10/09 00:38:19.802, 1, NVIDIA GB300, 211.11 W, 245346 MiB, 0 %
2026/10/09 00:38:20.803, 0, NVIDIA RTX PRO 6000 Blackwell Max-Q Workstation Edition, 19.43 W, 47 MiB, 0 %
2026/10/09 00:38:20.803, 1, NVIDIA GB300, 211.11 W, 245346 MiB, 0 %
2026/10/09 00:38:21.803, 0, NVIDIA RTX PRO 6000 Blackwell Max-Q Workstation Edition, 19.50 W, 47 MiB, 0 %
2026/10/09 00:38:21.803, 1, NVIDIA GB300, 211.11 W, 245346 MiB, 0 %
2026/10/09 00:38:22.803, 0, NVIDIA RTX PRO 6000 Blackwell Max-Q Workstation Edition, 19.45 W, 47 MiB, 0 %
2026/10/09 00:38:22.803, 1, NVIDIA GB300, 211.10 W, 245346 MiB, 0 %
2026/10/09 00:38:23.803, 0, NVIDIA RTX PRO 6000 Blackwell Max-Q Workstation Edition, 19.46 W, 47 MiB, 0 %
2026/10/09 00:38:23.803, 1, NVIDIA GB300, 211.10 W, 245346 MiB, 0 %
2026/10/09 00:38:24.803, 0, NVIDIA RTX PRO 6000 Blackwell Max-Q Workstation Edition, 20.22 W, 47 MiB, 0 %
2026/10/09 00:38:24.803, 1, NVIDIA GB300, 211.11 W, 245346 MiB, 0 %
2026/10/09 00:38:25.803, 0, NVIDIA RTX PRO 6000 Blackwell Max-Q Workstation Edition, 23.82 W, 47 MiB, 0 %
2026/10/09 00:38:25.803, 1, NVIDIA GB300, 211.10 W, 245346 MiB, 0 %
2026/10/09 00:38:26.803, 0, NVIDIA RTX PRO 6000 Blackwell Max-Q Workstation Edition, 20.22 W, 47 MiB, 0 %
2026/10/09 00:38:26.803, 1, NVIDIA GB300, 350.63 W, 245346 MiB, 100 %
2026/10/09 00:38:27.804, 0, NVIDIA RTX PRO 6000 Blackwell Max-Q Workstation Edition, 18.64 W, 47 MiB, 0 %
2026/10/09 00:38:27.804, 1, NVIDIA GB300, 398.65 W, 245346 MiB, 100 %
2026/10/09 00:38:28.804, 0, NVIDIA RTX PRO 6000 Blackwell Max-Q Workstation Edition, 18.64 W, 47 MiB, 0 %
2026/10/09 00:38:28.804, 1, NVIDIA GB300, 394.07 W, 245346 MiB, 100 %
2026/10/09 00:38:29.804, 0, NVIDIA RTX PRO 6000 Blackwell Max-Q Workstation Edition, 18.41 W, 47 MiB, 0 %
2026/10/09 00:38:29.804, 1, NVIDIA GB300, 392.83 W, 245346 MiB, 100 %
2026/10/09 00:38:30.804, 0, NVIDIA RTX PRO 6000 Blackwell Max-Q Workstation Edition, 18.49 W, 47 MiB, 0 %
2026/10/09 00:38:30.804, 1, NVIDIA GB300, 477.61 W, 245346 MiB, 100 %
2026/10/09 00:38:31.804, 0, NVIDIA RTX PRO 6000 Blackwell Max-Q Workstation Edition, 18.75 W, 47 MiB, 0 %
2026/10/09 00:38:31.804, 1, NVIDIA GB300, 407.74 W, 245346 MiB, 100 %
2026/10/09 00:38:32.804, 0, NVIDIA RTX PRO 6000 Blackwell Max-Q Workstation Edition, 22.96 W, 47 MiB, 0 %
2026/10/09 00:38:32.804, 1, NVIDIA GB300, 408.21 W, 245346 MiB, 100 %
2026/10/09 00:38:33.804, 0, NVIDIA RTX PRO 6000 Blackwell Max-Q Workstation Edition, 18.86 W, 47 MiB, 0 %
2026/10/09 00:38:33.804, 1, NVIDIA GB300, 467.74 W, 245346 MiB, 100 %
2026/10/09 00:38:34.804, 0, NVIDIA RTX PRO 6000 Blackwell Max-Q Workstation Edition, 18.67 W, 47 MiB, 0 %
2026/10/09 00:38:34.804, 1, NVIDIA GB300, 404.15 W, 245346 MiB, 100 %
2026/10/09 00:38:35.804, 0, NVIDIA RTX PRO 6000 Blackwell Max-Q Workstation Edition, 18.50 W, 47 MiB, 0 %
2026/10/09 00:38:35.804, 1, NVIDIA GB300, 404.40 W, 245346 MiB, 100 %
2026/10/09 00:38:36.804, 0, NVIDIA RTX PRO 6000 Blackwell Max-Q Workstation Edition, 18.76 W, 47 MiB, 0 %
2026/10/09 00:38:36.804, 1, NVIDIA GB300, 396.26 W, 245346 MiB, 100 %
2026/10/09 00:38:37.804, 0, NVIDIA RTX PRO 6000 Blackwell Max-Q Workstation Edition, 18.83 W, 47 MiB, 0 %
2026/10/09 00:38:37.804, 1, NVIDIA GB300, 482.01 W, 245346 MiB, 100 %
2026/10/09 00:38:38.805, 0, NVIDIA RTX PRO 6000 Blackwell Max-Q Workstation Edition, 18.84 W, 47 MiB, 0 %
2026/10/09 00:38:38.805, 1, NVIDIA GB300, 405.83 W, 245346 MiB, 100 %
2026/10/09 00:38:39.805, 0, NVIDIA RTX PRO 6000 Blackwell Max-Q Workstation Edition, 23.51 W, 47 MiB, 0 %
2026/10/09 00:38:39.805, 1, NVIDIA GB300, 401.15 W, 245346 MiB, 100 %
2026/10/09 00:38:40.805, 0, NVIDIA RTX PRO 6000 Blackwell Max-Q Workstation Edition, 23.58 W, 47 MiB, 0 %
2026/10/09 00:38:40.805, 1, NVIDIA GB300, 466.71 W, 245346 MiB, 100 %
2026/10/09 00:38:41.805, 0, NVIDIA RTX PRO 6000 Blackwell Max-Q Workstation Edition, 19.07 W, 47 MiB, 0 %
2026/10/09 00:38:41.805, 1, NVIDIA GB300, 399.05 W, 245346 MiB, 100 %
2026/10/09 00:38:42.805, 0, NVIDIA RTX PRO 6000 Blackwell Max-Q Workstation Edition, 19.03 W, 47 MiB, 0 %
2026/10/09 00:38:42.805, 1, NVIDIA GB300, 397.11 W, 245346 MiB, 100 %
2026/10/09 00:38:43.805, 0, NVIDIA RTX PRO 6000 Blackwell Max-Q Workstation Edition, 19.02 W, 47 MiB, 0 %
2026/10/09 00:38:43.805, 1, NVIDIA GB300, 347.14 W, 245346 MiB, 0 %
2026/10/09 00:38:44.806, 0, NVIDIA RTX PRO 6000 Blackwell Max-Q Workstation Edition, 19.03 W, 47 MiB, 0 %
2026/10/09 00:38:44.806, 1, NVIDIA GB300, 211.80 W, 245346 MiB, 0 %
2026/10/09 00:38:45.806, 0, NVIDIA RTX PRO 6000 Blackwell Max-Q Workstation Edition, 19.47 W, 47 MiB, 0 %
2026/10/09 00:38:45.806, 1, NVIDIA GB300, 211.15 W, 245346 MiB, 0 %
2026/10/09 00:38:46.806, 0, NVIDIA RTX PRO 6000 Blackwell Max-Q Workstation Edition, 21.72 W, 47 MiB, 0 %
2026/10/09 00:38:46.806, 1, NVIDIA GB300, 211.13 W, 245346 MiB, 0 %
2026/10/09 00:38:47.806, 0, NVIDIA RTX PRO 6000 Blackwell Max-Q Workstation Edition, 24.22 W, 47 MiB, 0 %
2026/10/09 00:38:47.806, 1, NVIDIA GB300, 211.10 W, 245346 MiB, 0 %
2026/10/09 00:38:48.806, 0, NVIDIA RTX PRO 6000 Blackwell Max-Q Workstation Edition, 19.98 W, 47 MiB, 0 %
2026/10/09 00:38:48.806, 1, NVIDIA GB300, 211.11 W, 245346 MiB, 0 %
2026/10/09 00:38:49.806, 0, NVIDIA RTX PRO 6000 Blackwell Max-Q Workstation Edition, 19.92 W, 47 MiB, 0 %
2026/10/09 00:38:49.806, 1, NVIDIA GB300, 211.09 W, 245346 MiB, 0 %
2026/10/09 00:38:50.806, 0, NVIDIA RTX PRO 6000 Blackwell Max-Q Workstation Edition, 19.77 W, 47 MiB, 0 %
2026/10/09 00:38:50.806, 1, NVIDIA GB300, 211.10 W, 245346 MiB, 0 %
2026/10/09 00:38:51.806, 0, NVIDIA RTX PRO 6000 Blackwell Max-Q Workstation Edition, 19.95 W, 47 MiB, 0 %
2026/10/09 00:38:51.806, 1, NVIDIA GB300, 211.11 W, 245346 MiB, 0 %
2026/10/09 00:38:52.806, 0, NVIDIA RTX PRO 6000 Blackwell Max-Q Workstation Edition, 19.90 W, 47 MiB, 0 %
2026/10/09 00:38:52.806, 1, NVIDIA GB300, 211.10 W, 245346 MiB, 0 %
2026/10/09 00:38:53.807, 0, NVIDIA RTX PRO 6000 Blackwell Max-Q Workstation Edition, 21.18 W, 47 MiB, 0 %
2026/10/09 00:38:53.807, 1, NVIDIA GB300, 391.96 W, 245346 MiB, 31 %
2026/10/09 00:38:54.807, 0, NVIDIA RTX PRO 6000 Blackwell Max-Q Workstation Edition, 23.50 W, 47 MiB, 0 %
2026/10/09 00:38:54.807, 1, NVIDIA GB300, 211.13 W, 245346 MiB, 0 %
2026/10/09 00:38:55.807, 0, NVIDIA RTX PRO 6000 Blackwell Max-Q Workstation Edition, 20.20 W, 47 MiB, 0 %
2026/10/09 00:38:55.807, 1, NVIDIA GB300, 211.10 W, 245346 MiB, 0 %
2026/10/09 00:38:56.807, 0, NVIDIA RTX PRO 6000 Blackwell Max-Q Workstation Edition, 20.14 W, 47 MiB, 0 %
2026/10/09 00:38:56.807, 1, NVIDIA GB300, 210.98 W, 245346 MiB, 0 %
2026/10/09 00:38:57.807, 0, NVIDIA RTX PRO 6000 Blackwell Max-Q Workstation Edition, 19.71 W, 47 MiB, 0 %
2026/10/09 00:38:57.807, 1, NVIDIA GB300, 211.02 W, 245346 MiB, 0 %
2026/10/09 00:38:58.807, 0, NVIDIA RTX PRO 6000 Blackwell Max-Q Workstation Edition, 19.70 W, 47 MiB, 0 %
2026/10/09 00:38:58.807, 1, NVIDIA GB300, 210.83 W, 245346 MiB, 0 %
2026/10/09 00:38:59.807, 0, NVIDIA RTX PRO 6000 Blackwell Max-Q Workstation Edition, 20.01 W, 47 MiB, 0 %
2026/10/09 00:38:59.807, 1, NVIDIA GB300, 210.82 W, 245346 MiB, 0 %
2026/10/09 00:39:00.807, 0, NVIDIA RTX PRO 6000 Blackwell Max-Q Workstation Edition, 20.79 W, 47 MiB, 0 %
2026/10/09 00:39:00.807, 1, NVIDIA GB300, 210.90 W, 245346 MiB, 0 %
2026/10/09 00:39:01.808, 0, NVIDIA RTX PRO 6000 Blackwell Max-Q Workstation Edition, 23.88 W, 47 MiB, 0 %
2026/10/09 00:39:01.808, 1, NVIDIA GB300, 210.94 W, 245346 MiB, 0 %
2026/10/09 00:39:02.808, 0, NVIDIA RTX PRO 6000 Blackwell Max-Q Workstation Edition, 19.76 W, 47 MiB, 0 %
2026/10/09 00:39:02.808, 1, NVIDIA GB300, 210.98 W, 245346 MiB, 0 %
2026/10/09 00:39:03.808, 0, NVIDIA RTX PRO 6000 Blackwell Max-Q Workstation Edition, 19.57 W, 47 MiB, 0 %
2026/10/09 00:39:03.808, 1, NVIDIA GB300, 352.51 W, 245346 MiB, 100 %
2026/10/09 00:39:04.808, 0, NVIDIA RTX PRO 6000 Blackwell Max-Q Workstation Edition, 19.29 W, 47 MiB, 0 %
2026/10/09 00:39:04.808, 1, NVIDIA GB300, 402.19 W, 245346 MiB, 100 %
2026/10/09 00:39:05.808, 0, NVIDIA RTX PRO 6000 Blackwell Max-Q Workstation Edition, 18.70 W, 47 MiB, 0 %
2026/10/09 00:39:05.808, 1, NVIDIA GB300, 403.24 W, 245346 MiB, 100 %
2026/10/09 00:39:06.809, 0, NVIDIA RTX PRO 6000 Blackwell Max-Q Workstation Edition, 18.54 W, 47 MiB, 0 %
2026/10/09 00:39:06.809, 1, NVIDIA GB300, 398.27 W, 245346 MiB, 100 %
2026/10/09 00:39:07.809, 0, NVIDIA RTX PRO 6000 Blackwell Max-Q Workstation Edition, 19.64 W, 47 MiB, 0 %
2026/10/09 00:39:07.809, 1, NVIDIA GB300, 436.84 W, 245346 MiB, 100 %
2026/10/09 00:39:08.809, 0, NVIDIA RTX PRO 6000 Blackwell Max-Q Workstation Edition, 23.18 W, 47 MiB, 0 %
2026/10/09 00:39:08.809, 1, NVIDIA GB300, 346.86 W, 245346 MiB, 100 %
2026/10/09 00:39:09.809, 0, NVIDIA RTX PRO 6000 Blackwell Max-Q Workstation Edition, 18.68 W, 47 MiB, 0 %
2026/10/09 00:39:09.809, 1, NVIDIA GB300, 347.35 W, 245346 MiB, 100 %
2026/10/09 00:39:10.809, 0, NVIDIA RTX PRO 6000 Blackwell Max-Q Workstation Edition, 18.78 W, 47 MiB, 0 %
2026/10/09 00:39:10.809, 1, NVIDIA GB300, 347.90 W, 245346 MiB, 100 %
2026/10/09 00:39:11.810, 0, NVIDIA RTX PRO 6000 Blackwell Max-Q Workstation Edition, 18.64 W, 47 MiB, 0 %
2026/10/09 00:39:11.810, 1, NVIDIA GB300, 360.76 W, 245346 MiB, 100 %
2026/10/09 00:39:12.810, 0, NVIDIA RTX PRO 6000 Blackwell Max-Q Workstation Edition, 18.38 W, 47 MiB, 0 %
2026/10/09 00:39:12.810, 1, NVIDIA GB300, 360.27 W, 245346 MiB, 100 %
2026/10/09 00:39:13.810, 0, NVIDIA RTX PRO 6000 Blackwell Max-Q Workstation Edition, 18.42 W, 47 MiB, 0 %
2026/10/09 00:39:13.810, 1, NVIDIA GB300, 458.65 W, 245346 MiB, 100 %
2026/10/09 00:39:14.810, 0, NVIDIA RTX PRO 6000 Blackwell Max-Q Workstation Edition, 18.48 W, 47 MiB, 0 %
2026/10/09 00:39:14.810, 1, NVIDIA GB300, 401.61 W, 245346 MiB, 100 %
2026/10/09 00:39:15.810, 0, NVIDIA RTX PRO 6000 Blackwell Max-Q Workstation Edition, 22.99 W, 47 MiB, 0 %
2026/10/09 00:39:15.810, 1, NVIDIA GB300, 394.33 W, 245346 MiB, 100 %
2026/10/09 00:39:16.811, 0, NVIDIA RTX PRO 6000 Blackwell Max-Q Workstation Edition, 18.68 W, 47 MiB, 0 %
2026/10/09 00:39:16.811, 1, NVIDIA GB300, 402.58 W, 245346 MiB, 100 %
2026/10/09 00:39:17.811, 0, NVIDIA RTX PRO 6000 Blackwell Max-Q Workstation Edition, 18.53 W, 47 MiB, 0 %
2026/10/09 00:39:17.811, 1, NVIDIA GB300, 473.44 W, 245346 MiB, 100 %
2026/10/09 00:39:18.811, 0, NVIDIA RTX PRO 6000 Blackwell Max-Q Workstation Edition, 18.42 W, 47 MiB, 0 %
2026/10/09 00:39:18.811, 1, NVIDIA GB300, 400.61 W, 245346 MiB, 100 %
2026/10/09 00:39:19.811, 0, NVIDIA RTX PRO 6000 Blackwell Max-Q Workstation Edition, 18.55 W, 47 MiB, 0 %
2026/10/09 00:39:19.811, 1, NVIDIA GB300, 394.56 W, 245346 MiB, 100 %
2026/10/09 00:39:20.811, 0, NVIDIA RTX PRO 6000 Blackwell Max-Q Workstation Edition, 18.74 W, 47 MiB, 0 %
2026/10/09 00:39:20.811, 1, NVIDIA GB300, 451.20 W, 245346 MiB, 100 %
2026/10/09 00:39:21.812, 0, NVIDIA RTX PRO 6000 Blackwell Max-Q Workstation Edition, 18.89 W, 47 MiB, 0 %
2026/10/09 00:39:21.812, 1, NVIDIA GB300, 335.06 W, 245346 MiB, 100 %
2026/10/09 00:39:22.812, 0, NVIDIA RTX PRO 6000 Blackwell Max-Q Workstation Edition, 23.38 W, 47 MiB, 0 %
2026/10/09 00:39:22.812, 1, NVIDIA GB300, 350.71 W, 245346 MiB, 100 %
2026/10/09 00:39:23.812, 0, NVIDIA RTX PRO 6000 Blackwell Max-Q Workstation Edition, 23.50 W, 47 MiB, 0 %
2026/10/09 00:39:23.812, 1, NVIDIA GB300, 350.76 W, 245346 MiB, 100 %
2026/10/09 00:39:24.812, 0, NVIDIA RTX PRO 6000 Blackwell Max-Q Workstation Edition, 19.44 W, 47 MiB, 0 %
2026/10/09 00:39:24.812, 1, NVIDIA GB300, 376.34 W, 245346 MiB, 100 %
2026/10/09 00:39:25.812, 0, NVIDIA RTX PRO 6000 Blackwell Max-Q Workstation Edition, 18.84 W, 47 MiB, 0 %
2026/10/09 00:39:25.812, 1, NVIDIA GB300, 379.21 W, 245346 MiB, 100 %
2026/10/09 00:39:26.812, 0, NVIDIA RTX PRO 6000 Blackwell Max-Q Workstation Edition, 18.64 W, 47 MiB, 0 %
2026/10/09 00:39:26.813, 1, NVIDIA GB300, 321.84 W, 245346 MiB, 0 %
2026/10/09 00:39:27.813, 0, NVIDIA RTX PRO 6000 Blackwell Max-Q Workstation Edition, 18.69 W, 47 MiB, 0 %
2026/10/09 00:39:27.813, 1, NVIDIA GB300, 211.10 W, 245346 MiB, 0 %
2026/10/09 00:39:28.813, 0, NVIDIA RTX PRO 6000 Blackwell Max-Q Workstation Edition, 19.46 W, 47 MiB, 0 %
2026/10/09 00:39:28.813, 1, NVIDIA GB300, 211.10 W, 245346 MiB, 0 %
2026/10/09 00:39:29.813, 0, NVIDIA RTX PRO 6000 Blackwell Max-Q Workstation Edition, 21.23 W, 47 MiB, 0 %
2026/10/09 00:39:29.813, 1, NVIDIA GB300, 211.09 W, 245346 MiB, 0 %
2026/10/09 00:39:30.813, 0, NVIDIA RTX PRO 6000 Blackwell Max-Q Workstation Edition, 23.50 W, 47 MiB, 0 %
2026/10/09 00:39:30.813, 1, NVIDIA GB300, 211.10 W, 245346 MiB, 0 %
2026/10/09 00:39:31.813, 0, NVIDIA RTX PRO 6000 Blackwell Max-Q Workstation Edition, 19.36 W, 47 MiB, 0 %
2026/10/09 00:39:31.813, 1, NVIDIA GB300, 211.11 W, 245346 MiB, 0 %
2026/10/09 00:39:32.813, 0, NVIDIA RTX PRO 6000 Blackwell Max-Q Workstation Edition, 19.43 W, 47 MiB, 0 %
2026/10/09 00:39:32.814, 1, NVIDIA GB300, 211.10 W, 245346 MiB, 0 %
2026/10/09 00:39:33.814, 0, NVIDIA RTX PRO 6000 Blackwell Max-Q Workstation Edition, 19.51 W, 47 MiB, 0 %
2026/10/09 00:39:33.814, 1, NVIDIA GB300, 211.06 W, 245346 MiB, 0 %
2026/10/09 00:39:34.814, 0, NVIDIA RTX PRO 6000 Blackwell Max-Q Workstation Edition, 19.48 W, 47 MiB, 0 %
2026/10/09 00:39:34.814, 1, NVIDIA GB300, 210.95 W, 245346 MiB, 0 %
2026/10/09 00:39:35.814, 0, NVIDIA RTX PRO 6000 Blackwell Max-Q Workstation Edition, 19.75 W, 47 MiB, 0 %
2026/10/09 00:39:35.814, 1, NVIDIA GB300, 211.06 W, 245346 MiB, 0 %
2026/10/09 00:39:36.814, 0, NVIDIA RTX PRO 6000 Blackwell Max-Q Workstation Edition, 20.90 W, 47 MiB, 0 %
2026/10/09 00:39:36.814, 1, NVIDIA GB300, 388.83 W, 245346 MiB, 100 %
2026/10/09 00:39:37.814, 0, NVIDIA RTX PRO 6000 Blackwell Max-Q Workstation Edition, 22.98 W, 47 MiB, 0 %
2026/10/09 00:39:37.815, 1, NVIDIA GB300, 233.94 W, 245346 MiB, 0 %
2026/10/09 00:39:38.815, 0, NVIDIA RTX PRO 6000 Blackwell Max-Q Workstation Edition, 19.55 W, 47 MiB, 0 %
2026/10/09 00:39:38.815, 1, NVIDIA GB300, 211.09 W, 245346 MiB, 0 %
2026/10/09 00:39:39.815, 0, NVIDIA RTX PRO 6000 Blackwell Max-Q Workstation Edition, 19.53 W, 47 MiB, 0 %
2026/10/09 00:39:39.815, 1, NVIDIA GB300, 211.13 W, 245346 MiB, 0 %
2026/10/09 00:39:40.815, 0, NVIDIA RTX PRO 6000 Blackwell Max-Q Workstation Edition, 19.57 W, 47 MiB, 0 %
2026/10/09 00:39:40.815, 1, NVIDIA GB300, 211.10 W, 245346 MiB, 0 %
2026/10/09 00:39:41.815, 0, NVIDIA RTX PRO 6000 Blackwell Max-Q Workstation Edition, 19.50 W, 47 MiB, 0 %
2026/10/09 00:39:41.815, 1, NVIDIA GB300, 211.11 W, 245346 MiB, 0 %
2026/10/09 00:39:42.815, 0, NVIDIA RTX PRO 6000 Blackwell Max-Q Workstation Edition, 19.54 W, 47 MiB, 0 %
2026/10/09 00:39:42.815, 1, NVIDIA GB300, 211.06 W, 245346 MiB, 0 %
2026/10/09 00:39:43.816, 0, NVIDIA RTX PRO 6000 Blackwell Max-Q Workstation Edition, 20.64 W, 47 MiB, 0 %
2026/10/09 00:39:43.816, 1, NVIDIA GB300, 211.05 W, 245346 MiB, 0 %
2026/10/09 00:39:44.816, 0, NVIDIA RTX PRO 6000 Blackwell Max-Q Workstation Edition, 23.23 W, 47 MiB, 0 %
2026/10/09 00:39:44.816, 1, NVIDIA GB300, 211.10 W, 245346 MiB, 0 %
2026/10/09 00:39:45.816, 0, NVIDIA RTX PRO 6000 Blackwell Max-Q Workstation Edition, 19.49 W, 47 MiB, 0 %
2026/10/09 00:39:45.816, 1, NVIDIA GB300, 210.97 W, 245346 MiB, 0 %
2026/10/09 00:39:46.816, 0, NVIDIA RTX PRO 6000 Blackwell Max-Q Workstation Edition, 19.50 W, 47 MiB, 0 %
2026/10/09 00:39:46.816, 1, NVIDIA GB300, 222.93 W, 245346 MiB, 39 %
2026/10/09 00:39:47.816, 0, NVIDIA RTX PRO 6000 Blackwell Max-Q Workstation Edition, 19.50 W, 47 MiB, 0 %
2026/10/09 00:39:47.817, 1, NVIDIA GB300, 426.08 W, 245346 MiB, 100 %
2026/10/09 00:39:48.817, 0, NVIDIA RTX PRO 6000 Blackwell Max-Q Workstation Edition, 18.67 W, 47 MiB, 0 %
2026/10/09 00:39:48.817, 1, NVIDIA GB300, 330.82 W, 245346 MiB, 100 %
2026/10/09 00:39:49.817, 0, NVIDIA RTX PRO 6000 Blackwell Max-Q Workstation Edition, 18.61 W, 47 MiB, 0 %
2026/10/09 00:39:49.817, 1, NVIDIA GB300, 329.46 W, 245346 MiB, 100 %
2026/10/09 00:39:50.817, 0, NVIDIA RTX PRO 6000 Blackwell Max-Q Workstation Edition, 19.33 W, 47 MiB, 0 %
2026/10/09 00:39:50.817, 1, NVIDIA GB300, 329.40 W, 245346 MiB, 100 %
2026/10/09 00:39:51.817, 0, NVIDIA RTX PRO 6000 Blackwell Max-Q Workstation Edition, 22.87 W, 47 MiB, 0 %
2026/10/09 00:39:51.817, 1, NVIDIA GB300, 335.97 W, 245346 MiB, 100 %
2026/10/09 00:39:52.817, 0, NVIDIA RTX PRO 6000 Blackwell Max-Q Workstation Edition, 18.49 W, 47 MiB, 0 %
2026/10/09 00:39:52.818, 1, NVIDIA GB300, 330.09 W, 245346 MiB, 100 %
2026/10/09 00:39:53.818, 0, NVIDIA RTX PRO 6000 Blackwell Max-Q Workstation Edition, 18.70 W, 47 MiB, 0 %
2026/10/09 00:39:53.818, 1, NVIDIA GB300, 328.84 W, 245346 MiB, 100 %
2026/10/09 00:39:54.818, 0, NVIDIA RTX PRO 6000 Blackwell Max-Q Workstation Edition, 18.82 W, 47 MiB, 0 %
2026/10/09 00:39:54.818, 1, NVIDIA GB300, 330.07 W, 245346 MiB, 100 %
2026/10/09 00:39:55.818, 0, NVIDIA RTX PRO 6000 Blackwell Max-Q Workstation Edition, 18.86 W, 47 MiB, 0 %
2026/10/09 00:39:55.818, 1, NVIDIA GB300, 332.61 W, 245346 MiB, 100 %
2026/10/09 00:39:56.818, 0, NVIDIA RTX PRO 6000 Blackwell Max-Q Workstation Edition, 19.06 W, 47 MiB, 0 %
2026/10/09 00:39:56.818, 1, NVIDIA GB300, 466.21 W, 245346 MiB, 100 %
2026/10/09 00:39:57.818, 0, NVIDIA RTX PRO 6000 Blackwell Max-Q Workstation Edition, 19.19 W, 47 MiB, 0 %
2026/10/09 00:39:57.819, 1, NVIDIA GB300, 402.51 W, 245346 MiB, 100 %
2026/10/09 00:39:58.819, 0, NVIDIA RTX PRO 6000 Blackwell Max-Q Workstation Edition, 23.76 W, 47 MiB, 0 %
2026/10/09 00:39:58.819, 1, NVIDIA GB300, 397.54 W, 245346 MiB, 100 %
2026/10/09 00:39:59.819, 0, NVIDIA RTX PRO 6000 Blackwell Max-Q Workstation Edition, 19.17 W, 47 MiB, 0 %
2026/10/09 00:39:59.819, 1, NVIDIA GB300, 475.84 W, 245346 MiB, 100 %
2026/10/09 00:40:00.819, 0, NVIDIA RTX PRO 6000 Blackwell Max-Q Workstation Edition, 18.73 W, 47 MiB, 0 %
2026/10/09 00:40:00.819, 1, NVIDIA GB300, 408.80 W, 245346 MiB, 100 %
2026/10/09 00:40:01.819, 0, NVIDIA RTX PRO 6000 Blackwell Max-Q Workstation Edition, 18.77 W, 47 MiB, 0 %
2026/10/09 00:40:01.819, 1, NVIDIA GB300, 401.88 W, 245346 MiB, 100 %
2026/10/09 00:40:02.819, 0, NVIDIA RTX PRO 6000 Blackwell Max-Q Workstation Edition, 18.55 W, 47 MiB, 0 %
2026/10/09 00:40:02.819, 1, NVIDIA GB300, 425.99 W, 245346 MiB, 79 %
2026/10/09 00:40:03.819, 0, NVIDIA RTX PRO 6000 Blackwell Max-Q Workstation Edition, 18.73 W, 47 MiB, 0 %
2026/10/09 00:40:03.820, 1, NVIDIA GB300, 461.59 W, 245346 MiB, 100 %
2026/10/09 00:40:04.820, 0, NVIDIA RTX PRO 6000 Blackwell Max-Q Workstation Edition, 18.71 W, 47 MiB, 0 %
2026/10/09 00:40:04.820, 1, NVIDIA GB300, 405.39 W, 245346 MiB, 100 %
2026/10/09 00:40:05.820, 0, NVIDIA RTX PRO 6000 Blackwell Max-Q Workstation Edition, 22.86 W, 47 MiB, 0 %
2026/10/09 00:40:05.820, 1, NVIDIA GB300, 402.76 W, 245346 MiB, 100 %
2026/10/09 00:40:06.820, 0, NVIDIA RTX PRO 6000 Blackwell Max-Q Workstation Edition, 22.97 W, 47 MiB, 0 %
2026/10/09 00:40:06.820, 1, NVIDIA GB300, 461.51 W, 245346 MiB, 100 %
2026/10/09 00:40:07.820, 0, NVIDIA RTX PRO 6000 Blackwell Max-Q Workstation Edition, 18.86 W, 47 MiB, 0 %
2026/10/09 00:40:07.820, 1, NVIDIA GB300, 389.19 W, 245346 MiB, 100 %
2026/10/09 00:40:08.820, 0, NVIDIA RTX PRO 6000 Blackwell Max-Q Workstation Edition, 18.79 W, 47 MiB, 0 %
2026/10/09 00:40:08.820, 1, NVIDIA GB300, 390.98 W, 245346 MiB, 100 %
2026/10/09 00:40:09.820, 0, NVIDIA RTX PRO 6000 Blackwell Max-Q Workstation Edition, 18.66 W, 47 MiB, 0 %
2026/10/09 00:40:09.820, 1, NVIDIA GB300, 394.01 W, 245346 MiB, 100 %
2026/10/09 00:40:10.820, 0, NVIDIA RTX PRO 6000 Blackwell Max-Q Workstation Edition, 18.65 W, 47 MiB, 0 %
2026/10/09 00:40:10.820, 1, NVIDIA GB300, 278.52 W, 245346 MiB, 0 %
2026/10/09 00:40:11.820, 0, NVIDIA RTX PRO 6000 Blackwell Max-Q Workstation Edition, 18.68 W, 47 MiB, 0 %
2026/10/09 00:40:11.820, 1, NVIDIA GB300, 211.10 W, 245346 MiB, 0 %
2026/10/09 00:40:12.821, 0, NVIDIA RTX PRO 6000 Blackwell Max-Q Workstation Edition, 21.07 W, 47 MiB, 0 %
2026/10/09 00:40:12.821, 1, NVIDIA GB300, 211.09 W, 245346 MiB, 0 %
2026/10/09 00:40:13.821, 0, NVIDIA RTX PRO 6000 Blackwell Max-Q Workstation Edition, 23.50 W, 47 MiB, 0 %
2026/10/09 00:40:13.821, 1, NVIDIA GB300, 211.09 W, 245346 MiB, 0 %
2026/10/09 00:40:14.821, 0, NVIDIA RTX PRO 6000 Blackwell Max-Q Workstation Edition, 19.44 W, 47 MiB, 0 %
2026/10/09 00:40:14.821, 1, NVIDIA GB300, 211.09 W, 245346 MiB, 0 %
2026/10/09 00:40:15.821, 0, NVIDIA RTX PRO 6000 Blackwell Max-Q Workstation Edition, 19.17 W, 47 MiB, 0 %
2026/10/09 00:40:15.821, 1, NVIDIA GB300, 211.09 W, 245346 MiB, 0 %
2026/10/09 00:40:16.821, 0, NVIDIA RTX PRO 6000 Blackwell Max-Q Workstation Edition, 19.33 W, 47 MiB, 0 %
2026/10/09 00:40:16.821, 1, NVIDIA GB300, 211.10 W, 245346 MiB, 0 %
2026/10/09 00:40:17.821, 0, NVIDIA RTX PRO 6000 Blackwell Max-Q Workstation Edition, 19.25 W, 47 MiB, 0 %
2026/10/09 00:40:17.821, 1, NVIDIA GB300, 211.09 W, 245346 MiB, 0 %
2026/10/09 00:40:18.821, 0, NVIDIA RTX PRO 6000 Blackwell Max-Q Workstation Edition, 19.05 W, 47 MiB, 0 %
2026/10/09 00:40:18.822, 1, NVIDIA GB300, 211.10 W, 245346 MiB, 0 %
2026/10/09 00:40:19.822, 0, NVIDIA RTX PRO 6000 Blackwell Max-Q Workstation Edition, 20.46 W, 47 MiB, 0 %
2026/10/09 00:40:19.822, 1, NVIDIA GB300, 211.09 W, 245346 MiB, 0 %
2026/10/09 00:40:20.822, 0, NVIDIA RTX PRO 6000 Blackwell Max-Q Workstation Edition, 23.29 W, 47 MiB, 0 %
2026/10/09 00:40:20.822, 1, NVIDIA GB300, 608.32 W, 245868 MiB, 100 %
2026/10/09 00:40:21.822, 0, NVIDIA RTX PRO 6000 Blackwell Max-Q Workstation Edition, 18.63 W, 47 MiB, 0 %
2026/10/09 00:40:21.822, 1, NVIDIA GB300, 460.35 W, 245868 MiB, 100 %
2026/10/09 00:40:22.822, 0, NVIDIA RTX PRO 6000 Blackwell Max-Q Workstation Edition, 17.93 W, 47 MiB, 0 %
2026/10/09 00:40:22.822, 1, NVIDIA GB300, 309.85 W, 245868 MiB, 0 %
2026/10/09 00:40:23.822, 0, NVIDIA RTX PRO 6000 Blackwell Max-Q Workstation Edition, 18.37 W, 47 MiB, 0 %
2026/10/09 00:40:23.822, 1, NVIDIA GB300, 211.14 W, 245868 MiB, 0 %
2026/10/09 00:40:24.823, 0, NVIDIA RTX PRO 6000 Blackwell Max-Q Workstation Edition, 19.07 W, 47 MiB, 0 %
2026/10/09 00:40:24.823, 1, NVIDIA GB300, 211.09 W, 245868 MiB, 0 %
2026/10/09 00:40:25.823, 0, NVIDIA RTX PRO 6000 Blackwell Max-Q Workstation Edition, 19.32 W, 47 MiB, 0 %
2026/10/09 00:40:25.823, 1, NVIDIA GB300, 211.09 W, 245868 MiB, 0 %
2026/10/09 00:40:26.823, 0, NVIDIA RTX PRO 6000 Blackwell Max-Q Workstation Edition, 20.57 W, 47 MiB, 0 %
2026/10/09 00:40:26.823, 1, NVIDIA GB300, 211.10 W, 245868 MiB, 0 %
2026/10/09 00:40:27.823, 0, NVIDIA RTX PRO 6000 Blackwell Max-Q Workstation Edition, 23.42 W, 47 MiB, 0 %
2026/10/09 00:40:27.823, 1, NVIDIA GB300, 211.10 W, 245868 MiB, 0 %
2026/10/09 00:40:28.823, 0, NVIDIA RTX PRO 6000 Blackwell Max-Q Workstation Edition, 19.27 W, 47 MiB, 0 %
2026/10/09 00:40:28.823, 1, NVIDIA GB300, 211.10 W, 245868 MiB, 0 %
2026/10/09 00:40:29.823, 0, NVIDIA RTX PRO 6000 Blackwell Max-Q Workstation Edition, 19.24 W, 47 MiB, 0 %
2026/10/09 00:40:29.823, 1, NVIDIA GB300, 211.10 W, 245868 MiB, 0 %
2026/10/09 00:40:30.823, 0, NVIDIA RTX PRO 6000 Blackwell Max-Q Workstation Edition, 19.17 W, 47 MiB, 0 %
2026/10/09 00:40:30.823, 1, NVIDIA GB300, 211.11 W, 245868 MiB, 0 %
2026/10/09 00:40:31.823, 0, NVIDIA RTX PRO 6000 Blackwell Max-Q Workstation Edition, 19.21 W, 47 MiB, 0 %
2026/10/09 00:40:31.823, 1, NVIDIA GB300, 211.10 W, 245868 MiB, 0 %
2026/10/09 00:40:32.823, 0, NVIDIA RTX PRO 6000 Blackwell Max-Q Workstation Edition, 19.27 W, 47 MiB, 0 %
2026/10/09 00:40:32.823, 1, NVIDIA GB300, 211.11 W, 245868 MiB, 0 %
2026/10/09 00:40:33.823, 0, NVIDIA RTX PRO 6000 Blackwell Max-Q Workstation Edition, 20.49 W, 47 MiB, 0 %
2026/10/09 00:40:33.823, 1, NVIDIA GB300, 211.05 W, 245868 MiB, 0 %
2026/10/09 00:40:34.824, 0, NVIDIA RTX PRO 6000 Blackwell Max-Q Workstation Edition, 23.77 W, 47 MiB, 0 %
2026/10/09 00:40:34.824, 1, NVIDIA GB300, 210.98 W, 245868 MiB, 0 %
2026/10/09 00:40:35.824, 0, NVIDIA RTX PRO 6000 Blackwell Max-Q Workstation Edition, 19.74 W, 47 MiB, 0 %
2026/10/09 00:40:35.824, 1, NVIDIA GB300, 210.99 W, 245868 MiB, 0 %
2026/10/09 00:40:36.824, 0, NVIDIA RTX PRO 6000 Blackwell Max-Q Workstation Edition, 19.58 W, 47 MiB, 0 %
2026/10/09 00:40:36.824, 1, NVIDIA GB300, 210.83 W, 245868 MiB, 0 %
2026/10/09 00:40:37.824, 0, NVIDIA RTX PRO 6000 Blackwell Max-Q Workstation Edition, 19.15 W, 47 MiB, 0 %
2026/10/09 00:40:37.824, 1, NVIDIA GB300, 591.60 W, 245868 MiB, 100 %
2026/10/09 00:40:38.824, 0, NVIDIA RTX PRO 6000 Blackwell Max-Q Workstation Edition, 18.89 W, 47 MiB, 0 %
2026/10/09 00:40:38.824, 1, NVIDIA GB300, 650.44 W, 245868 MiB, 100 %
2026/10/09 00:40:39.824, 0, NVIDIA RTX PRO 6000 Blackwell Max-Q Workstation Edition, 18.08 W, 47 MiB, 0 %
2026/10/09 00:40:39.824, 1, NVIDIA GB300, 680.22 W, 245868 MiB, 100 %
2026/10/09 00:40:40.824, 0, NVIDIA RTX PRO 6000 Blackwell Max-Q Workstation Edition, 18.89 W, 47 MiB, 0 %
2026/10/09 00:40:40.824, 1, NVIDIA GB300, 681.16 W, 245868 MiB, 100 %
2026/10/09 00:40:41.824, 0, NVIDIA RTX PRO 6000 Blackwell Max-Q Workstation Edition, 22.73 W, 47 MiB, 0 %
2026/10/09 00:40:41.824, 1, NVIDIA GB300, 644.30 W, 245868 MiB, 100 %
2026/10/09 00:40:42.825, 0, NVIDIA RTX PRO 6000 Blackwell Max-Q Workstation Edition, 18.08 W, 47 MiB, 0 %
2026/10/09 00:40:42.825, 1, NVIDIA GB300, 421.17 W, 245868 MiB, 100 %
2026/10/09 00:40:43.825, 0, NVIDIA RTX PRO 6000 Blackwell Max-Q Workstation Edition, 17.83 W, 47 MiB, 0 %
2026/10/09 00:40:43.825, 1, NVIDIA GB300, 381.89 W, 245868 MiB, 100 %
2026/10/09 00:40:44.825, 0, NVIDIA RTX PRO 6000 Blackwell Max-Q Workstation Edition, 17.44 W, 47 MiB, 0 %
2026/10/09 00:40:44.825, 1, NVIDIA GB300, 385.44 W, 245868 MiB, 100 %
2026/10/09 00:40:45.825, 0, NVIDIA RTX PRO 6000 Blackwell Max-Q Workstation Edition, 17.68 W, 47 MiB, 0 %
2026/10/09 00:40:45.825, 1, NVIDIA GB300, 389.28 W, 245868 MiB, 100 %
2026/10/09 00:40:46.825, 0, NVIDIA RTX PRO 6000 Blackwell Max-Q Workstation Edition, 17.75 W, 47 MiB, 0 %
2026/10/09 00:40:46.825, 1, NVIDIA GB300, 389.34 W, 245868 MiB, 100 %
2026/10/09 00:40:47.825, 0, NVIDIA RTX PRO 6000 Blackwell Max-Q Workstation Edition, 17.78 W, 47 MiB, 0 %
2026/10/09 00:40:47.825, 1, NVIDIA GB300, 392.13 W, 245868 MiB, 100 %
2026/10/09 00:40:48.825, 0, NVIDIA RTX PRO 6000 Blackwell Max-Q Workstation Edition, 22.36 W, 47 MiB, 0 %
2026/10/09 00:40:48.825, 1, NVIDIA GB300, 384.24 W, 245868 MiB, 100 %
2026/10/09 00:40:49.825, 0, NVIDIA RTX PRO 6000 Blackwell Max-Q Workstation Edition, 17.75 W, 47 MiB, 0 %
2026/10/09 00:40:49.825, 1, NVIDIA GB300, 392.06 W, 245868 MiB, 100 %
2026/10/09 00:40:50.826, 0, NVIDIA RTX PRO 6000 Blackwell Max-Q Workstation Edition, 17.75 W, 47 MiB, 0 %
2026/10/09 00:40:50.826, 1, NVIDIA GB300, 388.48 W, 245868 MiB, 100 %
2026/10/09 00:40:51.826, 0, NVIDIA RTX PRO 6000 Blackwell Max-Q Workstation Edition, 17.78 W, 47 MiB, 0 %
2026/10/09 00:40:51.826, 1, NVIDIA GB300, 388.96 W, 245868 MiB, 100 %
2026/10/09 00:40:52.826, 0, NVIDIA RTX PRO 6000 Blackwell Max-Q Workstation Edition, 18.00 W, 47 MiB, 0 %
2026/10/09 00:40:52.826, 1, NVIDIA GB300, 389.26 W, 245868 MiB, 100 %
2026/10/09 00:40:53.826, 0, NVIDIA RTX PRO 6000 Blackwell Max-Q Workstation Edition, 17.87 W, 47 MiB, 0 %
2026/10/09 00:40:53.826, 1, NVIDIA GB300, 396.50 W, 245868 MiB, 100 %
2026/10/09 00:40:54.826, 0, NVIDIA RTX PRO 6000 Blackwell Max-Q Workstation Edition, 18.00 W, 47 MiB, 0 %
2026/10/09 00:40:54.826, 1, NVIDIA GB300, 390.28 W, 245868 MiB, 100 %
2026/10/09 00:40:55.826, 0, NVIDIA RTX PRO 6000 Blackwell Max-Q Workstation Edition, 20.17 W, 47 MiB, 0 %
2026/10/09 00:40:55.826, 1, NVIDIA GB300, 387.01 W, 245868 MiB, 100 %
2026/10/09 00:40:56.826, 0, NVIDIA RTX PRO 6000 Blackwell Max-Q Workstation Edition, 22.60 W, 47 MiB, 0 %
2026/10/09 00:40:56.826, 1, NVIDIA GB300, 388.64 W, 245868 MiB, 100 %
2026/10/09 00:40:57.826, 0, NVIDIA RTX PRO 6000 Blackwell Max-Q Workstation Edition, 18.14 W, 47 MiB, 0 %
2026/10/09 00:40:57.826, 1, NVIDIA GB300, 385.42 W, 245868 MiB, 100 %
2026/10/09 00:40:58.826, 0, NVIDIA RTX PRO 6000 Blackwell Max-Q Workstation Edition, 18.00 W, 47 MiB, 0 %
2026/10/09 00:40:58.826, 1, NVIDIA GB300, 386.34 W, 245868 MiB, 100 %
2026/10/09 00:40:59.826, 0, NVIDIA RTX PRO 6000 Blackwell Max-Q Workstation Edition, 17.82 W, 47 MiB, 0 %
2026/10/09 00:40:59.826, 1, NVIDIA GB300, 384.09 W, 245868 MiB, 100 %
2026/10/09 00:41:00.827, 0, NVIDIA RTX PRO 6000 Blackwell Max-Q Workstation Edition, 17.91 W, 47 MiB, 0 %
2026/10/09 00:41:00.827, 1, NVIDIA GB300, 446.27 W, 245868 MiB, 100 %
2026/10/09 00:41:01.827, 0, NVIDIA RTX PRO 6000 Blackwell Max-Q Workstation Edition, 17.89 W, 47 MiB, 0 %
2026/10/09 00:41:01.827, 1, NVIDIA GB300, 617.05 W, 245868 MiB, 98 %
2026/10/09 00:41:02.827, 0, NVIDIA RTX PRO 6000 Blackwell Max-Q Workstation Edition, 20.39 W, 47 MiB, 0 %
2026/10/09 00:41:02.827, 1, NVIDIA GB300, 660.70 W, 245868 MiB, 100 %
2026/10/09 00:41:03.827, 0, NVIDIA RTX PRO 6000 Blackwell Max-Q Workstation Edition, 23.16 W, 47 MiB, 0 %
2026/10/09 00:41:03.827, 1, NVIDIA GB300, 595.42 W, 245868 MiB, 100 %
2026/10/09 00:41:04.827, 0, NVIDIA RTX PRO 6000 Blackwell Max-Q Workstation Edition, 18.92 W, 47 MiB, 0 %
2026/10/09 00:41:04.827, 1, NVIDIA GB300, 642.83 W, 245868 MiB, 100 %
2026/10/09 00:41:05.827, 0, NVIDIA RTX PRO 6000 Blackwell Max-Q Workstation Edition, 18.55 W, 47 MiB, 0 %
2026/10/09 00:41:05.827, 1, NVIDIA GB300, 489.33 W, 245868 MiB, 100 %
2026/10/09 00:41:06.827, 0, NVIDIA RTX PRO 6000 Blackwell Max-Q Workstation Edition, 18.40 W, 47 MiB, 0 %
2026/10/09 00:41:06.827, 1, NVIDIA GB300, 451.21 W, 245868 MiB, 100 %
2026/10/09 00:41:07.827, 0, NVIDIA RTX PRO 6000 Blackwell Max-Q Workstation Edition, 18.25 W, 47 MiB, 0 %
2026/10/09 00:41:07.827, 1, NVIDIA GB300, 421.42 W, 245868 MiB, 100 %
2026/10/09 00:41:08.827, 0, NVIDIA RTX PRO 6000 Blackwell Max-Q Workstation Edition, 18.29 W, 47 MiB, 0 %
2026/10/09 00:41:08.827, 1, NVIDIA GB300, 478.02 W, 245868 MiB, 100 %
2026/10/09 00:41:09.827, 0, NVIDIA RTX PRO 6000 Blackwell Max-Q Workstation Edition, 19.67 W, 47 MiB, 0 %
2026/10/09 00:41:09.827, 1, NVIDIA GB300, 383.84 W, 245868 MiB, 100 %
2026/10/09 00:41:10.827, 0, NVIDIA RTX PRO 6000 Blackwell Max-Q Workstation Edition, 22.27 W, 47 MiB, 0 %
2026/10/09 00:41:10.827, 1, NVIDIA GB300, 388.22 W, 245868 MiB, 100 %
2026/10/09 00:41:11.827, 0, NVIDIA RTX PRO 6000 Blackwell Max-Q Workstation Edition, 17.87 W, 47 MiB, 0 %
2026/10/09 00:41:11.827, 1, NVIDIA GB300, 387.60 W, 245868 MiB, 100 %
2026/10/09 00:41:12.828, 0, NVIDIA RTX PRO 6000 Blackwell Max-Q Workstation Edition, 17.71 W, 47 MiB, 0 %
2026/10/09 00:41:12.828, 1, NVIDIA GB300, 390.06 W, 245868 MiB, 100 %
2026/10/09 00:41:13.828, 0, NVIDIA RTX PRO 6000 Blackwell Max-Q Workstation Edition, 17.65 W, 47 MiB, 0 %
2026/10/09 00:41:13.828, 1, NVIDIA GB300, 387.84 W, 245868 MiB, 100 %
2026/10/09 00:41:14.828, 0, NVIDIA RTX PRO 6000 Blackwell Max-Q Workstation Edition, 17.71 W, 47 MiB, 0 %
2026/10/09 00:41:14.828, 1, NVIDIA GB300, 385.00 W, 245868 MiB, 100 %
2026/10/09 00:41:15.828, 0, NVIDIA RTX PRO 6000 Blackwell Max-Q Workstation Edition, 17.83 W, 47 MiB, 0 %
2026/10/09 00:41:15.828, 1, NVIDIA GB300, 390.94 W, 245868 MiB, 100 %
2026/10/09 00:41:16.828, 0, NVIDIA RTX PRO 6000 Blackwell Max-Q Workstation Edition, 18.93 W, 47 MiB, 0 %
2026/10/09 00:41:16.828, 1, NVIDIA GB300, 454.39 W, 245868 MiB, 100 %
2026/10/09 00:41:17.828, 0, NVIDIA RTX PRO 6000 Blackwell Max-Q Workstation Edition, 22.34 W, 47 MiB, 0 %
2026/10/09 00:41:17.828, 1, NVIDIA GB300, 430.06 W, 245868 MiB, 100 %
2026/10/09 00:41:18.828, 0, NVIDIA RTX PRO 6000 Blackwell Max-Q Workstation Edition, 17.76 W, 47 MiB, 0 %
2026/10/09 00:41:18.828, 1, NVIDIA GB300, 411.88 W, 245868 MiB, 100 %
2026/10/09 00:41:19.828, 0, NVIDIA RTX PRO 6000 Blackwell Max-Q Workstation Edition, 17.65 W, 47 MiB, 0 %
2026/10/09 00:41:19.828, 1, NVIDIA GB300, 412.38 W, 245868 MiB, 100 %
2026/10/09 00:41:20.828, 0, NVIDIA RTX PRO 6000 Blackwell Max-Q Workstation Edition, 17.90 W, 47 MiB, 0 %
2026/10/09 00:41:20.828, 1, NVIDIA GB300, 411.85 W, 245868 MiB, 100 %
2026/10/09 00:41:21.829, 0, NVIDIA RTX PRO 6000 Blackwell Max-Q Workstation Edition, 17.83 W, 47 MiB, 0 %
2026/10/09 00:41:21.829, 1, NVIDIA GB300, 402.80 W, 245868 MiB, 100 %
2026/10/09 00:41:22.829, 0, NVIDIA RTX PRO 6000 Blackwell Max-Q Workstation Edition, 17.78 W, 47 MiB, 0 %
2026/10/09 00:41:22.829, 1, NVIDIA GB300, 409.44 W, 245868 MiB, 100 %
2026/10/09 00:41:23.829, 0, NVIDIA RTX PRO 6000 Blackwell Max-Q Workstation Edition, 18.51 W, 47 MiB, 0 %
2026/10/09 00:41:23.829, 1, NVIDIA GB300, 526.28 W, 245870 MiB, 100 %
2026/10/09 00:41:24.829, 0, NVIDIA RTX PRO 6000 Blackwell Max-Q Workstation Edition, 22.58 W, 47 MiB, 0 %
2026/10/09 00:41:24.829, 1, NVIDIA GB300, 673.77 W, 245870 MiB, 100 %
2026/10/09 00:41:25.829, 0, NVIDIA RTX PRO 6000 Blackwell Max-Q Workstation Edition, 18.60 W, 47 MiB, 0 %
2026/10/09 00:41:25.829, 1, NVIDIA GB300, 636.58 W, 245870 MiB, 59 %
2026/10/09 00:41:26.829, 0, NVIDIA RTX PRO 6000 Blackwell Max-Q Workstation Edition, 18.40 W, 47 MiB, 0 %
2026/10/09 00:41:26.829, 1, NVIDIA GB300, 654.29 W, 245870 MiB, 100 %
2026/10/09 00:41:27.829, 0, NVIDIA RTX PRO 6000 Blackwell Max-Q Workstation Edition, 18.28 W, 47 MiB, 0 %
2026/10/09 00:41:27.829, 1, NVIDIA GB300, 522.70 W, 245870 MiB, 100 %
2026/10/09 00:41:28.829, 0, NVIDIA RTX PRO 6000 Blackwell Max-Q Workstation Edition, 18.10 W, 47 MiB, 0 %
2026/10/09 00:41:28.829, 1, NVIDIA GB300, 496.65 W, 245870 MiB, 100 %
2026/10/09 00:41:29.830, 0, NVIDIA RTX PRO 6000 Blackwell Max-Q Workstation Edition, 18.13 W, 47 MiB, 0 %
2026/10/09 00:41:29.830, 1, NVIDIA GB300, 502.57 W, 245870 MiB, 100 %
2026/10/09 00:41:30.830, 0, NVIDIA RTX PRO 6000 Blackwell Max-Q Workstation Edition, 18.11 W, 47 MiB, 0 %
2026/10/09 00:41:30.830, 1, NVIDIA GB300, 417.55 W, 245870 MiB, 100 %
2026/10/09 00:41:31.830, 0, NVIDIA RTX PRO 6000 Blackwell Max-Q Workstation Edition, 22.32 W, 47 MiB, 0 %
2026/10/09 00:41:31.830, 1, NVIDIA GB300, 412.02 W, 245870 MiB, 100 %
2026/10/09 00:41:32.830, 0, NVIDIA RTX PRO 6000 Blackwell Max-Q Workstation Edition, 18.33 W, 47 MiB, 0 %
2026/10/09 00:41:32.830, 1, NVIDIA GB300, 486.98 W, 245870 MiB, 100 %
2026/10/09 00:41:33.830, 0, NVIDIA RTX PRO 6000 Blackwell Max-Q Workstation Edition, 17.99 W, 47 MiB, 0 %
2026/10/09 00:41:33.830, 1, NVIDIA GB300, 405.69 W, 245870 MiB, 100 %
2026/10/09 00:41:34.830, 0, NVIDIA RTX PRO 6000 Blackwell Max-Q Workstation Edition, 18.08 W, 47 MiB, 0 %
2026/10/09 00:41:34.830, 1, NVIDIA GB300, 401.33 W, 245870 MiB, 100 %
2026/10/09 00:41:35.830, 0, NVIDIA RTX PRO 6000 Blackwell Max-Q Workstation Edition, 18.02 W, 47 MiB, 0 %
2026/10/09 00:41:35.830, 1, NVIDIA GB300, 392.54 W, 245870 MiB, 100 %
2026/10/09 00:41:36.830, 0, NVIDIA RTX PRO 6000 Blackwell Max-Q Workstation Edition, 17.99 W, 47 MiB, 0 %
2026/10/09 00:41:36.830, 1, NVIDIA GB300, 396.23 W, 245870 MiB, 100 %
2026/10/09 00:41:37.831, 0, NVIDIA RTX PRO 6000 Blackwell Max-Q Workstation Edition, 17.88 W, 47 MiB, 0 %
2026/10/09 00:41:37.831, 1, NVIDIA GB300, 473.50 W, 245870 MiB, 100 %
2026/10/09 00:41:38.831, 0, NVIDIA RTX PRO 6000 Blackwell Max-Q Workstation Edition, 20.39 W, 47 MiB, 0 %
2026/10/09 00:41:38.831, 1, NVIDIA GB300, 415.77 W, 245870 MiB, 100 %
2026/10/09 00:41:39.831, 0, NVIDIA RTX PRO 6000 Blackwell Max-Q Workstation Edition, 23.14 W, 47 MiB, 0 %
2026/10/09 00:41:39.831, 1, NVIDIA GB300, 408.02 W, 245870 MiB, 100 %
2026/10/09 00:41:40.831, 0, NVIDIA RTX PRO 6000 Blackwell Max-Q Workstation Edition, 17.92 W, 47 MiB, 0 %
2026/10/09 00:41:40.831, 1, NVIDIA GB300, 405.30 W, 245870 MiB, 100 %
2026/10/09 00:41:41.831, 0, NVIDIA RTX PRO 6000 Blackwell Max-Q Workstation Edition, 17.98 W, 47 MiB, 0 %
2026/10/09 00:41:41.831, 1, NVIDIA GB300, 404.05 W, 245870 MiB, 100 %
2026/10/09 00:41:42.831, 0, NVIDIA RTX PRO 6000 Blackwell Max-Q Workstation Edition, 18.05 W, 47 MiB, 0 %
2026/10/09 00:41:42.831, 1, NVIDIA GB300, 406.93 W, 245870 MiB, 100 %
2026/10/09 00:41:43.831, 0, NVIDIA RTX PRO 6000 Blackwell Max-Q Workstation Edition, 18.04 W, 47 MiB, 0 %
2026/10/09 00:41:43.831, 1, NVIDIA GB300, 402.89 W, 245870 MiB, 100 %
2026/10/09 00:41:44.831, 0, NVIDIA RTX PRO 6000 Blackwell Max-Q Workstation Edition, 18.13 W, 47 MiB, 0 %
2026/10/09 00:41:44.832, 1, NVIDIA GB300, 406.41 W, 245870 MiB, 100 %
2026/10/09 00:41:45.832, 0, NVIDIA RTX PRO 6000 Blackwell Max-Q Workstation Edition, 20.16 W, 47 MiB, 0 %
2026/10/09 00:41:45.832, 1, NVIDIA GB300, 651.57 W, 245870 MiB, 100 %
2026/10/09 00:41:46.832, 0, NVIDIA RTX PRO 6000 Blackwell Max-Q Workstation Edition, 23.28 W, 47 MiB, 0 %
2026/10/09 00:41:46.832, 1, NVIDIA GB300, 664.34 W, 245870 MiB, 100 %
2026/10/09 00:41:47.832, 0, NVIDIA RTX PRO 6000 Blackwell Max-Q Workstation Edition, 19.05 W, 47 MiB, 0 %
2026/10/09 00:41:47.832, 1, NVIDIA GB300, 674.92 W, 245870 MiB, 100 %
2026/10/09 00:41:48.832, 0, NVIDIA RTX PRO 6000 Blackwell Max-Q Workstation Edition, 18.66 W, 47 MiB, 0 %
2026/10/09 00:41:48.832, 1, NVIDIA GB300, 596.91 W, 245872 MiB, 94 %
2026/10/09 00:41:49.832, 0, NVIDIA RTX PRO 6000 Blackwell Max-Q Workstation Edition, 18.63 W, 47 MiB, 0 %
2026/10/09 00:41:49.832, 1, NVIDIA GB300, 398.91 W, 245872 MiB, 100 %
2026/10/09 00:41:50.832, 0, NVIDIA RTX PRO 6000 Blackwell Max-Q Workstation Edition, 18.29 W, 47 MiB, 0 %
2026/10/09 00:41:50.832, 1, NVIDIA GB300, 493.24 W, 245872 MiB, 100 %
2026/10/09 00:41:51.833, 0, NVIDIA RTX PRO 6000 Blackwell Max-Q Workstation Edition, 18.40 W, 47 MiB, 0 %
2026/10/09 00:41:51.833, 1, NVIDIA GB300, 401.62 W, 245872 MiB, 100 %
2026/10/09 00:41:52.833, 0, NVIDIA RTX PRO 6000 Blackwell Max-Q Workstation Edition, 19.84 W, 47 MiB, 0 %
2026/10/09 00:41:52.833, 1, NVIDIA GB300, 403.60 W, 245872 MiB, 100 %
2026/10/09 00:41:53.833, 0, NVIDIA RTX PRO 6000 Blackwell Max-Q Workstation Edition, 22.85 W, 47 MiB, 0 %
2026/10/09 00:41:53.833, 1, NVIDIA GB300, 409.35 W, 245872 MiB, 100 %
2026/10/09 00:41:54.833, 0, NVIDIA RTX PRO 6000 Blackwell Max-Q Workstation Edition, 18.96 W, 47 MiB, 0 %
2026/10/09 00:41:54.833, 1, NVIDIA GB300, 486.83 W, 245872 MiB, 100 %
2026/10/09 00:41:55.833, 0, NVIDIA RTX PRO 6000 Blackwell Max-Q Workstation Edition, 18.44 W, 47 MiB, 0 %
2026/10/09 00:41:55.833, 1, NVIDIA GB300, 413.58 W, 245872 MiB, 100 %
2026/10/09 00:41:56.833, 0, NVIDIA RTX PRO 6000 Blackwell Max-Q Workstation Edition, 17.87 W, 47 MiB, 0 %
2026/10/09 00:41:56.833, 1, NVIDIA GB300, 412.03 W, 245872 MiB, 100 %
2026/10/09 00:41:57.833, 0, NVIDIA RTX PRO 6000 Blackwell Max-Q Workstation Edition, 17.95 W, 47 MiB, 0 %
2026/10/09 00:41:57.833, 1, NVIDIA GB300, 414.31 W, 245872 MiB, 100 %
2026/10/09 00:41:58.833, 0, NVIDIA RTX PRO 6000 Blackwell Max-Q Workstation Edition, 18.13 W, 47 MiB, 0 %
2026/10/09 00:41:58.833, 1, NVIDIA GB300, 412.14 W, 245872 MiB, 100 %
2026/10/09 00:41:59.833, 0, NVIDIA RTX PRO 6000 Blackwell Max-Q Workstation Edition, 19.23 W, 47 MiB, 0 %
2026/10/09 00:41:59.833, 1, NVIDIA GB300, 409.67 W, 245872 MiB, 100 %
2026/10/09 00:42:00.833, 0, NVIDIA RTX PRO 6000 Blackwell Max-Q Workstation Edition, 22.93 W, 47 MiB, 0 %
2026/10/09 00:42:00.834, 1, NVIDIA GB300, 490.21 W, 245872 MiB, 100 %
2026/10/09 00:42:01.834, 0, NVIDIA RTX PRO 6000 Blackwell Max-Q Workstation Edition, 18.48 W, 47 MiB, 0 %
2026/10/09 00:42:01.834, 1, NVIDIA GB300, 397.03 W, 245872 MiB, 100 %
2026/10/09 00:42:02.834, 0, NVIDIA RTX PRO 6000 Blackwell Max-Q Workstation Edition, 18.29 W, 47 MiB, 0 %
2026/10/09 00:42:02.834, 1, NVIDIA GB300, 408.63 W, 245872 MiB, 100 %
2026/10/09 00:42:03.834, 0, NVIDIA RTX PRO 6000 Blackwell Max-Q Workstation Edition, 18.20 W, 47 MiB, 0 %
2026/10/09 00:42:03.834, 1, NVIDIA GB300, 404.57 W, 245872 MiB, 100 %
2026/10/09 00:42:04.834, 0, NVIDIA RTX PRO 6000 Blackwell Max-Q Workstation Edition, 18.10 W, 47 MiB, 0 %
2026/10/09 00:42:04.834, 1, NVIDIA GB300, 408.97 W, 245872 MiB, 100 %
2026/10/09 00:42:05.834, 0, NVIDIA RTX PRO 6000 Blackwell Max-Q Workstation Edition, 18.02 W, 47 MiB, 0 %
2026/10/09 00:42:05.834, 1, NVIDIA GB300, 441.41 W, 245872 MiB, 100 %
2026/10/09 00:42:06.834, 0, NVIDIA RTX PRO 6000 Blackwell Max-Q Workstation Edition, 18.66 W, 47 MiB, 0 %
2026/10/09 00:42:06.834, 1, NVIDIA GB300, 470.85 W, 245872 MiB, 100 %
2026/10/09 00:42:07.834, 0, NVIDIA RTX PRO 6000 Blackwell Max-Q Workstation Edition, 22.67 W, 47 MiB, 0 %
2026/10/09 00:42:07.834, 1, NVIDIA GB300, 416.21 W, 245872 MiB, 100 %
2026/10/09 00:42:08.834, 0, NVIDIA RTX PRO 6000 Blackwell Max-Q Workstation Edition, 18.71 W, 47 MiB, 0 %
2026/10/09 00:42:08.834, 1, NVIDIA GB300, 577.82 W, 245872 MiB, 100 %
2026/10/09 00:42:09.834, 0, NVIDIA RTX PRO 6000 Blackwell Max-Q Workstation Edition, 18.42 W, 47 MiB, 0 %
2026/10/09 00:42:09.834, 1, NVIDIA GB300, 655.60 W, 245872 MiB, 100 %
2026/10/09 00:42:10.834, 0, NVIDIA RTX PRO 6000 Blackwell Max-Q Workstation Edition, 18.29 W, 47 MiB, 0 %
2026/10/09 00:42:10.835, 1, NVIDIA GB300, 619.92 W, 245872 MiB, 100 %
2026/10/09 00:42:11.835, 0, NVIDIA RTX PRO 6000 Blackwell Max-Q Workstation Edition, 18.32 W, 47 MiB, 0 %
2026/10/09 00:42:11.835, 1, NVIDIA GB300, 589.16 W, 245872 MiB, 100 %
2026/10/09 00:42:12.835, 0, NVIDIA RTX PRO 6000 Blackwell Max-Q Workstation Edition, 18.02 W, 47 MiB, 0 %
2026/10/09 00:42:12.835, 1, NVIDIA GB300, 564.68 W, 245872 MiB, 100 %
2026/10/09 00:42:13.835, 0, NVIDIA RTX PRO 6000 Blackwell Max-Q Workstation Edition, 18.14 W, 47 MiB, 0 %
2026/10/09 00:42:13.835, 1, NVIDIA GB300, 431.01 W, 245872 MiB, 100 %
2026/10/09 00:42:14.835, 0, NVIDIA RTX PRO 6000 Blackwell Max-Q Workstation Edition, 22.48 W, 47 MiB, 0 %
2026/10/09 00:42:14.835, 1, NVIDIA GB300, 465.64 W, 245872 MiB, 100 %
2026/10/09 00:42:15.835, 0, NVIDIA RTX PRO 6000 Blackwell Max-Q Workstation Edition, 18.01 W, 47 MiB, 0 %
2026/10/09 00:42:15.835, 1, NVIDIA GB300, 394.99 W, 245872 MiB, 100 %
2026/10/09 00:42:16.835, 0, NVIDIA RTX PRO 6000 Blackwell Max-Q Workstation Edition, 17.78 W, 47 MiB, 0 %
2026/10/09 00:42:16.835, 1, NVIDIA GB300, 390.12 W, 245872 MiB, 100 %
2026/10/09 00:42:17.836, 0, NVIDIA RTX PRO 6000 Blackwell Max-Q Workstation Edition, 17.51 W, 47 MiB, 0 %
2026/10/09 00:42:17.836, 1, NVIDIA GB300, 390.89 W, 245872 MiB, 100 %
2026/10/09 00:42:18.836, 0, NVIDIA RTX PRO 6000 Blackwell Max-Q Workstation Edition, 17.69 W, 47 MiB, 0 %
2026/10/09 00:42:18.836, 1, NVIDIA GB300, 485.63 W, 245872 MiB, 100 %
2026/10/09 00:42:19.836, 0, NVIDIA RTX PRO 6000 Blackwell Max-Q Workstation Edition, 18.00 W, 47 MiB, 0 %
2026/10/09 00:42:19.836, 1, NVIDIA GB300, 394.08 W, 245872 MiB, 100 %
2026/10/09 00:42:20.836, 0, NVIDIA RTX PRO 6000 Blackwell Max-Q Workstation Edition, 17.88 W, 47 MiB, 0 %
2026/10/09 00:42:20.836, 1, NVIDIA GB300, 398.76 W, 245872 MiB, 100 %
2026/10/09 00:42:21.836, 0, NVIDIA RTX PRO 6000 Blackwell Max-Q Workstation Edition, 22.04 W, 47 MiB, 0 %
2026/10/09 00:42:21.836, 1, NVIDIA GB300, 394.61 W, 245872 MiB, 100 %
2026/10/09 00:42:22.836, 0, NVIDIA RTX PRO 6000 Blackwell Max-Q Workstation Edition, 22.26 W, 47 MiB, 0 %
2026/10/09 00:42:22.836, 1, NVIDIA GB300, 398.82 W, 245872 MiB, 100 %
2026/10/09 00:42:23.836, 0, NVIDIA RTX PRO 6000 Blackwell Max-Q Workstation Edition, 18.11 W, 47 MiB, 0 %
2026/10/09 00:42:23.836, 1, NVIDIA GB300, 394.76 W, 245872 MiB, 100 %
2026/10/09 00:42:24.836, 0, NVIDIA RTX PRO 6000 Blackwell Max-Q Workstation Edition, 18.01 W, 47 MiB, 0 %
2026/10/09 00:42:24.836, 1, NVIDIA GB300, 394.13 W, 245872 MiB, 100 %
2026/10/09 00:42:25.836, 0, NVIDIA RTX PRO 6000 Blackwell Max-Q Workstation Edition, 17.80 W, 47 MiB, 0 %
2026/10/09 00:42:25.836, 1, NVIDIA GB300, 494.78 W, 245872 MiB, 100 %
2026/10/09 00:42:26.836, 0, NVIDIA RTX PRO 6000 Blackwell Max-Q Workstation Edition, 17.74 W, 47 MiB, 0 %
2026/10/09 00:42:26.836, 1, NVIDIA GB300, 401.01 W, 245872 MiB, 100 %
2026/10/09 00:42:27.836, 0, NVIDIA RTX PRO 6000 Blackwell Max-Q Workstation Edition, 17.35 W, 47 MiB, 0 %
2026/10/09 00:42:27.836, 1, NVIDIA GB300, 405.52 W, 245872 MiB, 100 %
2026/10/09 00:42:28.837, 0, NVIDIA RTX PRO 6000 Blackwell Max-Q Workstation Edition, 19.55 W, 47 MiB, 0 %
2026/10/09 00:42:28.837, 1, NVIDIA GB300, 400.13 W, 245872 MiB, 100 %
2026/10/09 00:42:29.837, 0, NVIDIA RTX PRO 6000 Blackwell Max-Q Workstation Edition, 22.10 W, 47 MiB, 0 %
2026/10/09 00:42:29.837, 1, NVIDIA GB300, 392.55 W, 245872 MiB, 100 %
2026/10/09 00:42:30.837, 0, NVIDIA RTX PRO 6000 Blackwell Max-Q Workstation Edition, 18.33 W, 47 MiB, 0 %
2026/10/09 00:42:30.837, 1, NVIDIA GB300, 392.52 W, 245872 MiB, 100 %
2026/10/09 00:42:31.837, 0, NVIDIA RTX PRO 6000 Blackwell Max-Q Workstation Edition, 17.68 W, 47 MiB, 0 %
2026/10/09 00:42:31.837, 1, NVIDIA GB300, 461.82 W, 245872 MiB, 100 %
2026/10/09 00:42:32.837, 0, NVIDIA RTX PRO 6000 Blackwell Max-Q Workstation Edition, 17.66 W, 47 MiB, 0 %
2026/10/09 00:42:32.837, 1, NVIDIA GB300, 429.63 W, 245872 MiB, 100 %
2026/10/09 00:42:33.837, 0, NVIDIA RTX PRO 6000 Blackwell Max-Q Workstation Edition, 17.69 W, 47 MiB, 0 %
2026/10/09 00:42:33.837, 1, NVIDIA GB300, 401.03 W, 245872 MiB, 100 %
2026/10/09 00:42:34.837, 0, NVIDIA RTX PRO 6000 Blackwell Max-Q Workstation Edition, 17.54 W, 47 MiB, 0 %
2026/10/09 00:42:34.837, 1, NVIDIA GB300, 399.18 W, 245872 MiB, 100 %
2026/10/09 00:42:35.837, 0, NVIDIA RTX PRO 6000 Blackwell Max-Q Workstation Edition, 19.48 W, 47 MiB, 0 %
2026/10/09 00:42:35.837, 1, NVIDIA GB300, 383.04 W, 245872 MiB, 100 %
2026/10/09 00:42:36.837, 0, NVIDIA RTX PRO 6000 Blackwell Max-Q Workstation Edition, 22.37 W, 47 MiB, 0 %
2026/10/09 00:42:36.837, 1, NVIDIA GB300, 377.50 W, 245872 MiB, 100 %
2026/10/09 00:42:37.837, 0, NVIDIA RTX PRO 6000 Blackwell Max-Q Workstation Edition, 17.81 W, 47 MiB, 0 %
2026/10/09 00:42:37.837, 1, NVIDIA GB300, 380.46 W, 245872 MiB, 100 %
2026/10/09 00:42:38.837, 0, NVIDIA RTX PRO 6000 Blackwell Max-Q Workstation Edition, 17.73 W, 47 MiB, 0 %
2026/10/09 00:42:38.838, 1, NVIDIA GB300, 386.01 W, 245872 MiB, 100 %
2026/10/09 00:42:39.838, 0, NVIDIA RTX PRO 6000 Blackwell Max-Q Workstation Edition, 17.89 W, 47 MiB, 0 %
2026/10/09 00:42:39.838, 1, NVIDIA GB300, 387.19 W, 245872 MiB, 100 %
2026/10/09 00:42:40.838, 0, NVIDIA RTX PRO 6000 Blackwell Max-Q Workstation Edition, 18.02 W, 47 MiB, 0 %
2026/10/09 00:42:40.838, 1, NVIDIA GB300, 387.47 W, 245872 MiB, 100 %
2026/10/09 00:42:41.838, 0, NVIDIA RTX PRO 6000 Blackwell Max-Q Workstation Edition, 18.06 W, 47 MiB, 0 %
2026/10/09 00:42:41.838, 1, NVIDIA GB300, 379.69 W, 245872 MiB, 100 %
2026/10/09 00:42:42.838, 0, NVIDIA RTX PRO 6000 Blackwell Max-Q Workstation Edition, 19.61 W, 47 MiB, 0 %
2026/10/09 00:42:42.838, 1, NVIDIA GB300, 374.46 W, 245872 MiB, 100 %
2026/10/09 00:42:43.838, 0, NVIDIA RTX PRO 6000 Blackwell Max-Q Workstation Edition, 22.92 W, 47 MiB, 0 %
2026/10/09 00:42:43.838, 1, NVIDIA GB300, 358.54 W, 245872 MiB, 100 %
2026/10/09 00:42:44.838, 0, NVIDIA RTX PRO 6000 Blackwell Max-Q Workstation Edition, 18.93 W, 47 MiB, 0 %
2026/10/09 00:42:44.838, 1, NVIDIA GB300, 213.62 W, 245872 MiB, 0 %
2026/10/09 00:42:45.838, 0, NVIDIA RTX PRO 6000 Blackwell Max-Q Workstation Edition, 19.05 W, 47 MiB, 0 %
2026/10/09 00:42:45.838, 1, NVIDIA GB300, 213.05 W, 245872 MiB, 0 %
2026/10/09 00:42:46.838, 0, NVIDIA RTX PRO 6000 Blackwell Max-Q Workstation Edition, 19.08 W, 47 MiB, 0 %
2026/10/09 00:42:46.838, 1, NVIDIA GB300, 212.70 W, 245872 MiB, 0 %
2026/10/09 00:42:47.839, 0, NVIDIA RTX PRO 6000 Blackwell Max-Q Workstation Edition, 19.05 W, 47 MiB, 0 %
2026/10/09 00:42:47.839, 1, NVIDIA GB300, 212.13 W, 245872 MiB, 0 %
2026/10/09 00:42:48.839, 0, NVIDIA RTX PRO 6000 Blackwell Max-Q Workstation Edition, 19.09 W, 47 MiB, 0 %
2026/10/09 00:42:48.839, 1, NVIDIA GB300, 211.83 W, 245872 MiB, 0 %
2026/10/09 00:42:49.839, 0, NVIDIA RTX PRO 6000 Blackwell Max-Q Workstation Edition, 19.86 W, 47 MiB, 0 %
2026/10/09 00:42:49.839, 1, NVIDIA GB300, 211.66 W, 245872 MiB, 0 %
2026/10/09 00:42:50.839, 0, NVIDIA RTX PRO 6000 Blackwell Max-Q Workstation Edition, 23.35 W, 47 MiB, 0 %
2026/10/09 00:42:50.839, 1, NVIDIA GB300, 211.60 W, 245872 MiB, 0 %
2026/10/09 00:42:51.839, 0, NVIDIA RTX PRO 6000 Blackwell Max-Q Workstation Edition, 18.95 W, 47 MiB, 0 %
2026/10/09 00:42:51.839, 1, NVIDIA GB300, 211.51 W, 245872 MiB, 0 %
2026/10/09 00:42:52.839, 0, NVIDIA RTX PRO 6000 Blackwell Max-Q Workstation Edition, 19.13 W, 47 MiB, 0 %
2026/10/09 00:42:52.839, 1, NVIDIA GB300, 211.51 W, 245872 MiB, 0 %
2026/10/09 00:42:53.839, 0, NVIDIA RTX PRO 6000 Blackwell Max-Q Workstation Edition, 18.99 W, 47 MiB, 0 %
2026/10/09 00:42:53.839, 1, NVIDIA GB300, 251.85 W, 245872 MiB, 16 %
2026/10/09 00:42:54.839, 0, NVIDIA RTX PRO 6000 Blackwell Max-Q Workstation Edition, 17.93 W, 47 MiB, 0 %
2026/10/09 00:42:54.839, 1, NVIDIA GB300, 669.77 W, 245872 MiB, 100 %
2026/10/09 00:42:55.839, 0, NVIDIA RTX PRO 6000 Blackwell Max-Q Workstation Edition, 17.46 W, 47 MiB, 0 %
2026/10/09 00:42:55.839, 1, NVIDIA GB300, 408.59 W, 245872 MiB, 100 %
2026/10/09 00:42:56.840, 0, NVIDIA RTX PRO 6000 Blackwell Max-Q Workstation Edition, 18.34 W, 47 MiB, 0 %
2026/10/09 00:42:56.840, 1, NVIDIA GB300, 295.14 W, 245872 MiB, 0 %
2026/10/09 00:42:57.840, 0, NVIDIA RTX PRO 6000 Blackwell Max-Q Workstation Edition, 23.32 W, 47 MiB, 0 %
2026/10/09 00:42:57.840, 1, NVIDIA GB300, 213.05 W, 245872 MiB, 0 %
2026/10/09 00:42:58.840, 0, NVIDIA RTX PRO 6000 Blackwell Max-Q Workstation Edition, 19.51 W, 47 MiB, 0 %
2026/10/09 00:42:58.840, 1, NVIDIA GB300, 213.01 W, 245872 MiB, 0 %
2026/10/09 00:42:59.840, 0, NVIDIA RTX PRO 6000 Blackwell Max-Q Workstation Edition, 19.24 W, 47 MiB, 0 %
2026/10/09 00:42:59.840, 1, NVIDIA GB300, 213.01 W, 245872 MiB, 0 %
2026/10/09 00:43:00.840, 0, NVIDIA RTX PRO 6000 Blackwell Max-Q Workstation Edition, 19.48 W, 47 MiB, 0 %
2026/10/09 00:43:00.840, 1, NVIDIA GB300, 212.51 W, 245872 MiB, 0 %
2026/10/09 00:43:01.840, 0, NVIDIA RTX PRO 6000 Blackwell Max-Q Workstation Edition, 19.48 W, 47 MiB, 0 %
2026/10/09 00:43:01.840, 1, NVIDIA GB300, 212.36 W, 245872 MiB, 0 %
2026/10/09 00:43:02.840, 0, NVIDIA RTX PRO 6000 Blackwell Max-Q Workstation Edition, 19.45 W, 47 MiB, 0 %
2026/10/09 00:43:02.840, 1, NVIDIA GB300, 212.24 W, 245872 MiB, 0 %
2026/10/09 00:43:03.840, 0, NVIDIA RTX PRO 6000 Blackwell Max-Q Workstation Edition, 19.34 W, 47 MiB, 0 %
2026/10/09 00:43:03.840, 1, NVIDIA GB300, 211.96 W, 245872 MiB, 0 %
2026/10/09 00:43:04.840, 0, NVIDIA RTX PRO 6000 Blackwell Max-Q Workstation Edition, 23.50 W, 47 MiB, 0 %
2026/10/09 00:43:04.840, 1, NVIDIA GB300, 211.82 W, 245872 MiB, 0 %
2026/10/09 00:43:05.840, 0, NVIDIA RTX PRO 6000 Blackwell Max-Q Workstation Edition, 23.56 W, 47 MiB, 0 %
2026/10/09 00:43:05.841, 1, NVIDIA GB300, 211.87 W, 245872 MiB, 0 %
2026/10/09 00:43:06.841, 0, NVIDIA RTX PRO 6000 Blackwell Max-Q Workstation Edition, 19.89 W, 47 MiB, 0 %
2026/10/09 00:43:06.841, 1, NVIDIA GB300, 211.63 W, 245872 MiB, 0 %
2026/10/09 00:43:07.841, 0, NVIDIA RTX PRO 6000 Blackwell Max-Q Workstation Edition, 19.39 W, 47 MiB, 0 %
2026/10/09 00:43:07.841, 1, NVIDIA GB300, 211.57 W, 245872 MiB, 0 %
2026/10/09 00:43:08.841, 0, NVIDIA RTX PRO 6000 Blackwell Max-Q Workstation Edition, 19.39 W, 47 MiB, 0 %
2026/10/09 00:43:08.841, 1, NVIDIA GB300, 211.56 W, 245872 MiB, 0 %
2026/10/09 00:43:09.841, 0, NVIDIA RTX PRO 6000 Blackwell Max-Q Workstation Edition, 19.32 W, 47 MiB, 0 %
2026/10/09 00:43:09.841, 1, NVIDIA GB300, 211.55 W, 245872 MiB, 0 %
2026/10/09 00:43:10.841, 0, NVIDIA RTX PRO 6000 Blackwell Max-Q Workstation Edition, 19.08 W, 47 MiB, 0 %
2026/10/09 00:43:10.841, 1, NVIDIA GB300, 211.37 W, 245872 MiB, 0 %
2026/10/09 00:43:11.841, 0, NVIDIA RTX PRO 6000 Blackwell Max-Q Workstation Edition, 20.80 W, 47 MiB, 0 %
2026/10/09 00:43:11.841, 1, NVIDIA GB300, 211.37 W, 245872 MiB, 0 %
2026/10/09 00:43:12.842, 0, NVIDIA RTX PRO 6000 Blackwell Max-Q Workstation Edition, 23.23 W, 47 MiB, 0 %
2026/10/09 00:43:12.842, 1, NVIDIA GB300, 211.25 W, 245872 MiB, 0 %
2026/10/09 00:43:13.842, 0, NVIDIA RTX PRO 6000 Blackwell Max-Q Workstation Edition, 19.49 W, 47 MiB, 0 %
2026/10/09 00:43:13.842, 1, NVIDIA GB300, 211.17 W, 245872 MiB, 0 %
2026/10/09 00:43:14.842, 0, NVIDIA RTX PRO 6000 Blackwell Max-Q Workstation Edition, 18.88 W, 47 MiB, 0 %
2026/10/09 00:43:14.842, 1, NVIDIA GB300, 211.18 W, 245872 MiB, 0 %
2026/10/09 00:43:15.842, 0, NVIDIA RTX PRO 6000 Blackwell Max-Q Workstation Edition, 18.76 W, 47 MiB, 0 %
2026/10/09 00:43:15.842, 1, NVIDIA GB300, 518.11 W, 245872 MiB, 100 %
2026/10/09 00:43:16.842, 0, NVIDIA RTX PRO 6000 Blackwell Max-Q Workstation Edition, 18.31 W, 47 MiB, 0 %
2026/10/09 00:43:16.842, 1, NVIDIA GB300, 694.60 W, 245872 MiB, 100 %
2026/10/09 00:43:17.842, 0, NVIDIA RTX PRO 6000 Blackwell Max-Q Workstation Edition, 18.24 W, 47 MiB, 0 %
2026/10/09 00:43:17.842, 1, NVIDIA GB300, 672.26 W, 245872 MiB, 100 %
2026/10/09 00:43:18.842, 0, NVIDIA RTX PRO 6000 Blackwell Max-Q Workstation Edition, 20.09 W, 47 MiB, 0 %
2026/10/09 00:43:18.843, 1, NVIDIA GB300, 660.90 W, 245872 MiB, 100 %
2026/10/09 00:43:19.843, 0, NVIDIA RTX PRO 6000 Blackwell Max-Q Workstation Edition, 23.00 W, 47 MiB, 0 %
2026/10/09 00:43:19.843, 1, NVIDIA GB300, 676.31 W, 245872 MiB, 100 %
2026/10/09 00:43:20.843, 0, NVIDIA RTX PRO 6000 Blackwell Max-Q Workstation Edition, 18.66 W, 47 MiB, 0 %
2026/10/09 00:43:20.843, 1, NVIDIA GB300, 659.15 W, 245872 MiB, 100 %
2026/10/09 00:43:21.843, 0, NVIDIA RTX PRO 6000 Blackwell Max-Q Workstation Edition, 18.34 W, 47 MiB, 0 %
2026/10/09 00:43:21.843, 1, NVIDIA GB300, 660.58 W, 245872 MiB, 100 %
2026/10/09 00:43:22.843, 0, NVIDIA RTX PRO 6000 Blackwell Max-Q Workstation Edition, 18.39 W, 47 MiB, 0 %
2026/10/09 00:43:22.843, 1, NVIDIA GB300, 681.30 W, 245872 MiB, 100 %
2026/10/09 00:43:23.843, 0, NVIDIA RTX PRO 6000 Blackwell Max-Q Workstation Edition, 18.15 W, 47 MiB, 0 %
2026/10/09 00:43:23.843, 1, NVIDIA GB300, 683.47 W, 245872 MiB, 100 %
2026/10/09 00:43:24.843, 0, NVIDIA RTX PRO 6000 Blackwell Max-Q Workstation Edition, 18.31 W, 47 MiB, 0 %
2026/10/09 00:43:24.843, 1, NVIDIA GB300, 650.54 W, 245872 MiB, 100 %
2026/10/09 00:43:25.843, 0, NVIDIA RTX PRO 6000 Blackwell Max-Q Workstation Edition, 19.89 W, 47 MiB, 0 %
2026/10/09 00:43:25.843, 1, NVIDIA GB300, 451.64 W, 245874 MiB, 100 %
2026/10/09 00:43:26.843, 0, NVIDIA RTX PRO 6000 Blackwell Max-Q Workstation Edition, 22.77 W, 47 MiB, 0 %
2026/10/09 00:43:26.843, 1, NVIDIA GB300, 417.33 W, 245874 MiB, 100 %
2026/10/09 00:43:27.844, 0, NVIDIA RTX PRO 6000 Blackwell Max-Q Workstation Edition, 17.90 W, 47 MiB, 0 %
2026/10/09 00:43:27.844, 1, NVIDIA GB300, 413.64 W, 245874 MiB, 100 %
2026/10/09 00:43:28.844, 0, NVIDIA RTX PRO 6000 Blackwell Max-Q Workstation Edition, 17.78 W, 47 MiB, 0 %
2026/10/09 00:43:28.844, 1, NVIDIA GB300, 417.31 W, 245874 MiB, 100 %
2026/10/09 00:43:29.844, 0, NVIDIA RTX PRO 6000 Blackwell Max-Q Workstation Edition, 17.69 W, 47 MiB, 0 %
2026/10/09 00:43:29.844, 1, NVIDIA GB300, 420.71 W, 245874 MiB, 100 %
2026/10/09 00:43:30.844, 0, NVIDIA RTX PRO 6000 Blackwell Max-Q Workstation Edition, 17.81 W, 47 MiB, 0 %
2026/10/09 00:43:30.844, 1, NVIDIA GB300, 416.42 W, 245874 MiB, 100 %
2026/10/09 00:43:31.844, 0, NVIDIA RTX PRO 6000 Blackwell Max-Q Workstation Edition, 18.05 W, 47 MiB, 0 %
2026/10/09 00:43:31.844, 1, NVIDIA GB300, 419.29 W, 245874 MiB, 100 %
2026/10/09 00:43:32.844, 0, NVIDIA RTX PRO 6000 Blackwell Max-Q Workstation Edition, 18.84 W, 47 MiB, 0 %
2026/10/09 00:43:32.844, 1, NVIDIA GB300, 417.84 W, 245874 MiB, 100 %
2026/10/09 00:43:33.845, 0, NVIDIA RTX PRO 6000 Blackwell Max-Q Workstation Edition, 22.62 W, 47 MiB, 0 %
2026/10/09 00:43:33.845, 1, NVIDIA GB300, 419.89 W, 245874 MiB, 100 %
2026/10/09 00:43:34.845, 0, NVIDIA RTX PRO 6000 Blackwell Max-Q Workstation Edition, 18.23 W, 47 MiB, 0 %
2026/10/09 00:43:34.845, 1, NVIDIA GB300, 420.28 W, 245874 MiB, 100 %
2026/10/09 00:43:35.845, 0, NVIDIA RTX PRO 6000 Blackwell Max-Q Workstation Edition, 17.95 W, 47 MiB, 0 %
2026/10/09 00:43:35.845, 1, NVIDIA GB300, 418.97 W, 245874 MiB, 100 %
2026/10/09 00:43:36.845, 0, NVIDIA RTX PRO 6000 Blackwell Max-Q Workstation Edition, 18.07 W, 47 MiB, 0 %
2026/10/09 00:43:36.845, 1, NVIDIA GB300, 414.61 W, 245874 MiB, 100 %
2026/10/09 00:43:37.845, 0, NVIDIA RTX PRO 6000 Blackwell Max-Q Workstation Edition, 18.02 W, 47 MiB, 0 %
2026/10/09 00:43:37.845, 1, NVIDIA GB300, 419.46 W, 245874 MiB, 100 %
2026/10/09 00:43:38.846, 0, NVIDIA RTX PRO 6000 Blackwell Max-Q Workstation Edition, 18.04 W, 47 MiB, 0 %
2026/10/09 00:43:38.846, 1, NVIDIA GB300, 417.10 W, 245874 MiB, 100 %
2026/10/09 00:43:39.846, 0, NVIDIA RTX PRO 6000 Blackwell Max-Q Workstation Edition, 18.26 W, 47 MiB, 0 %
2026/10/09 00:43:39.846, 1, NVIDIA GB300, 420.93 W, 245874 MiB, 100 %
2026/10/09 00:43:40.846, 0, NVIDIA RTX PRO 6000 Blackwell Max-Q Workstation Edition, 22.77 W, 47 MiB, 0 %
2026/10/09 00:43:40.846, 1, NVIDIA GB300, 419.60 W, 245874 MiB, 100 %
2026/10/09 00:43:41.846, 0, NVIDIA RTX PRO 6000 Blackwell Max-Q Workstation Edition, 18.71 W, 47 MiB, 0 %
2026/10/09 00:43:41.846, 1, NVIDIA GB300, 419.42 W, 245874 MiB, 100 %
2026/10/09 00:43:42.846, 0, NVIDIA RTX PRO 6000 Blackwell Max-Q Workstation Edition, 17.67 W, 47 MiB, 0 %
2026/10/09 00:43:42.846, 1, NVIDIA GB300, 419.49 W, 245874 MiB, 100 %
2026/10/09 00:43:43.846, 0, NVIDIA RTX PRO 6000 Blackwell Max-Q Workstation Edition, 18.03 W, 47 MiB, 0 %
2026/10/09 00:43:43.846, 1, NVIDIA GB300, 421.99 W, 245874 MiB, 100 %
2026/10/09 00:43:44.846, 0, NVIDIA RTX PRO 6000 Blackwell Max-Q Workstation Edition, 18.13 W, 47 MiB, 0 %
2026/10/09 00:43:44.847, 1, NVIDIA GB300, 411.89 W, 245874 MiB, 100 %
2026/10/09 00:43:45.847, 0, NVIDIA RTX PRO 6000 Blackwell Max-Q Workstation Edition, 18.23 W, 47 MiB, 0 %
2026/10/09 00:43:45.847, 1, NVIDIA GB300, 422.64 W, 245874 MiB, 100 %
2026/10/09 00:43:46.847, 0, NVIDIA RTX PRO 6000 Blackwell Max-Q Workstation Edition, 17.93 W, 47 MiB, 0 %
2026/10/09 00:43:46.847, 1, NVIDIA GB300, 420.05 W, 245874 MiB, 100 %
2026/10/09 00:43:47.847, 0, NVIDIA RTX PRO 6000 Blackwell Max-Q Workstation Edition, 22.58 W, 47 MiB, 0 %
2026/10/09 00:43:47.847, 1, NVIDIA GB300, 521.31 W, 245874 MiB, 100 %
2026/10/09 00:43:48.847, 0, NVIDIA RTX PRO 6000 Blackwell Max-Q Workstation Edition, 22.72 W, 47 MiB, 0 %
2026/10/09 00:43:48.847, 1, NVIDIA GB300, 605.15 W, 245874 MiB, 100 %
2026/10/09 00:43:49.847, 0, NVIDIA RTX PRO 6000 Blackwell Max-Q Workstation Edition, 19.15 W, 47 MiB, 0 %
2026/10/09 00:43:49.847, 1, NVIDIA GB300, 605.34 W, 245874 MiB, 95 %
2026/10/09 00:43:50.847, 0, NVIDIA RTX PRO 6000 Blackwell Max-Q Workstation Edition, 18.62 W, 47 MiB, 0 %
2026/10/09 00:43:50.847, 1, NVIDIA GB300, 632.44 W, 245874 MiB, 100 %
2026/10/09 00:43:51.848, 0, NVIDIA RTX PRO 6000 Blackwell Max-Q Workstation Edition, 18.61 W, 47 MiB, 0 %
2026/10/09 00:43:51.848, 1, NVIDIA GB300, 585.39 W, 245874 MiB, 100 %
2026/10/09 00:43:52.848, 0, NVIDIA RTX PRO 6000 Blackwell Max-Q Workstation Edition, 18.43 W, 47 MiB, 0 %
2026/10/09 00:43:52.849, 1, NVIDIA GB300, 656.22 W, 245874 MiB, 100 %
2026/10/09 00:43:53.849, 0, NVIDIA RTX PRO 6000 Blackwell Max-Q Workstation Edition, 18.47 W, 47 MiB, 0 %
2026/10/09 00:43:53.849, 1, NVIDIA GB300, 683.40 W, 245874 MiB, 100 %
2026/10/09 00:43:54.849, 0, NVIDIA RTX PRO 6000 Blackwell Max-Q Workstation Edition, 20.52 W, 47 MiB, 0 %
2026/10/09 00:43:54.849, 1, NVIDIA GB300, 552.44 W, 245874 MiB, 100 %
2026/10/09 00:43:55.849, 0, NVIDIA RTX PRO 6000 Blackwell Max-Q Workstation Edition, 22.81 W, 47 MiB, 0 %
2026/10/09 00:43:55.849, 1, NVIDIA GB300, 637.96 W, 245874 MiB, 100 %
2026/10/09 00:43:56.849, 0, NVIDIA RTX PRO 6000 Blackwell Max-Q Workstation Edition, 18.43 W, 47 MiB, 0 %
2026/10/09 00:43:56.850, 1, NVIDIA GB300, 663.85 W, 245874 MiB, 100 %
2026/10/09 00:43:57.850, 0, NVIDIA RTX PRO 6000 Blackwell Max-Q Workstation Edition, 18.40 W, 47 MiB, 0 %
2026/10/09 00:43:57.853, 1, NVIDIA GB300, 650.88 W, 245874 MiB, 100 %
2026/10/09 00:43:58.854, 0, NVIDIA RTX PRO 6000 Blackwell Max-Q Workstation Edition, 18.65 W, 47 MiB, 0 %
2026/10/09 00:43:58.854, 1, NVIDIA GB300, 518.83 W, 245874 MiB, 100 %
2026/10/09 00:43:59.854, 0, NVIDIA RTX PRO 6000 Blackwell Max-Q Workstation Edition, 18.59 W, 47 MiB, 0 %
2026/10/09 00:43:59.854, 1, NVIDIA GB300, 414.79 W, 245874 MiB, 100 %
2026/10/09 00:44:00.854, 0, NVIDIA RTX PRO 6000 Blackwell Max-Q Workstation Edition, 18.35 W, 47 MiB, 0 %
2026/10/09 00:44:00.854, 1, NVIDIA GB300, 411.77 W, 245874 MiB, 100 %
2026/10/09 00:44:01.854, 0, NVIDIA RTX PRO 6000 Blackwell Max-Q Workstation Edition, 19.89 W, 47 MiB, 0 %
2026/10/09 00:44:01.854, 1, NVIDIA GB300, 416.52 W, 245874 MiB, 100 %
2026/10/09 00:44:02.854, 0, NVIDIA RTX PRO 6000 Blackwell Max-Q Workstation Edition, 22.71 W, 47 MiB, 0 %
2026/10/09 00:44:02.858, 1, NVIDIA GB300, 496.50 W, 245874 MiB, 100 %
2026/10/09 00:44:03.858, 0, NVIDIA RTX PRO 6000 Blackwell Max-Q Workstation Edition, 19.15 W, 47 MiB, 0 %
2026/10/09 00:44:03.858, 1, NVIDIA GB300, 412.10 W, 245874 MiB, 100 %
2026/10/09 00:44:04.858, 0, NVIDIA RTX PRO 6000 Blackwell Max-Q Workstation Edition, 18.35 W, 47 MiB, 0 %
2026/10/09 00:44:04.858, 1, NVIDIA GB300, 414.23 W, 245874 MiB, 100 %
2026/10/09 00:44:05.858, 0, NVIDIA RTX PRO 6000 Blackwell Max-Q Workstation Edition, 18.27 W, 47 MiB, 0 %
2026/10/09 00:44:05.858, 1, NVIDIA GB300, 415.42 W, 245874 MiB, 100 %
2026/10/09 00:44:06.858, 0, NVIDIA RTX PRO 6000 Blackwell Max-Q Workstation Edition, 18.46 W, 47 MiB, 0 %
2026/10/09 00:44:06.858, 1, NVIDIA GB300, 414.62 W, 245874 MiB, 100 %
2026/10/09 00:44:07.859, 0, NVIDIA RTX PRO 6000 Blackwell Max-Q Workstation Edition, 18.64 W, 47 MiB, 0 %
2026/10/09 00:44:07.859, 1, NVIDIA GB300, 485.00 W, 245874 MiB, 100 %
2026/10/09 00:44:08.859, 0, NVIDIA RTX PRO 6000 Blackwell Max-Q Workstation Edition, 19.72 W, 47 MiB, 0 %
2026/10/09 00:44:08.859, 1, NVIDIA GB300, 413.46 W, 245874 MiB, 100 %
2026/10/09 00:44:09.859, 0, NVIDIA RTX PRO 6000 Blackwell Max-Q Workstation Edition, 22.70 W, 47 MiB, 0 %
2026/10/09 00:44:09.859, 1, NVIDIA GB300, 413.20 W, 245874 MiB, 100 %
2026/10/09 00:44:10.859, 0, NVIDIA RTX PRO 6000 Blackwell Max-Q Workstation Edition, 18.50 W, 47 MiB, 0 %
2026/10/09 00:44:10.859, 1, NVIDIA GB300, 489.47 W, 245874 MiB, 100 %
2026/10/09 00:44:11.859, 0, NVIDIA RTX PRO 6000 Blackwell Max-Q Workstation Edition, 18.55 W, 47 MiB, 0 %
2026/10/09 00:44:11.859, 1, NVIDIA GB300, 410.98 W, 245874 MiB, 100 %
2026/10/09 00:44:12.859, 0, NVIDIA RTX PRO 6000 Blackwell Max-Q Workstation Edition, 18.50 W, 47 MiB, 0 %
2026/10/09 00:44:12.859, 1, NVIDIA GB300, 423.61 W, 245874 MiB, 100 %
2026/10/09 00:44:13.859, 0, NVIDIA RTX PRO 6000 Blackwell Max-Q Workstation Edition, 18.54 W, 47 MiB, 0 %
2026/10/09 00:44:13.859, 1, NVIDIA GB300, 414.39 W, 245874 MiB, 100 %
2026/10/09 00:44:14.859, 0, NVIDIA RTX PRO 6000 Blackwell Max-Q Workstation Edition, 18.32 W, 47 MiB, 0 %
2026/10/09 00:44:14.859, 1, NVIDIA GB300, 416.16 W, 245874 MiB, 100 %
2026/10/09 00:44:15.859, 0, NVIDIA RTX PRO 6000 Blackwell Max-Q Workstation Edition, 19.12 W, 47 MiB, 0 %
2026/10/09 00:44:15.860, 1, NVIDIA GB300, 422.00 W, 245874 MiB, 100 %
2026/10/09 00:44:16.860, 0, NVIDIA RTX PRO 6000 Blackwell Max-Q Workstation Edition, 23.03 W, 47 MiB, 0 %
2026/10/09 00:44:16.860, 1, NVIDIA GB300, 411.49 W, 245874 MiB, 100 %
2026/10/09 00:44:17.860, 0, NVIDIA RTX PRO 6000 Blackwell Max-Q Workstation Edition, 18.19 W, 47 MiB, 0 %
2026/10/09 00:44:17.860, 1, NVIDIA GB300, 418.93 W, 245874 MiB, 100 %
2026/10/09 00:44:18.860, 0, NVIDIA RTX PRO 6000 Blackwell Max-Q Workstation Edition, 18.18 W, 47 MiB, 0 %
2026/10/09 00:44:18.860, 1, NVIDIA GB300, 410.93 W, 245874 MiB, 100 %
2026/10/09 00:44:19.860, 0, NVIDIA RTX PRO 6000 Blackwell Max-Q Workstation Edition, 18.19 W, 47 MiB, 0 %
2026/10/09 00:44:19.860, 1, NVIDIA GB300, 410.98 W, 245874 MiB, 100 %
2026/10/09 00:44:20.860, 0, NVIDIA RTX PRO 6000 Blackwell Max-Q Workstation Edition, 18.18 W, 47 MiB, 0 %
2026/10/09 00:44:20.860, 1, NVIDIA GB300, 414.56 W, 245874 MiB, 100 %
2026/10/09 00:44:21.860, 0, NVIDIA RTX PRO 6000 Blackwell Max-Q Workstation Edition, 18.16 W, 47 MiB, 0 %
2026/10/09 00:44:21.860, 1, NVIDIA GB300, 414.64 W, 245874 MiB, 100 %
2026/10/09 00:44:22.861, 0, NVIDIA RTX PRO 6000 Blackwell Max-Q Workstation Edition, 17.99 W, 47 MiB, 0 %
2026/10/09 00:44:22.861, 1, NVIDIA GB300, 413.12 W, 245874 MiB, 100 %
2026/10/09 00:44:23.861, 0, NVIDIA RTX PRO 6000 Blackwell Max-Q Workstation Edition, 22.64 W, 47 MiB, 0 %
2026/10/09 00:44:23.861, 1, NVIDIA GB300, 406.54 W, 245874 MiB, 100 %
2026/10/09 00:44:24.861, 0, NVIDIA RTX PRO 6000 Blackwell Max-Q Workstation Edition, 18.23 W, 47 MiB, 0 %
2026/10/09 00:44:24.861, 1, NVIDIA GB300, 418.22 W, 245874 MiB, 100 %
2026/10/09 00:44:25.861, 0, NVIDIA RTX PRO 6000 Blackwell Max-Q Workstation Edition, 18.16 W, 47 MiB, 0 %
2026/10/09 00:44:25.861, 1, NVIDIA GB300, 504.26 W, 245874 MiB, 100 %
2026/10/09 00:44:26.861, 0, NVIDIA RTX PRO 6000 Blackwell Max-Q Workstation Edition, 18.36 W, 47 MiB, 0 %
2026/10/09 00:44:26.861, 1, NVIDIA GB300, 558.66 W, 245874 MiB, 100 %
2026/10/09 00:44:27.861, 0, NVIDIA RTX PRO 6000 Blackwell Max-Q Workstation Edition, 18.23 W, 47 MiB, 0 %
2026/10/09 00:44:27.861, 1, NVIDIA GB300, 492.36 W, 245874 MiB, 100 %
2026/10/09 00:44:28.861, 0, NVIDIA RTX PRO 6000 Blackwell Max-Q Workstation Edition, 18.31 W, 47 MiB, 0 %
2026/10/09 00:44:28.861, 1, NVIDIA GB300, 552.47 W, 245874 MiB, 100 %
2026/10/09 00:44:29.861, 0, NVIDIA RTX PRO 6000 Blackwell Max-Q Workstation Edition, 18.34 W, 47 MiB, 0 %
2026/10/09 00:44:29.861, 1, NVIDIA GB300, 611.65 W, 245874 MiB, 100 %
2026/10/09 00:44:30.862, 0, NVIDIA RTX PRO 6000 Blackwell Max-Q Workstation Edition, 22.90 W, 47 MiB, 0 %
2026/10/09 00:44:30.862, 1, NVIDIA GB300, 601.07 W, 245874 MiB, 100 %
2026/10/09 00:44:31.862, 0, NVIDIA RTX PRO 6000 Blackwell Max-Q Workstation Edition, 18.52 W, 47 MiB, 0 %
2026/10/09 00:44:31.862, 1, NVIDIA GB300, 628.21 W, 245874 MiB, 100 %
2026/10/09 00:44:32.862, 0, NVIDIA RTX PRO 6000 Blackwell Max-Q Workstation Edition, 18.55 W, 47 MiB, 0 %
2026/10/09 00:44:32.862, 1, NVIDIA GB300, 633.37 W, 245874 MiB, 100 %
2026/10/09 00:44:33.862, 0, NVIDIA RTX PRO 6000 Blackwell Max-Q Workstation Edition, 18.64 W, 47 MiB, 0 %
2026/10/09 00:44:33.862, 1, NVIDIA GB300, 580.99 W, 245874 MiB, 100 %
2026/10/09 00:44:34.862, 0, NVIDIA RTX PRO 6000 Blackwell Max-Q Workstation Edition, 18.95 W, 47 MiB, 0 %
2026/10/09 00:44:34.862, 1, NVIDIA GB300, 640.32 W, 245874 MiB, 100 %
2026/10/09 00:44:35.862, 0, NVIDIA RTX PRO 6000 Blackwell Max-Q Workstation Edition, 18.73 W, 47 MiB, 0 %
2026/10/09 00:44:35.862, 1, NVIDIA GB300, 431.92 W, 245874 MiB, 100 %
2026/10/09 00:44:36.862, 0, NVIDIA RTX PRO 6000 Blackwell Max-Q Workstation Edition, 18.60 W, 47 MiB, 0 %
2026/10/09 00:44:36.862, 1, NVIDIA GB300, 557.30 W, 245874 MiB, 100 %
2026/10/09 00:44:37.862, 0, NVIDIA RTX PRO 6000 Blackwell Max-Q Workstation Edition, 22.92 W, 47 MiB, 0 %
2026/10/09 00:44:37.862, 1, NVIDIA GB300, 437.83 W, 245874 MiB, 100 %
2026/10/09 00:44:38.863, 0, NVIDIA RTX PRO 6000 Blackwell Max-Q Workstation Edition, 23.09 W, 47 MiB, 0 %
2026/10/09 00:44:38.863, 1, NVIDIA GB300, 413.57 W, 245874 MiB, 100 %
2026/10/09 00:44:39.863, 0, NVIDIA RTX PRO 6000 Blackwell Max-Q Workstation Edition, 18.97 W, 47 MiB, 0 %
2026/10/09 00:44:39.863, 1, NVIDIA GB300, 494.40 W, 245874 MiB, 100 %
2026/10/09 00:44:40.863, 0, NVIDIA RTX PRO 6000 Blackwell Max-Q Workstation Edition, 18.44 W, 47 MiB, 0 %
2026/10/09 00:44:40.863, 1, NVIDIA GB300, 517.72 W, 245874 MiB, 100 %
2026/10/09 00:44:41.863, 0, NVIDIA RTX PRO 6000 Blackwell Max-Q Workstation Edition, 18.60 W, 47 MiB, 0 %
2026/10/09 00:44:41.863, 1, NVIDIA GB300, 484.00 W, 245874 MiB, 100 %
2026/10/09 00:44:42.863, 0, NVIDIA RTX PRO 6000 Blackwell Max-Q Workstation Edition, 18.44 W, 47 MiB, 0 %
2026/10/09 00:44:42.863, 1, NVIDIA GB300, 410.73 W, 245874 MiB, 100 %
2026/10/09 00:44:43.863, 0, NVIDIA RTX PRO 6000 Blackwell Max-Q Workstation Edition, 18.10 W, 47 MiB, 0 %
2026/10/09 00:44:43.863, 1, NVIDIA GB300, 406.22 W, 245874 MiB, 100 %
2026/10/09 00:44:44.863, 0, NVIDIA RTX PRO 6000 Blackwell Max-Q Workstation Edition, 20.11 W, 47 MiB, 0 %
2026/10/09 00:44:44.863, 1, NVIDIA GB300, 403.34 W, 245874 MiB, 100 %
2026/10/09 00:44:45.863, 0, NVIDIA RTX PRO 6000 Blackwell Max-Q Workstation Edition, 22.78 W, 47 MiB, 0 %
2026/10/09 00:44:45.864, 1, NVIDIA GB300, 409.73 W, 245874 MiB, 100 %
2026/10/09 00:44:46.864, 0, NVIDIA RTX PRO 6000 Blackwell Max-Q Workstation Edition, 18.82 W, 47 MiB, 0 %
2026/10/09 00:44:46.864, 1, NVIDIA GB300, 490.23 W, 245874 MiB, 100 %
2026/10/09 00:44:47.864, 0, NVIDIA RTX PRO 6000 Blackwell Max-Q Workstation Edition, 18.61 W, 47 MiB, 0 %
2026/10/09 00:44:47.864, 1, NVIDIA GB300, 432.37 W, 245874 MiB, 100 %
2026/10/09 00:44:48.864, 0, NVIDIA RTX PRO 6000 Blackwell Max-Q Workstation Edition, 18.78 W, 47 MiB, 0 %
2026/10/09 00:44:48.864, 1, NVIDIA GB300, 478.37 W, 245874 MiB, 100 %
2026/10/09 00:44:49.864, 0, NVIDIA RTX PRO 6000 Blackwell Max-Q Workstation Edition, 18.72 W, 47 MiB, 0 %
2026/10/09 00:44:49.864, 1, NVIDIA GB300, 410.07 W, 245874 MiB, 100 %
2026/10/09 00:44:50.864, 0, NVIDIA RTX PRO 6000 Blackwell Max-Q Workstation Edition, 18.60 W, 47 MiB, 0 %
2026/10/09 00:44:50.864, 1, NVIDIA GB300, 489.91 W, 245874 MiB, 100 %
2026/10/09 00:44:51.864, 0, NVIDIA RTX PRO 6000 Blackwell Max-Q Workstation Edition, 20.02 W, 47 MiB, 0 %
2026/10/09 00:44:51.864, 1, NVIDIA GB300, 420.10 W, 245874 MiB, 100 %
2026/10/09 00:44:52.864, 0, NVIDIA RTX PRO 6000 Blackwell Max-Q Workstation Edition, 22.82 W, 47 MiB, 0 %
2026/10/09 00:44:52.864, 1, NVIDIA GB300, 413.72 W, 245874 MiB, 100 %
2026/10/09 00:44:53.865, 0, NVIDIA RTX PRO 6000 Blackwell Max-Q Workstation Edition, 18.45 W, 47 MiB, 0 %
2026/10/09 00:44:53.865, 1, NVIDIA GB300, 417.37 W, 245874 MiB, 100 %
2026/10/09 00:44:54.865, 0, NVIDIA RTX PRO 6000 Blackwell Max-Q Workstation Edition, 18.46 W, 47 MiB, 0 %
2026/10/09 00:44:54.865, 1, NVIDIA GB300, 411.85 W, 245874 MiB, 100 %
2026/10/09 00:44:55.865, 0, NVIDIA RTX PRO 6000 Blackwell Max-Q Workstation Edition, 18.03 W, 47 MiB, 0 %
2026/10/09 00:44:55.865, 1, NVIDIA GB300, 497.10 W, 245874 MiB, 100 %
2026/10/09 00:44:56.865, 0, NVIDIA RTX PRO 6000 Blackwell Max-Q Workstation Edition, 18.23 W, 47 MiB, 0 %
2026/10/09 00:44:56.865, 1, NVIDIA GB300, 415.25 W, 245874 MiB, 100 %
2026/10/09 00:44:57.865, 0, NVIDIA RTX PRO 6000 Blackwell Max-Q Workstation Edition, 18.09 W, 47 MiB, 0 %
2026/10/09 00:44:57.865, 1, NVIDIA GB300, 412.72 W, 245874 MiB, 100 %
2026/10/09 00:44:58.865, 0, NVIDIA RTX PRO 6000 Blackwell Max-Q Workstation Edition, 19.20 W, 47 MiB, 0 %
2026/10/09 00:44:58.865, 1, NVIDIA GB300, 408.95 W, 245874 MiB, 100 %
2026/10/09 00:44:59.865, 0, NVIDIA RTX PRO 6000 Blackwell Max-Q Workstation Edition, 22.58 W, 47 MiB, 0 %
2026/10/09 00:44:59.865, 1, NVIDIA GB300, 416.48 W, 245874 MiB, 100 %
2026/10/09 00:45:00.865, 0, NVIDIA RTX PRO 6000 Blackwell Max-Q Workstation Edition, 18.26 W, 47 MiB, 0 %
2026/10/09 00:45:00.865, 1, NVIDIA GB300, 448.97 W, 245874 MiB, 100 %
2026/10/09 00:45:01.866, 0, NVIDIA RTX PRO 6000 Blackwell Max-Q Workstation Edition, 18.34 W, 47 MiB, 0 %
2026/10/09 00:45:01.866, 1, NVIDIA GB300, 590.26 W, 245874 MiB, 100 %
2026/10/09 00:45:02.866, 0, NVIDIA RTX PRO 6000 Blackwell Max-Q Workstation Edition, 18.73 W, 47 MiB, 0 %
2026/10/09 00:45:02.866, 1, NVIDIA GB300, 539.44 W, 245874 MiB, 100 %
2026/10/09 00:45:03.866, 0, NVIDIA RTX PRO 6000 Blackwell Max-Q Workstation Edition, 18.75 W, 47 MiB, 0 %
2026/10/09 00:45:03.866, 1, NVIDIA GB300, 580.29 W, 245874 MiB, 100 %
2026/10/09 00:45:04.866, 0, NVIDIA RTX PRO 6000 Blackwell Max-Q Workstation Edition, 18.73 W, 47 MiB, 0 %
2026/10/09 00:45:04.866, 1, NVIDIA GB300, 573.28 W, 245874 MiB, 100 %
2026/10/09 00:45:05.866, 0, NVIDIA RTX PRO 6000 Blackwell Max-Q Workstation Edition, 19.08 W, 47 MiB, 0 %
2026/10/09 00:45:05.866, 1, NVIDIA GB300, 566.84 W, 245874 MiB, 100 %
2026/10/09 00:45:06.866, 0, NVIDIA RTX PRO 6000 Blackwell Max-Q Workstation Edition, 23.25 W, 47 MiB, 0 %
2026/10/09 00:45:06.866, 1, NVIDIA GB300, 653.53 W, 245874 MiB, 100 %
2026/10/09 00:45:07.866, 0, NVIDIA RTX PRO 6000 Blackwell Max-Q Workstation Edition, 18.97 W, 47 MiB, 0 %
2026/10/09 00:45:07.866, 1, NVIDIA GB300, 665.38 W, 245874 MiB, 100 %
2026/10/09 00:45:08.867, 0, NVIDIA RTX PRO 6000 Blackwell Max-Q Workstation Edition, 18.99 W, 47 MiB, 0 %
2026/10/09 00:45:08.867, 1, NVIDIA GB300, 653.58 W, 245874 MiB, 100 %
2026/10/09 00:45:09.867, 0, NVIDIA RTX PRO 6000 Blackwell Max-Q Workstation Edition, 18.90 W, 47 MiB, 0 %
2026/10/09 00:45:09.867, 1, NVIDIA GB300, 509.49 W, 245874 MiB, 100 %
2026/10/09 00:45:10.867, 0, NVIDIA RTX PRO 6000 Blackwell Max-Q Workstation Edition, 18.77 W, 47 MiB, 0 %
2026/10/09 00:45:10.867, 1, NVIDIA GB300, 493.96 W, 245874 MiB, 100 %
2026/10/09 00:45:11.867, 0, NVIDIA RTX PRO 6000 Blackwell Max-Q Workstation Edition, 18.83 W, 47 MiB, 0 %
2026/10/09 00:45:11.867, 1, NVIDIA GB300, 579.76 W, 245874 MiB, 100 %
2026/10/09 00:45:12.867, 0, NVIDIA RTX PRO 6000 Blackwell Max-Q Workstation Edition, 18.65 W, 47 MiB, 0 %
2026/10/09 00:45:12.867, 1, NVIDIA GB300, 413.96 W, 245874 MiB, 100 %
2026/10/09 00:45:13.867, 0, NVIDIA RTX PRO 6000 Blackwell Max-Q Workstation Edition, 23.75 W, 47 MiB, 0 %
2026/10/09 00:45:13.867, 1, NVIDIA GB300, 554.04 W, 245874 MiB, 100 %
2026/10/09 00:45:14.867, 0, NVIDIA RTX PRO 6000 Blackwell Max-Q Workstation Edition, 19.73 W, 47 MiB, 0 %
2026/10/09 00:45:14.867, 1, NVIDIA GB300, 519.30 W, 245874 MiB, 100 %
2026/10/09 00:45:15.867, 0, NVIDIA RTX PRO 6000 Blackwell Max-Q Workstation Edition, 19.37 W, 47 MiB, 0 %
2026/10/09 00:45:15.868, 1, NVIDIA GB300, 567.86 W, 245874 MiB, 100 %
2026/10/09 00:45:16.868, 0, NVIDIA RTX PRO 6000 Blackwell Max-Q Workstation Edition, 19.13 W, 47 MiB, 0 %
2026/10/09 00:45:16.868, 1, NVIDIA GB300, 420.77 W, 245874 MiB, 100 %
2026/10/09 00:45:17.868, 0, NVIDIA RTX PRO 6000 Blackwell Max-Q Workstation Edition, 18.65 W, 47 MiB, 0 %
2026/10/09 00:45:17.868, 1, NVIDIA GB300, 411.90 W, 245874 MiB, 100 %
2026/10/09 00:45:18.868, 0, NVIDIA RTX PRO 6000 Blackwell Max-Q Workstation Edition, 19.06 W, 47 MiB, 0 %
2026/10/09 00:45:18.868, 1, NVIDIA GB300, 410.92 W, 245874 MiB, 100 %
2026/10/09 00:45:19.868, 0, NVIDIA RTX PRO 6000 Blackwell Max-Q Workstation Edition, 18.90 W, 47 MiB, 0 %
2026/10/09 00:45:19.868, 1, NVIDIA GB300, 410.87 W, 245874 MiB, 100 %
2026/10/09 00:45:20.868, 0, NVIDIA RTX PRO 6000 Blackwell Max-Q Workstation Edition, 23.15 W, 47 MiB, 0 %
2026/10/09 00:45:20.868, 1, NVIDIA GB300, 409.52 W, 245874 MiB, 100 %
2026/10/09 00:45:21.868, 0, NVIDIA RTX PRO 6000 Blackwell Max-Q Workstation Edition, 23.33 W, 47 MiB, 0 %
2026/10/09 00:45:21.868, 1, NVIDIA GB300, 487.59 W, 245874 MiB, 100 %
2026/10/09 00:45:22.868, 0, NVIDIA RTX PRO 6000 Blackwell Max-Q Workstation Edition, 18.82 W, 47 MiB, 0 %
2026/10/09 00:45:22.868, 1, NVIDIA GB300, 473.35 W, 245874 MiB, 100 %
2026/10/09 00:45:23.868, 0, NVIDIA RTX PRO 6000 Blackwell Max-Q Workstation Edition, 18.74 W, 47 MiB, 0 %
2026/10/09 00:45:23.869, 1, NVIDIA GB300, 434.15 W, 245874 MiB, 100 %
2026/10/09 00:45:24.869, 0, NVIDIA RTX PRO 6000 Blackwell Max-Q Workstation Edition, 18.78 W, 47 MiB, 0 %
2026/10/09 00:45:24.869, 1, NVIDIA GB300, 417.22 W, 245874 MiB, 100 %
2026/10/09 00:45:25.869, 0, NVIDIA RTX PRO 6000 Blackwell Max-Q Workstation Edition, 18.82 W, 47 MiB, 0 %
2026/10/09 00:45:25.869, 1, NVIDIA GB300, 486.03 W, 245874 MiB, 100 %
2026/10/09 00:45:26.869, 0, NVIDIA RTX PRO 6000 Blackwell Max-Q Workstation Edition, 18.85 W, 47 MiB, 0 %
2026/10/09 00:45:26.869, 1, NVIDIA GB300, 416.95 W, 245874 MiB, 100 %
2026/10/09 00:45:27.869, 0, NVIDIA RTX PRO 6000 Blackwell Max-Q Workstation Edition, 20.27 W, 47 MiB, 0 %
2026/10/09 00:45:27.869, 1, NVIDIA GB300, 414.45 W, 245874 MiB, 100 %
2026/10/09 00:45:28.869, 0, NVIDIA RTX PRO 6000 Blackwell Max-Q Workstation Edition, 22.99 W, 47 MiB, 0 %
2026/10/09 00:45:28.869, 1, NVIDIA GB300, 413.14 W, 245874 MiB, 100 %
2026/10/09 00:45:29.869, 0, NVIDIA RTX PRO 6000 Blackwell Max-Q Workstation Edition, 18.60 W, 47 MiB, 0 %
2026/10/09 00:45:29.869, 1, NVIDIA GB300, 411.95 W, 245874 MiB, 100 %
2026/10/09 00:45:30.869, 0, NVIDIA RTX PRO 6000 Blackwell Max-Q Workstation Edition, 18.34 W, 47 MiB, 0 %
2026/10/09 00:45:30.869, 1, NVIDIA GB300, 416.46 W, 245874 MiB, 100 %
2026/10/09 00:45:31.869, 0, NVIDIA RTX PRO 6000 Blackwell Max-Q Workstation Edition, 18.42 W, 47 MiB, 0 %
2026/10/09 00:45:31.870, 1, NVIDIA GB300, 414.92 W, 245874 MiB, 100 %
2026/10/09 00:45:32.870, 0, NVIDIA RTX PRO 6000 Blackwell Max-Q Workstation Edition, 18.49 W, 47 MiB, 0 %
2026/10/09 00:45:32.870, 1, NVIDIA GB300, 420.20 W, 245874 MiB, 100 %
2026/10/09 00:45:33.870, 0, NVIDIA RTX PRO 6000 Blackwell Max-Q Workstation Edition, 18.63 W, 47 MiB, 0 %
2026/10/09 00:45:33.870, 1, NVIDIA GB300, 414.23 W, 245874 MiB, 100 %
2026/10/09 00:45:34.870, 0, NVIDIA RTX PRO 6000 Blackwell Max-Q Workstation Edition, 20.14 W, 47 MiB, 0 %
2026/10/09 00:45:34.870, 1, NVIDIA GB300, 491.67 W, 245874 MiB, 100 %
2026/10/09 00:45:35.870, 0, NVIDIA RTX PRO 6000 Blackwell Max-Q Workstation Edition, 23.02 W, 47 MiB, 0 %
2026/10/09 00:45:35.870, 1, NVIDIA GB300, 414.40 W, 245874 MiB, 100 %
2026/10/09 00:45:36.870, 0, NVIDIA RTX PRO 6000 Blackwell Max-Q Workstation Edition, 18.66 W, 47 MiB, 0 %
2026/10/09 00:45:36.870, 1, NVIDIA GB300, 490.55 W, 245874 MiB, 100 %
2026/10/09 00:45:37.870, 0, NVIDIA RTX PRO 6000 Blackwell Max-Q Workstation Edition, 18.72 W, 47 MiB, 0 %
2026/10/09 00:45:37.870, 1, NVIDIA GB300, 487.21 W, 245874 MiB, 100 %
2026/10/09 00:45:38.870, 0, NVIDIA RTX PRO 6000 Blackwell Max-Q Workstation Edition, 18.66 W, 47 MiB, 0 %
2026/10/09 00:45:38.870, 1, NVIDIA GB300, 646.19 W, 245874 MiB, 100 %
2026/10/09 00:45:39.871, 0, NVIDIA RTX PRO 6000 Blackwell Max-Q Workstation Edition, 18.36 W, 47 MiB, 0 %
2026/10/09 00:45:39.871, 1, NVIDIA GB300, 519.67 W, 245874 MiB, 100 %
2026/10/09 00:45:40.871, 0, NVIDIA RTX PRO 6000 Blackwell Max-Q Workstation Edition, 18.41 W, 47 MiB, 0 %
2026/10/09 00:45:40.871, 1, NVIDIA GB300, 538.59 W, 245874 MiB, 100 %
2026/10/09 00:45:41.871, 0, NVIDIA RTX PRO 6000 Blackwell Max-Q Workstation Edition, 19.63 W, 47 MiB, 0 %
2026/10/09 00:45:41.871, 1, NVIDIA GB300, 607.17 W, 245874 MiB, 100 %
2026/10/09 00:45:42.871, 0, NVIDIA RTX PRO 6000 Blackwell Max-Q Workstation Edition, 22.95 W, 47 MiB, 0 %
2026/10/09 00:45:42.871, 1, NVIDIA GB300, 610.10 W, 245874 MiB, 100 %
2026/10/09 00:45:43.871, 0, NVIDIA RTX PRO 6000 Blackwell Max-Q Workstation Edition, 18.81 W, 47 MiB, 0 %
2026/10/09 00:45:43.871, 1, NVIDIA GB300, 670.04 W, 245874 MiB, 100 %
2026/10/09 00:45:44.871, 0, NVIDIA RTX PRO 6000 Blackwell Max-Q Workstation Edition, 18.74 W, 47 MiB, 0 %
2026/10/09 00:45:44.871, 1, NVIDIA GB300, 570.93 W, 245874 MiB, 100 %
2026/10/09 00:45:45.872, 0, NVIDIA RTX PRO 6000 Blackwell Max-Q Workstation Edition, 18.59 W, 47 MiB, 0 %
2026/10/09 00:45:45.872, 1, NVIDIA GB300, 486.91 W, 245874 MiB, 100 %
2026/10/09 00:45:46.872, 0, NVIDIA RTX PRO 6000 Blackwell Max-Q Workstation Edition, 18.25 W, 47 MiB, 0 %
2026/10/09 00:45:46.872, 1, NVIDIA GB300, 429.70 W, 245874 MiB, 100 %
2026/10/09 00:45:47.872, 0, NVIDIA RTX PRO 6000 Blackwell Max-Q Workstation Edition, 18.36 W, 47 MiB, 0 %
2026/10/09 00:45:47.872, 1, NVIDIA GB300, 499.73 W, 245874 MiB, 100 %
2026/10/09 00:45:48.872, 0, NVIDIA RTX PRO 6000 Blackwell Max-Q Workstation Edition, 18.87 W, 47 MiB, 0 %
2026/10/09 00:45:48.872, 1, NVIDIA GB300, 478.26 W, 245874 MiB, 100 %
2026/10/09 00:45:49.872, 0, NVIDIA RTX PRO 6000 Blackwell Max-Q Workstation Edition, 23.33 W, 47 MiB, 0 %
2026/10/09 00:45:49.872, 1, NVIDIA GB300, 508.36 W, 245874 MiB, 100 %
2026/10/09 00:45:50.872, 0, NVIDIA RTX PRO 6000 Blackwell Max-Q Workstation Edition, 18.44 W, 47 MiB, 0 %
2026/10/09 00:45:50.872, 1, NVIDIA GB300, 491.70 W, 245874 MiB, 100 %
2026/10/09 00:45:51.872, 0, NVIDIA RTX PRO 6000 Blackwell Max-Q Workstation Edition, 18.40 W, 47 MiB, 0 %
2026/10/09 00:45:51.872, 1, NVIDIA GB300, 497.09 W, 245874 MiB, 100 %
2026/10/09 00:45:52.872, 0, NVIDIA RTX PRO 6000 Blackwell Max-Q Workstation Edition, 18.40 W, 47 MiB, 0 %
2026/10/09 00:45:52.872, 1, NVIDIA GB300, 489.65 W, 245874 MiB, 100 %
2026/10/09 00:45:53.873, 0, NVIDIA RTX PRO 6000 Blackwell Max-Q Workstation Edition, 18.43 W, 47 MiB, 0 %
2026/10/09 00:45:53.873, 1, NVIDIA GB300, 504.17 W, 245874 MiB, 100 %
2026/10/09 00:45:54.873, 0, NVIDIA RTX PRO 6000 Blackwell Max-Q Workstation Edition, 18.16 W, 47 MiB, 0 %
2026/10/09 00:45:54.873, 1, NVIDIA GB300, 418.36 W, 245874 MiB, 100 %
2026/10/09 00:45:55.873, 0, NVIDIA RTX PRO 6000 Blackwell Max-Q Workstation Edition, 18.39 W, 47 MiB, 0 %
2026/10/09 00:45:55.873, 1, NVIDIA GB300, 419.17 W, 245874 MiB, 100 %
2026/10/09 00:45:56.873, 0, NVIDIA RTX PRO 6000 Blackwell Max-Q Workstation Edition, 23.32 W, 47 MiB, 0 %
2026/10/09 00:45:56.873, 1, NVIDIA GB300, 421.07 W, 245874 MiB, 100 %
2026/10/09 00:45:57.873, 0, NVIDIA RTX PRO 6000 Blackwell Max-Q Workstation Edition, 19.07 W, 47 MiB, 0 %
2026/10/09 00:45:57.873, 1, NVIDIA GB300, 409.57 W, 245874 MiB, 100 %
2026/10/09 00:45:58.873, 0, NVIDIA RTX PRO 6000 Blackwell Max-Q Workstation Edition, 18.72 W, 47 MiB, 0 %
2026/10/09 00:45:58.873, 1, NVIDIA GB300, 573.74 W, 245874 MiB, 100 %
2026/10/09 00:45:59.873, 0, NVIDIA RTX PRO 6000 Blackwell Max-Q Workstation Edition, 18.74 W, 47 MiB, 0 %
2026/10/09 00:45:59.873, 1, NVIDIA GB300, 468.94 W, 245874 MiB, 100 %
2026/10/09 00:46:00.873, 0, NVIDIA RTX PRO 6000 Blackwell Max-Q Workstation Edition, 18.36 W, 47 MiB, 0 %
2026/10/09 00:46:00.873, 1, NVIDIA GB300, 445.65 W, 245874 MiB, 100 %
2026/10/09 00:46:01.873, 0, NVIDIA RTX PRO 6000 Blackwell Max-Q Workstation Edition, 18.52 W, 47 MiB, 0 %
2026/10/09 00:46:01.873, 1, NVIDIA GB300, 420.13 W, 245874 MiB, 100 %
2026/10/09 00:46:02.873, 0, NVIDIA RTX PRO 6000 Blackwell Max-Q Workstation Edition, 18.88 W, 47 MiB, 0 %
2026/10/09 00:46:02.874, 1, NVIDIA GB300, 498.67 W, 245874 MiB, 100 %
2026/10/09 00:46:03.874, 0, NVIDIA RTX PRO 6000 Blackwell Max-Q Workstation Edition, 23.57 W, 47 MiB, 0 %
2026/10/09 00:46:03.874, 1, NVIDIA GB300, 408.28 W, 245874 MiB, 100 %
2026/10/09 00:46:04.874, 0, NVIDIA RTX PRO 6000 Blackwell Max-Q Workstation Edition, 23.73 W, 47 MiB, 0 %
2026/10/09 00:46:04.874, 1, NVIDIA GB300, 412.51 W, 245874 MiB, 100 %
2026/10/09 00:46:05.874, 0, NVIDIA RTX PRO 6000 Blackwell Max-Q Workstation Edition, 18.93 W, 47 MiB, 0 %
2026/10/09 00:46:05.874, 1, NVIDIA GB300, 413.48 W, 245874 MiB, 100 %
2026/10/09 00:46:06.874, 0, NVIDIA RTX PRO 6000 Blackwell Max-Q Workstation Edition, 18.63 W, 47 MiB, 0 %
2026/10/09 00:46:06.874, 1, NVIDIA GB300, 500.08 W, 245874 MiB, 100 %
2026/10/09 00:46:07.874, 0, NVIDIA RTX PRO 6000 Blackwell Max-Q Workstation Edition, 18.56 W, 47 MiB, 0 %
2026/10/09 00:46:07.874, 1, NVIDIA GB300, 416.25 W, 245874 MiB, 100 %
2026/10/09 00:46:08.874, 0, NVIDIA RTX PRO 6000 Blackwell Max-Q Workstation Edition, 18.74 W, 47 MiB, 0 %
2026/10/09 00:46:08.874, 1, NVIDIA GB300, 494.90 W, 245874 MiB, 100 %
2026/10/09 00:46:09.874, 0, NVIDIA RTX PRO 6000 Blackwell Max-Q Workstation Edition, 18.98 W, 47 MiB, 0 %
2026/10/09 00:46:09.874, 1, NVIDIA GB300, 416.89 W, 245874 MiB, 100 %
2026/10/09 00:46:10.874, 0, NVIDIA RTX PRO 6000 Blackwell Max-Q Workstation Edition, 21.00 W, 47 MiB, 0 %
2026/10/09 00:46:10.874, 1, NVIDIA GB300, 426.17 W, 245874 MiB, 100 %
2026/10/09 00:46:11.874, 0, NVIDIA RTX PRO 6000 Blackwell Max-Q Workstation Edition, 23.81 W, 47 MiB, 0 %
2026/10/09 00:46:11.874, 1, NVIDIA GB300, 426.91 W, 245874 MiB, 100 %
2026/10/09 00:46:12.874, 0, NVIDIA RTX PRO 6000 Blackwell Max-Q Workstation Edition, 19.39 W, 47 MiB, 0 %
2026/10/09 00:46:12.874, 1, NVIDIA GB300, 505.79 W, 245874 MiB, 100 %
2026/10/09 00:46:13.875, 0, NVIDIA RTX PRO 6000 Blackwell Max-Q Workstation Edition, 19.19 W, 47 MiB, 0 %
2026/10/09 00:46:13.875, 1, NVIDIA GB300, 432.15 W, 245874 MiB, 100 %
2026/10/09 00:46:14.875, 0, NVIDIA RTX PRO 6000 Blackwell Max-Q Workstation Edition, 18.75 W, 47 MiB, 0 %
2026/10/09 00:46:14.875, 1, NVIDIA GB300, 498.68 W, 245874 MiB, 100 %
2026/10/09 00:46:15.875, 0, NVIDIA RTX PRO 6000 Blackwell Max-Q Workstation Edition, 18.74 W, 47 MiB, 0 %
2026/10/09 00:46:15.875, 1, NVIDIA GB300, 414.66 W, 245874 MiB, 100 %
2026/10/09 00:46:16.875, 0, NVIDIA RTX PRO 6000 Blackwell Max-Q Workstation Edition, 18.45 W, 47 MiB, 0 %
2026/10/09 00:46:16.875, 1, NVIDIA GB300, 408.59 W, 245874 MiB, 100 %
2026/10/09 00:46:17.875, 0, NVIDIA RTX PRO 6000 Blackwell Max-Q Workstation Edition, 20.25 W, 47 MiB, 0 %
2026/10/09 00:46:17.875, 1, NVIDIA GB300, 409.89 W, 245874 MiB, 100 %
2026/10/09 00:46:18.875, 0, NVIDIA RTX PRO 6000 Blackwell Max-Q Workstation Edition, 23.56 W, 47 MiB, 0 %
2026/10/09 00:46:18.875, 1, NVIDIA GB300, 417.91 W, 245874 MiB, 100 %
2026/10/09 00:46:19.875, 0, NVIDIA RTX PRO 6000 Blackwell Max-Q Workstation Edition, 19.27 W, 47 MiB, 0 %
2026/10/09 00:46:19.875, 1, NVIDIA GB300, 415.67 W, 245874 MiB, 100 %
2026/10/09 00:46:20.875, 0, NVIDIA RTX PRO 6000 Blackwell Max-Q Workstation Edition, 18.86 W, 47 MiB, 0 %
2026/10/09 00:46:20.875, 1, NVIDIA GB300, 410.10 W, 245874 MiB, 100 %
2026/10/09 00:46:21.875, 0, NVIDIA RTX PRO 6000 Blackwell Max-Q Workstation Edition, 18.82 W, 47 MiB, 0 %
2026/10/09 00:46:21.875, 1, NVIDIA GB300, 405.19 W, 245874 MiB, 100 %
2026/10/09 00:46:22.875, 0, NVIDIA RTX PRO 6000 Blackwell Max-Q Workstation Edition, 18.72 W, 47 MiB, 0 %
2026/10/09 00:46:22.875, 1, NVIDIA GB300, 406.26 W, 245874 MiB, 100 %
2026/10/09 00:46:23.875, 0, NVIDIA RTX PRO 6000 Blackwell Max-Q Workstation Edition, 18.69 W, 47 MiB, 0 %
2026/10/09 00:46:23.876, 1, NVIDIA GB300, 399.49 W, 245874 MiB, 100 %
2026/10/09 00:46:24.876, 0, NVIDIA RTX PRO 6000 Blackwell Max-Q Workstation Edition, 19.90 W, 47 MiB, 0 %
2026/10/09 00:46:24.876, 1, NVIDIA GB300, 417.58 W, 245874 MiB, 100 %
2026/10/09 00:46:25.876, 0, NVIDIA RTX PRO 6000 Blackwell Max-Q Workstation Edition, 23.56 W, 47 MiB, 0 %
2026/10/09 00:46:25.876, 1, NVIDIA GB300, 432.90 W, 245874 MiB, 100 %
2026/10/09 00:46:26.876, 0, NVIDIA RTX PRO 6000 Blackwell Max-Q Workstation Edition, 18.90 W, 47 MiB, 0 %
2026/10/09 00:46:26.876, 1, NVIDIA GB300, 420.67 W, 245874 MiB, 100 %
2026/10/09 00:46:27.876, 0, NVIDIA RTX PRO 6000 Blackwell Max-Q Workstation Edition, 18.71 W, 47 MiB, 0 %
2026/10/09 00:46:27.876, 1, NVIDIA GB300, 407.54 W, 245874 MiB, 100 %
--- rr-b/prefill/power-<host>.csv: arm B (Grace cold experts, RTX PRO 6000 empty), prefill window
timestamp, index, name, power.draw [W], memory.used [MiB], utilization.gpu [%]
2026/10/09 00:46:28.459, 0, NVIDIA RTX PRO 6000 Blackwell Max-Q Workstation Edition, 18.71 W, 47 MiB, 0 %
2026/10/09 00:46:28.473, 1, NVIDIA GB300, 347.15 W, 245874 MiB, 0 %
2026/10/09 00:46:29.476, 0, NVIDIA RTX PRO 6000 Blackwell Max-Q Workstation Edition, 19.01 W, 47 MiB, 0 %
2026/10/09 00:46:29.476, 1, NVIDIA GB300, 214.76 W, 245874 MiB, 0 %
2026/10/09 00:46:30.476, 0, NVIDIA RTX PRO 6000 Blackwell Max-Q Workstation Edition, 19.61 W, 47 MiB, 0 %
2026/10/09 00:46:30.476, 1, NVIDIA GB300, 213.28 W, 245874 MiB, 0 %
2026/10/09 00:46:31.476, 0, NVIDIA RTX PRO 6000 Blackwell Max-Q Workstation Edition, 19.84 W, 47 MiB, 0 %
2026/10/09 00:46:31.476, 1, NVIDIA GB300, 213.09 W, 245874 MiB, 0 %
2026/10/09 00:46:32.476, 0, NVIDIA RTX PRO 6000 Blackwell Max-Q Workstation Edition, 21.57 W, 47 MiB, 0 %
2026/10/09 00:46:32.476, 1, NVIDIA GB300, 213.09 W, 245874 MiB, 0 %
2026/10/09 00:46:33.477, 0, NVIDIA RTX PRO 6000 Blackwell Max-Q Workstation Edition, 23.96 W, 47 MiB, 0 %
2026/10/09 00:46:33.477, 1, NVIDIA GB300, 213.05 W, 245874 MiB, 0 %
2026/10/09 00:46:34.477, 0, NVIDIA RTX PRO 6000 Blackwell Max-Q Workstation Edition, 19.73 W, 47 MiB, 0 %
2026/10/09 00:46:34.477, 1, NVIDIA GB300, 213.05 W, 245874 MiB, 0 %
2026/10/09 00:46:35.477, 0, NVIDIA RTX PRO 6000 Blackwell Max-Q Workstation Edition, 19.45 W, 47 MiB, 0 %
2026/10/09 00:46:35.477, 1, NVIDIA GB300, 213.05 W, 245874 MiB, 0 %
2026/10/09 00:46:36.477, 0, NVIDIA RTX PRO 6000 Blackwell Max-Q Workstation Edition, 19.48 W, 47 MiB, 0 %
2026/10/09 00:46:36.477, 1, NVIDIA GB300, 213.13 W, 245874 MiB, 0 %
2026/10/09 00:46:37.477, 0, NVIDIA RTX PRO 6000 Blackwell Max-Q Workstation Edition, 19.62 W, 47 MiB, 0 %
2026/10/09 00:46:37.477, 1, NVIDIA GB300, 213.05 W, 245874 MiB, 0 %
2026/10/09 00:46:38.478, 0, NVIDIA RTX PRO 6000 Blackwell Max-Q Workstation Edition, 19.64 W, 47 MiB, 0 %
2026/10/09 00:46:38.478, 1, NVIDIA GB300, 343.67 W, 245874 MiB, 0 %
2026/10/09 00:46:39.478, 0, NVIDIA RTX PRO 6000 Blackwell Max-Q Workstation Edition, 21.23 W, 47 MiB, 0 %
2026/10/09 00:46:39.478, 1, NVIDIA GB300, 213.16 W, 245874 MiB, 0 %
2026/10/09 00:46:40.478, 0, NVIDIA RTX PRO 6000 Blackwell Max-Q Workstation Edition, 24.18 W, 47 MiB, 0 %
2026/10/09 00:46:40.478, 1, NVIDIA GB300, 213.12 W, 245874 MiB, 0 %
2026/10/09 00:46:41.478, 0, NVIDIA RTX PRO 6000 Blackwell Max-Q Workstation Edition, 20.38 W, 47 MiB, 0 %
2026/10/09 00:46:41.478, 1, NVIDIA GB300, 213.05 W, 245874 MiB, 0 %
2026/10/09 00:46:42.478, 0, NVIDIA RTX PRO 6000 Blackwell Max-Q Workstation Edition, 19.83 W, 47 MiB, 0 %
2026/10/09 00:46:42.479, 1, NVIDIA GB300, 213.05 W, 245874 MiB, 0 %
2026/10/09 00:46:43.479, 0, NVIDIA RTX PRO 6000 Blackwell Max-Q Workstation Edition, 19.85 W, 47 MiB, 0 %
2026/10/09 00:46:43.479, 1, NVIDIA GB300, 213.05 W, 245874 MiB, 0 %
2026/10/09 00:46:44.479, 0, NVIDIA RTX PRO 6000 Blackwell Max-Q Workstation Edition, 19.75 W, 47 MiB, 0 %
2026/10/09 00:46:44.479, 1, NVIDIA GB300, 213.05 W, 245874 MiB, 0 %
2026/10/09 00:46:45.479, 0, NVIDIA RTX PRO 6000 Blackwell Max-Q Workstation Edition, 19.76 W, 47 MiB, 0 %
2026/10/09 00:46:45.479, 1, NVIDIA GB300, 213.05 W, 245874 MiB, 0 %
2026/10/09 00:46:46.479, 0, NVIDIA RTX PRO 6000 Blackwell Max-Q Workstation Edition, 20.75 W, 47 MiB, 0 %
2026/10/09 00:46:46.479, 1, NVIDIA GB300, 213.05 W, 245874 MiB, 0 %
2026/10/09 00:46:47.479, 0, NVIDIA RTX PRO 6000 Blackwell Max-Q Workstation Edition, 23.42 W, 47 MiB, 0 %
2026/10/09 00:46:47.480, 1, NVIDIA GB300, 213.05 W, 245874 MiB, 0 %
2026/10/09 00:46:48.480, 0, NVIDIA RTX PRO 6000 Blackwell Max-Q Workstation Edition, 19.27 W, 47 MiB, 0 %
2026/10/09 00:46:48.480, 1, NVIDIA GB300, 479.63 W, 245874 MiB, 100 %
2026/10/09 00:46:49.480, 0, NVIDIA RTX PRO 6000 Blackwell Max-Q Workstation Edition, 18.84 W, 47 MiB, 0 %
2026/10/09 00:46:49.480, 1, NVIDIA GB300, 482.47 W, 245874 MiB, 0 %
2026/10/09 00:46:50.480, 0, NVIDIA RTX PRO 6000 Blackwell Max-Q Workstation Edition, 18.80 W, 47 MiB, 0 %
2026/10/09 00:46:50.480, 1, NVIDIA GB300, 213.88 W, 245874 MiB, 0 %
2026/10/09 00:46:51.480, 0, NVIDIA RTX PRO 6000 Blackwell Max-Q Workstation Edition, 19.43 W, 47 MiB, 0 %
2026/10/09 00:46:51.480, 1, NVIDIA GB300, 213.05 W, 245874 MiB, 0 %
2026/10/09 00:46:52.480, 0, NVIDIA RTX PRO 6000 Blackwell Max-Q Workstation Edition, 19.46 W, 47 MiB, 0 %
2026/10/09 00:46:52.481, 1, NVIDIA GB300, 213.05 W, 245874 MiB, 0 %
2026/10/09 00:46:53.481, 0, NVIDIA RTX PRO 6000 Blackwell Max-Q Workstation Edition, 19.97 W, 47 MiB, 0 %
2026/10/09 00:46:53.481, 1, NVIDIA GB300, 213.05 W, 245874 MiB, 0 %
2026/10/09 00:46:54.481, 0, NVIDIA RTX PRO 6000 Blackwell Max-Q Workstation Edition, 23.36 W, 47 MiB, 0 %
2026/10/09 00:46:54.481, 1, NVIDIA GB300, 213.05 W, 245874 MiB, 0 %
2026/10/09 00:46:55.481, 0, NVIDIA RTX PRO 6000 Blackwell Max-Q Workstation Edition, 19.63 W, 47 MiB, 0 %
2026/10/09 00:46:55.481, 1, NVIDIA GB300, 213.05 W, 245874 MiB, 0 %
2026/10/09 00:46:56.481, 0, NVIDIA RTX PRO 6000 Blackwell Max-Q Workstation Edition, 19.27 W, 47 MiB, 0 %
2026/10/09 00:46:56.481, 1, NVIDIA GB300, 213.05 W, 245874 MiB, 0 %
2026/10/09 00:46:57.481, 0, NVIDIA RTX PRO 6000 Blackwell Max-Q Workstation Edition, 19.29 W, 47 MiB, 0 %
2026/10/09 00:46:57.481, 1, NVIDIA GB300, 212.97 W, 245874 MiB, 0 %
2026/10/09 00:46:58.482, 0, NVIDIA RTX PRO 6000 Blackwell Max-Q Workstation Edition, 19.26 W, 47 MiB, 0 %
2026/10/09 00:46:58.482, 1, NVIDIA GB300, 212.89 W, 245874 MiB, 0 %
2026/10/09 00:46:59.482, 0, NVIDIA RTX PRO 6000 Blackwell Max-Q Workstation Edition, 19.38 W, 47 MiB, 0 %
2026/10/09 00:46:59.482, 1, NVIDIA GB300, 212.93 W, 245874 MiB, 0 %
2026/10/09 00:47:00.482, 0, NVIDIA RTX PRO 6000 Blackwell Max-Q Workstation Edition, 18.90 W, 47 MiB, 0 %
2026/10/09 00:47:00.482, 1, NVIDIA GB300, 687.12 W, 245874 MiB, 100 %
2026/10/09 00:47:01.482, 0, NVIDIA RTX PRO 6000 Blackwell Max-Q Workstation Edition, 22.63 W, 47 MiB, 0 %
2026/10/09 00:47:01.482, 1, NVIDIA GB300, 701.62 W, 246390 MiB, 100 %
2026/10/09 00:47:02.482, 0, NVIDIA RTX PRO 6000 Blackwell Max-Q Workstation Edition, 19.72 W, 47 MiB, 0 %
2026/10/09 00:47:02.482, 1, NVIDIA GB300, 340.10 W, 246390 MiB, 0 %
2026/10/09 00:47:03.483, 0, NVIDIA RTX PRO 6000 Blackwell Max-Q Workstation Edition, 19.40 W, 47 MiB, 0 %
2026/10/09 00:47:03.483, 1, NVIDIA GB300, 213.75 W, 246390 MiB, 0 %
2026/10/09 00:47:04.483, 0, NVIDIA RTX PRO 6000 Blackwell Max-Q Workstation Edition, 19.37 W, 47 MiB, 0 %
2026/10/09 00:47:04.483, 1, NVIDIA GB300, 213.05 W, 246390 MiB, 0 %
2026/10/09 00:47:05.483, 0, NVIDIA RTX PRO 6000 Blackwell Max-Q Workstation Edition, 19.18 W, 47 MiB, 0 %
2026/10/09 00:47:05.483, 1, NVIDIA GB300, 213.05 W, 246390 MiB, 0 %
2026/10/09 00:47:06.483, 0, NVIDIA RTX PRO 6000 Blackwell Max-Q Workstation Edition, 18.95 W, 47 MiB, 0 %
2026/10/09 00:47:06.483, 1, NVIDIA GB300, 213.12 W, 246390 MiB, 0 %
2026/10/09 00:47:07.483, 0, NVIDIA RTX PRO 6000 Blackwell Max-Q Workstation Edition, 18.99 W, 47 MiB, 0 %
2026/10/09 00:47:07.483, 1, NVIDIA GB300, 213.05 W, 246390 MiB, 0 %
2026/10/09 00:47:08.483, 0, NVIDIA RTX PRO 6000 Blackwell Max-Q Workstation Edition, 23.38 W, 47 MiB, 0 %
2026/10/09 00:47:08.483, 1, NVIDIA GB300, 213.05 W, 246390 MiB, 0 %
2026/10/09 00:47:09.484, 0, NVIDIA RTX PRO 6000 Blackwell Max-Q Workstation Edition, 23.52 W, 47 MiB, 0 %
2026/10/09 00:47:09.484, 1, NVIDIA GB300, 213.05 W, 246390 MiB, 0 %
2026/10/09 00:47:10.484, 0, NVIDIA RTX PRO 6000 Blackwell Max-Q Workstation Edition, 19.65 W, 47 MiB, 0 %
2026/10/09 00:47:10.484, 1, NVIDIA GB300, 213.13 W, 246390 MiB, 0 %
2026/10/09 00:47:11.484, 0, NVIDIA RTX PRO 6000 Blackwell Max-Q Workstation Edition, 19.65 W, 47 MiB, 0 %
2026/10/09 00:47:11.484, 1, NVIDIA GB300, 213.01 W, 246390 MiB, 0 %
2026/10/09 00:47:12.484, 0, NVIDIA RTX PRO 6000 Blackwell Max-Q Workstation Edition, 19.56 W, 47 MiB, 0 %
2026/10/09 00:47:12.484, 1, NVIDIA GB300, 212.35 W, 246390 MiB, 0 %
2026/10/09 00:47:13.484, 0, NVIDIA RTX PRO 6000 Blackwell Max-Q Workstation Edition, 19.31 W, 47 MiB, 0 %
2026/10/09 00:47:13.484, 1, NVIDIA GB300, 212.39 W, 246390 MiB, 0 %
2026/10/09 00:47:14.485, 0, NVIDIA RTX PRO 6000 Blackwell Max-Q Workstation Edition, 19.30 W, 47 MiB, 0 %
2026/10/09 00:47:14.485, 1, NVIDIA GB300, 472.84 W, 246390 MiB, 100 %
2026/10/09 00:47:15.485, 0, NVIDIA RTX PRO 6000 Blackwell Max-Q Workstation Edition, 20.94 W, 47 MiB, 0 %
2026/10/09 00:47:15.485, 1, NVIDIA GB300, 724.67 W, 246390 MiB, 100 %
2026/10/09 00:47:16.485, 0, NVIDIA RTX PRO 6000 Blackwell Max-Q Workstation Edition, 23.41 W, 47 MiB, 0 %
2026/10/09 00:47:16.485, 1, NVIDIA GB300, 542.32 W, 246390 MiB, 0 %
2026/10/09 00:47:17.485, 0, NVIDIA RTX PRO 6000 Blackwell Max-Q Workstation Edition, 18.75 W, 47 MiB, 0 %
2026/10/09 00:47:17.485, 1, NVIDIA GB300, 735.39 W, 246390 MiB, 100 %
2026/10/09 00:47:18.485, 0, NVIDIA RTX PRO 6000 Blackwell Max-Q Workstation Edition, 18.69 W, 47 MiB, 0 %
2026/10/09 00:47:18.485, 1, NVIDIA GB300, 725.40 W, 246390 MiB, 100 %
2026/10/09 00:47:19.486, 0, NVIDIA RTX PRO 6000 Blackwell Max-Q Workstation Edition, 18.74 W, 47 MiB, 0 %
2026/10/09 00:47:19.486, 1, NVIDIA GB300, 530.13 W, 246390 MiB, 100 %
2026/10/09 00:47:20.486, 0, NVIDIA RTX PRO 6000 Blackwell Max-Q Workstation Edition, 18.80 W, 47 MiB, 0 %
2026/10/09 00:47:20.486, 1, NVIDIA GB300, 701.54 W, 246390 MiB, 100 %
2026/10/09 00:47:21.486, 0, NVIDIA RTX PRO 6000 Blackwell Max-Q Workstation Edition, 18.69 W, 47 MiB, 0 %
2026/10/09 00:47:21.486, 1, NVIDIA GB300, 546.03 W, 246390 MiB, 20 %
2026/10/09 00:47:22.486, 0, NVIDIA RTX PRO 6000 Blackwell Max-Q Workstation Edition, 20.33 W, 47 MiB, 0 %
2026/10/09 00:47:22.486, 1, NVIDIA GB300, 701.59 W, 246390 MiB, 100 %
2026/10/09 00:47:23.486, 0, NVIDIA RTX PRO 6000 Blackwell Max-Q Workstation Edition, 23.20 W, 47 MiB, 0 %
2026/10/09 00:47:23.486, 1, NVIDIA GB300, 723.29 W, 246390 MiB, 100 %
